멥쌀_쌀눈_생것		곡류	36.8	441	20.3	100	R
멥쌀_쌀눈_찐것		곡류	12.7	152	7	100	R
멥쌀_쌀눈_볶은것		곡류	39	468	21.7	100	R
찹쌀_칼슘쌀_생것		곡류	77.4	361	7.1	100	R
찹쌀밥_칼슘쌀_생것		곡류	36	170	3.4	100	R
밥_옥광_구운것		견과 및 종실류	38.3	175	3.7	100	R
갓_돌산갓_삶은것		채소류	2.9	19	2.2	100	R
갓_돌산갓_찐것		채소류	3.1	20	2.3	100	R
달래_삶은것		채소류	14.1	58	2.2	100	R
더덕_순_생것		채소류	9.6	47	2.2	100	R
더덕_순_데친것		채소류	7.1	35	1.8	100	R
도라지_순_생것		채소류	10.7	51	2.4	100	R
도라지_순_데친것		채소류	8.8	41	2	100	R
무시래기_잎_말린것		채소류	45.4	249	18.5	100	R
무말랭이_뿌리_말린것을 불린것		채소류	11	49	1.8	100	R
미나리_물미나리_찐것		채소류	3.7	19	1.6	100	R
방울다다기양배추_찐것		채소류	8.7	44	4	100	R
배추_알배기_생것		채소류	3	15	1.5	100	R
배추_알배기_삶은것		채소류	3.3	17	1.6	100	R
배추_알배기_찐것		채소류	3.7	18	1.8	100	R
양파_찐것		채소류	7	31	1.1	100	R
양파_자색양파_데친것		채소류	6.2	27	0.9	100	R
배추우거지_생것		채소류	3.7	18	1.4	100	R
배추우거지_삶은것		채소류	3.7	18	1.3	100	R
상추_완전결구상추(양상추)_청상추_찐것		채소류	3.5	15	0.9	100	R
양배추_삶은것		채소류	4.5	19	0.8	100	R
양배추_적양배추_삶은것		채소류	5.5	26	2.2	100	R
양배추_적양배추_찐것		채소류	6.8	32	2.3	100	R
취나물_미역취_삶아서 말린것		채소류	55.5	271	15.2	100	R
취나물_미역취_삶아서 말린것을 삶은것		채소류	7.7	39	2.3	100	R
치커리_적치콘_생것		채소류	2.5	13	1.3	100	R
파_쪽파_삶은것		채소류	7.3	31	1.7	100	R
큰느타리버섯(새송이버섯)_구운것(팬)		버섯류	9.3	28	3.9	100	R
팽이버섯_구운것(팬)		버섯류	9.2	29	3.4	100	R
표고버섯_전체_구운것(팬)		버섯류	7.6	25	3.1	100	R
감_단감+부유_생것		과일류	14.9	56	0.4	100	R
감_단감+서촌조생_생것		과일류	16.6	62	0.4	100	R
감_단감+차랑_생것		과일류	15.2	57	0.4	100	R
감_단감+태추_생것		과일류	13.8	52	0.3	100	R
감_연시+월하시_생것		과일류	20.4	76	0.6	100	R
감_연시+청도반시_생것		과일류	16.6	62	0.4	100	R
감말랭이_갑주백목_말린것		과일류	68.6	255	1.9	100	R
감말랭이_청도반시_말린것		과일류	58.6	217	1.7	100	R
딸기_죽향_생것		과일류	8.4	34	0.9	100	R
딸기_킹스베리_생것		과일류	7.7	31	0.6	100	R
파인애플_찐것		과일류	13.6	51	0.5	100	R
파인애플_구운것(팬)		과일류	16.7	62	0.3	100	R
귤_착즙		과일류	8.9	35	0.6	100	R
오렌지_착즙		과일류	8.2	32	0.6	100	R
자몽(그레이프프루트)_착즙		과일류	8.2	31	0.5	100	R
귀리_겉귀리_도정_생것		곡류	68	388	9.9	100	R
귀리_쌀귀리_도정_생것		곡류	70	371	13.4	100	R
귀리_쌀귀리+대양_도정_생것		곡류	66.1	386	11.5	100	R
귀리_쌀귀리+조양_도정_생것		곡류	67.2	390	10.8	100	R
기장_도정_생것		곡류	74.6	360	11.2	100	R
기장_찰기장_도정_생것		곡류	69.7	371	13.6	100	R
기장_찰기장+이백찰_도정_생것		곡류	69.5	373	13.7	100	R
기장_찰기장+한라찰_도정_생것		곡류	69.8	373	12.8	100	R
기장_찰기장+황실찰_도정_생것		곡류	67.4	368	15.6	100	R
메밀_도정_생것		곡류	67.8	363	13.6	100	R
메밀_도정_분말화한것		곡류	71.4	374	13	100	R
메밀 국수_생것		곡류	61.1	291	7.6	100	R
메밀 국수_말린것		곡류	74.4	372	13.6	100	R
메밀 국수_삶은것		곡류	25.7	124	3.5	100	R
메밀 국수_말린것을 삶은것		곡류	22.6	114	4.3	100	R
메밀 냉면_말린것		곡류	73.7	360	10.7	100	R
메밀 냉면_말린것을 삶은것		곡류	28.7	141	4.2	100	R
메밀묵_생것		곡류	11.8	54	1.1	100	R
메밀묵_분말화한것		곡류	77.4	371	8.3	100	R
멥쌀_배아미_생것		곡류	75.8	343	6.5	100	R
멥쌀_백미_생것		곡류	78.7	366	6.8	100	R
멥쌀_백미_분말화한것		곡류	81.1	378	7.2	100	R
멥쌀_칠분도미_생것		곡류	76.6	348	6.3	100	R
멥쌀_현미_생것		곡류	75.9	357	7.3	100	R
멥쌀_흑미_생것		곡류	75.6	357	7.7	100	R
멥쌀_고아미2호_백미_생것		곡류	74.3	362	8.4	100	R
멥쌀_고아미2호_현미_생것		곡류	71	359	9.2	100	R
멥쌀_농림나1호_칠분도미_생것		곡류	79.2	370	5.6	100	R
멥쌀_농림나1호_현미_생것		곡류	75.3	371	5.8	100	R
멥쌀_밭벼_백미_생것		곡류	74.5	331	9.3	100	R
멥쌀_밭벼_칠분도미_생것		곡류	73.4	359	9.5	100	R
멥쌀_새추청벼_백미_생것		곡류	80.9	366	6.1	100	R
멥쌀_발아현미_현미_생것		곡류	81.2	384	7.2	100	R
멥쌀_수라벼_백미_생것		곡류	76.7	346	5.7	100	R
멥쌀_일미벼_백미_생것		곡류	79.3	372	7.7	100	R
멥쌀_일미벼_현미_생것		곡류	76.2	354	9	100	R
멥쌀_추청벼_백미_생것		곡류	77.6	360	6.4	100	R
멥쌀_추청벼_현미_생것		곡류	76.9	362	6.4	100	R
멥쌀_큰눈벼_백미_생것		곡류	81.4	375	6.3	100	R
멥쌀_큰눈벼_현미_생것		곡류	77.9	371	7.3	100	R
멥쌀_통일벼_백미_생것		곡류	80.3	375	8.3	100	R
멥쌀_통일벼_현미_생것		곡류	77.2	362	8.9	100	R
멥쌀_하이아미_백미_생것		곡류	78.5	367	7.3	100	R
멥쌀_하이아미_현미_생것		곡류	75.7	360	7.4	100	R
멥쌀_향미벼_백미_생것		곡류	79.9	368	7	100	R
멥쌀_흑진주벼_현미_생것		곡류	77.7	369	7.9	100	R
멥쌀_히토메보레_백미_생것		곡류	80	364	6.5	100	R
멥쌀_골든퀸3호_백미_생것		곡류	77.2	354	6.1	100	R
멥쌀_골든퀸3호_현미_생것		곡류	77.3	357	6.2	100	R
멥쌀_호품벼_백미_생것		곡류	77.2	354	5.9	100	R
멥쌀_호품벼_현미_생것		곡류	73.9	343	6.3	100	R
멥쌀_금강1호_백미_생것		곡류	79.5	369	6.7	100	R
멥쌀_금강1호_현미_생것		곡류	77.1	365	7.1	100	R
멥쌀_남찬_백미_생것		곡류	78.1	366	6.8	100	R
멥쌀_남찬_현미_생것		곡류	75.3	355	7.2	100	R
멥쌀_도담쌀_백미_생것		곡류	76.9	360	7	100	R
멥쌀_도담쌀_현미_생것		곡류	74.2	356	7.7	100	R
멥쌀_미품_백미_생것		곡류	76.9	361	7.8	100	R
멥쌀_미품_현미_생것		곡류	73.3	348	8.4	100	R
멥쌀_보람찬_백미_생것		곡류	78.4	370	7.2	100	R
멥쌀_보람찬_현미_생것		곡류	75.7	355	7.4	100	R
멥쌀_삼광_백미_생것		곡류	79.7	367	6.3	100	R
멥쌀_삼광_현미_생것		곡류	77	358	6.9	100	R
멥쌀_새일미_백미_생것		곡류	78.6	366	6.9	100	R
멥쌀_새일미_현미_생것		곡류	76	357	7.6	100	R
멥쌀_설갱_백미_생것		곡류	78.1	363	6.7	100	R
멥쌀_설갱_현미_생것		곡류	75.4	356	7.5	100	R
멥쌀_신동진_백미_생것		곡류	78	361	6.1	100	R
멥쌀_신동진_현미_생것		곡류	75.2	350	6.7	100	R
멥쌀_알찬미_백미_생것		곡류	80.4	374	6	100	R
멥쌀_알찬미_현미_생것		곡류	78.1	365	6.9	100	R
멥쌀_영호진미_백미_생것		곡류	79.9	371	5.7	100	R
멥쌀_영호진미_현미_생것		곡류	78.1	363	6.2	100	R
멥쌀_예찬_백미_생것		곡류	78.8	363	6.6	100	R
멥쌀_예찬_현미_생것		곡류	75.2	356	7.2	100	R
멥쌀_오대_백미_생것		곡류	79.5	371	7.4	100	R
멥쌀_오대_현미_생것		곡류	76.5	363	8.1	100	R
멥쌀_운광_백미_생것		곡류	79.1	365	6.2	100	R
멥쌀_운광_현미_생것		곡류	75.9	355	6.5	100	R
멥쌀_일품_백미_생것		곡류	78.5	367	7.1	100	R
멥쌀_일품_현미_생것		곡류	76.4	357	7	100	R
멥쌀_친들_백미_생것		곡류	79.1	364	6.4	100	R
멥쌀_친들_현미_생것		곡류	75.8	353	7	100	R
멥쌀_팔방미_백미_생것		곡류	77.3	366	8.3	100	R
멥쌀_팔방미_현미_생것		곡류	73.7	358	9.1	100	R
멥쌀_한가루_백미_생것		곡류	80	373	7.1	100	R
멥쌀_한가루_현미_생것		곡류	76.4	361	7.9	100	R
멥쌀_한아름4호_백미_생것		곡류	79.3	369	7.1	100	R
멥쌀_한아름4호_현미_생것		곡류	77.2	363	7.6	100	R
멥쌀_해담쌀_백미_생것		곡류	80.2	371	6.7	100	R
멥쌀_해담쌀_현미_생것		곡류	77.6	366	7.4	100	R
멥쌀_해들_백미_생것		곡류	77.4	365	7.3	100	R
멥쌀_해들_현미_생것		곡류	75	356	8.1	100	R
멥쌀_해품_백미_생것		곡류	77.3	362	8.2	100	R
멥쌀_해품_현미_생것		곡류	73.5	349	8.7	100	R
멥쌀_흑진미_현미_생것		곡류	75.8	357	7.8	100	R
멥쌀_적진주_현미_생것		곡류	76	360	7.5	100	R
멥쌀 국수_말린것		곡류	72.6	340	9.1	100	R
멥쌀밥_쪄서 말린것		곡류	83.7	373	5.2	100	R
멥쌀밥_백미		곡류	31.7	146	2.6	100	R
멥쌀밥_칠분도미		곡류	36.7	160	2.6	100	R
멥쌀밥_현미		곡류	35.3	166	3.5	100	R
멥쌀밥_누룽지		곡류	86.8	393	6.8	100	R
멥쌀밥_농림나1호_백미		곡류	48.5	213	2.2	100	R
멥쌀밥_농림나1호_현미		곡류	46.1	201	2.8	100	R
멥쌀밥_밭벼_백미		곡류	36.1	157	3.5	100	R
멥쌀밥_밭벼_현미		곡류	34.3	156	4.1	100	R
멥쌀밥_새추청벼_백미		곡류	33.8	153	2.5	100	R
멥쌀밥_수라벼_백미		곡류	35.7	159	2.4	100	R
멥쌀밥_일품벼_백미		곡류	34.6	156	2.6	100	R
멥쌀밥_추청벼_백미		곡류	33.7	151	2.4	100	R
멥쌀밥_흑진미_현미		곡류	36.8	174	4	100	R
멥쌀밥_삼광_백미		곡류	31.7	146	2.5	100	R
멥쌀밥_삼광_현미		곡류	34.8	165	3.5	100	R
멥쌀밥_새일미_백미		곡류	30.7	142	2.7	100	R
멥쌀밥_농림나1호_칠분도미		곡류	46.2	205	2.5	100	R
멥쌀밥_새일미_현미		곡류	36.7	172	3.4	100	R
멥쌀밥_신동진_백미		곡류	32.2	147	2.5	100	R
멥쌀밥_신동진_현미		곡류	34.6	160	3.1	100	R
멥쌀밥_오대_백미		곡류	32.3	151	2.9	100	R
멥쌀밥_밭벼_칠분도미		곡류	35.7	155	3.6	100	R
멥쌀밥_오대_현미		곡류	35.3	166	3.8	100	R
밀_도정_생것		곡류	75.8	333	10.6	100	R
밀_통밀_생것		곡류	74.6	342	13.2	100	R
밀_강력밀가루_분말화한것		곡류	72.9	334	13.6	100	R
밀_금강밀_도정_생것		곡류	71.7	329	13.1	100	R
밀_박력밀가루_분말화한것		곡류	77.7	374	9.2	100	R
밀_신미찰밀_도정_생것		곡류	74.2	334	11.3	100	R
밀_중력밀가루_분말화한것		곡류	76.6	375	10.3	100	R
밀_통밀가루_분말화한것		곡류	73.8	347	13.7	100	R
밀_흑밀_도정_생것		곡류	72.5	328	12.9	100	R
밀_카무트_수입산(미국산)_분말화한것		곡류	71.2	334	13.7	100	R
국수_생것		곡류	60.1	291	7.2	100	R
국수_말린것		곡류	74.4	368	10.4	100	R
국수_말린것을 삶은것		곡류	24.7	123	3.5	100	R
국수_소면_말린것		곡류	74.9	370	10.4	100	R
국수_소면_말린것을 삶은것		곡류	25.4	126	3.5	100	R
국수_우동_생것		곡류	30.5	152	3.1	100	R
국수_우동_삶은것		곡류	27.3	131	2.9	100	R
국수_중국국수_생것		곡류	55.7	249	8.6	100	R
국수_중국국수_삶은것		곡류	29.2	133	4.9	100	R
국수_중면_말린것		곡류	73.9	366	10.4	100	R
국수_중면_말린것을 삶은것		곡류	24	120	3.5	100	R
국수_쫄면_말린것		곡류	71.3	348	9.2	100	R
국수_칼국수_생것		곡류	63	303	7.2	100	R
국수_칼국수_반정도 말린것		곡류	57.5	281	6.4	100	R
국수_칼국수_삶은것		곡류	29	140	3.5	100	R
파스타_마카로니_말린것		곡류	77.1	380	12.2	100	R
파스타_마카로니_말린것을 삶은것		곡류	25.8	126	3.8	100	R
파스타_스파게티_말린것		곡류	76.6	365	11.8	100	R
파스타_스파게티_말린것을 삶은것		곡류	26.9	129	3.8	100	R
보리_분말화한것		곡류	76.5	357	11.2	100	R
보리_볶은것		곡류	74.1	360	12.7	100	R
보리_껍질 포함_분말화한것		곡류	76.1	364	10.9	100	R
보리_겉보리_도정_생것		곡류	76.9	349	8.8	100	R
보리_겉보리_조곡_생것		곡류	72.8	347	11	100	R
보리_겉보리_압맥		곡류	75.4	343	8.7	100	R
보리_겉보리_할맥		곡류	77.7	354	9.3	100	R
보리_두산8호_도정_생것		곡류	78	352	10	100	R
보리_미숫가루_분말화한것		곡류	76.7	412	14.4	100	R
보리_서둔찰보리_도정_생것		곡류	78.5	354	9.7	100	R
보리_쌀보리_도정_생것		곡류	75	341	8.7	100	R
보리_엿기름_말린것		곡류	71.7	358	14.7	100	R
보리_찰보리_도정_생것		곡류	72.3	346	11.9	100	R
보리_찰보리_할맥		곡류	82	362	8.5	100	R
보리_늘보리_도정_생것		곡류	75.1	346	9.8	100	R
보리_누리찰_도정_생것		곡류	74.8	340	8.9	100	R
보리_호강_도정_생것		곡류	75.9	341	7.8	100	R
보리_큰알보리1호_도정_생것		곡류	76.4	345	8.1	100	R
보리_큰알보리1호_조곡_생것		곡류	72.8	345	10.4	100	R
보리_흑수청찰_도정_생것		곡류	77.4	352	9.4	100	R
보리_흑수청찰_조곡_생것		곡류	72.8	349	11.6	100	R
보리밥_쌀보리		곡류	31.7	144	3.6	100	R
보리밥_누리찰		곡류	31	142	3.8	100	R
보리밥_호강		곡류	32.5	146	3.4	100	R
보리밥_겉보리		곡류	31.8	144	3.5	100	R
보리밥_큰알보리1호		곡류	30.6	138	3.2	100	R
보리밥_흑수청찰		곡류	33	150	3.9	100	R
수수_도정_생것		곡류	73.6	374	11.7	100	R
수수_통수수_생것		곡류	76.5	360	10.5	100	R
수수_찰수수_도정_생것		곡류	72.5	368	10.9	100	R
수수_찰수수+남풍찰_도정_생것		곡류	74	378	11	100	R
수수_찰수수+소담찰_도정_생것		곡류	73.2	376	12.7	100	R
옥수수_분말화한것		곡류	83.3	364	7.3	100	R
옥수수_단옥수수_생것		곡류	23.4	118	4	100	R
옥수수_단옥수수_삶은것		곡류	23.5	118	4	100	R
옥수수_단옥수수_찐것		곡류	29.1	135	4.2	100	R
옥수수_메옥수수_생것		곡류	36.3	178	5.3	100	R
옥수수_메옥수수_말린것		곡류	74.1	358	9.9	100	R
옥수수_메옥수수_삶은것		곡류	34.9	173	5.1	100	R
옥수수_메옥수수_구운것		곡류	78.3	372	8.9	100	R
옥수수_찰옥수수_생것		곡류	29	141	4.8	100	R
옥수수_찰옥수수_말린것		곡류	74.7	371	11.5	100	R
옥수수_찰옥수수_삶은것		곡류	27.4	136	4.7	100	R
옥수수_찰옥수수_찐것		곡류	25.4	132	6.6	100	R
옥수수_강다옥_말린것		곡류	73.7	361	9.8	100	R
옥수수_광평옥_말린것		곡류	72.5	358	9.7	100	R
옥수수_다안옥_말린것		곡류	72.5	356	10.2	100	R
옥수수_다평옥_말린것		곡류	75.3	359	9	100	R
옥수수_신광옥_말린것		곡류	74.8	354	9.8	100	R
옥수수_신황옥_말린것		곡류	74.1	357	10.2	100	R
옥수수_안다옥_말린것		곡류	74.3	356	10.2	100	R
옥수수_양안옥_말린것		곡류	75	358	9.6	100	R
옥수수_장다옥_말린것		곡류	73.4	357	11	100	R
옥수수_창다옥_말린것		곡류	76	360	8.9	100	R
옥수수_청안옥_말린것		곡류	75.3	360	9.1	100	R
옥수수_평강옥_말린것		곡류	75.3	359	9.4	100	R
옥수수_평안옥_말린것		곡류	71.2	358	11.8	100	R
옥수수_황다옥_말린것		곡류	74.3	358	10.3	100	R
옥수수_고당옥_생것		곡류	21.6	108	3.9	100	R
옥수수_고당옥_삶은것		곡류	22.6	112	3.9	100	R
옥수수_고당옥1호_생것		곡류	21.8	108	3.9	100	R
옥수수_고당옥1호_삶은것		곡류	21.2	108	4.1	100	R
옥수수_단옥3호_생것		곡류	26.7	137	4.3	100	R
옥수수_단옥3호_삶은것		곡류	26.7	134	3.9	100	R
옥수수_대학_생것		곡류	34	164	4.8	100	R
옥수수_대학_삶은것		곡류	28.9	140	4.2	100	R
옥수수_일미찰_생것		곡류	25.2	126	5.1	100	R
옥수수_일미찰_삶은것		곡류	25.7	129	5.1	100	R
옥수수_찰옥4호_생것		곡류	34	162	4.6	100	R
옥수수_찰옥4호_삶은것		곡류	31.6	156	4.7	100	R
옥수수_항금맛찰_생것		곡류	22.7	114	4.6	100	R
옥수수_항금맛찰_삶은것		곡류	23.5	118	4.8	100	R
옥수수묵		곡류	12.6	55	1.1	100	R
옥수수 샐러드_콘샐러드		곡류	22.4	104	3.2	100	R
율무_도정_생것		곡류	70.5	377	15.4	100	R
조_메조_도정_생것		곡류	71.7	373	11.5	100	R
조_메조_도정_찐것		곡류	22.7	115	3.1	100	R
조_차조_도정_생것		곡류	71.7	370	10.9	100	R
조_메조+다황메_도정_생것		곡류	72.3	374	11.1	100	R
조_메조+단아메_도정_생것		곡류	69.2	372	13.4	100	R
조_메조+삼다메_도정_생것		곡류	72.6	372	10.8	100	R
조_메조+조황메_도정_생것		곡류	71.7	373	11.3	100	R
조_차조+경관1호_도정_생것		곡류	73.5	376	10.7	100	R
조_차조+경관2호_도정_생것		곡류	70	375	12.8	100	R
조_차조+삼다찰_도정_생것		곡류	70.4	369	12.1	100	R
조_차조+황미찰_도정_생것		곡류	74.5	371	9.3	100	R
찹쌀_백미_생것		곡류	78.2	363	6.6	100	R
찹쌀_백미_분말화한것		곡류	80.6	377	7.6	100	R
찹쌀_현미_생것		곡류	75.5	356	7.3	100	R
찹쌀_흑미_생것		곡류	75.7	362	7.8	100	R
찹쌀_화선찰벼_백미_생것		곡류	75.2	375	9.5	100	R
찹쌀_동진찰벼_백미_생것		곡류	78.1	363	6.6	100	R
찹쌀_동진찰벼_현미_생것		곡류	76.2	357	7.1	100	R
찹쌀_백옥찰_백미_생것		곡류	78.2	365	6.8	100	R
찹쌀_백옥찰_현미_생것		곡류	75.7	358	7.5	100	R
찹쌀_백진주_백미_생것		곡류	77.7	359	6.6	100	R
찹쌀_백진주_현미_생것		곡류	75.8	358	7.4	100	R
찹쌀_보람찰_백미_생것		곡류	78.7	365	6.5	100	R
찹쌀_보람찰_현미_생것		곡류	74.4	350	7.1	100	R
찹쌀_눈큰흑찰1호_흑미_생것		곡류	75.1	360	8.2	100	R
찹쌀_조생흑찰_흑미_생것		곡류	76.2	363	7.5	100	R
찹쌀 국수_흑미찰국수_말린것		곡류	74.6	334	8.1	100	R
피_IEC525(NO.5)_도정_생것		곡류	73.9	376	8.5	100	R
호밀_분말화한것		곡류	75.8	324	8.5	100	R
호밀_통호밀_생것		곡류	70.7	334	15.9	100	R
퀴노아_쪄서 말린것		곡류	72.6	363	9.6	100	R
잡곡_현미+찹쌀+현미찹쌀+보리 등_생것		곡류	73.4	358	9.8	100	R
아마란스_노란색_말린것		곡류	67.3	383	17.1	100	R
아마란스_빨간색_말린것		곡류	67.6	381	16.5	100	R
귀리밥_도정		곡류	36.5	218	6.5	100	R
귀리밥_쌀귀리+대양_도정		곡류	36.1	215	6.7	100	R
귀리밥_쌀귀리+조양_도정		곡류	37	221	6.3	100	R
찹쌀밥_보람찰_현미		곡류	38.4	181	3.5	100	R
찹쌀밥_보람찰_백미		곡류	33.9	155	2.6	100	R
멥쌀 국수_말린것을 삶은것		곡류	28.4	132	2.6	100	R
율무밥_도정		곡류	30.3	172	7.1	100	R
감자_대지_생것		감자 및 전분류	15.1	67	2	100	R
감자_대지_삶은것		감자 및 전분류	17.4	77	2.1	100	R
감자_대지_찐것		감자 및 전분류	18.2	80	2.1	100	R
감자_대지_구운것		감자 및 전분류	20.5	90	2.4	100	R
감자_수미_생것		감자 및 전분류	16.1	70	1.9	100	R
감자_수미_삶은것		감자 및 전분류	17.4	76	2	100	R
감자_수미_찐것		감자 및 전분류	17.3	75	1.9	100	R
감자_수미_구운것		감자 및 전분류	19.4	85	2.3	100	R
감자_ 자색_ 생것		감자 및 전분류	18.5	82	2.8	100	R
감자_ 자색_ 찐것		감자 및 전분류	19.5	85	2.3	100	R
감자_자심_생것		감자 및 전분류	14.7	64	1.8	100	R
감자_보라밸리_생것		감자 및 전분류	13.8	60	1.4	100	R
감자_보라밸리_삶은것		감자 및 전분류	16	69	1.4	100	R
감자_로즈밸리_생것		감자 및 전분류	15.2	68	2.2	100	R
감자_로즈밸리_삶은것		감자 및 전분류	17.9	79	2.3	100	R
으깬감자		감자 및 전분류	17.6	83	1.9	100	R
고구마_생것		감자 및 전분류	35.5	147	1.1	100	R
고구마_말린것		감자 및 전분류	75.7	312	2.3	100	R
고구마_찐것		감자 및 전분류	39.4	163	1.1	100	R
고구마_구운것		감자 및 전분류	45.5	188	1.1	100	R
고구마_신율미_껍질제거_생것		감자 및 전분류	38.8	164	1	100	R
고구마_신자미_생것		감자 및 전분류	25.5	107	1.3	100	R
고구마_연황미_생것		감자 및 전분류	30.7	127	1.1	100	R
고구마_주황미_생것		감자 및 전분류	25.1	105	1	100	R
고구마_ 진홍미_ 생것		감자 및 전분류	33.8	140	1.2	100	R
고구마_분질(밤) 고구마_생것		감자 및 전분류	37.2	154	1	100	R
고구마_분질(밤) 고구마_찐것		감자 및 전분류	40.9	169	1.1	100	R
고구마_분질(밤) 고구마_구운것		감자 및 전분류	45.9	189	1	100	R
고구마_점질(호박) 고구마_생것		감자 및 전분류	33.8	141	1.2	100	R
고구마_점질(호박) 고구마_찐것		감자 및 전분류	37.9	157	1.1	100	R
고구마_점질(호박) 고구마_구운것		감자 및 전분류	45	186	1.2	100	R
고구마_베니하루까_껍질제거_생것		감자 및 전분류	34.9	147	1	100	R
당면_고구마_말린것		감자 및 전분류	88.8	358	0.1	100	R
당면_고구마_삶은것		감자 및 전분류	30.4	123	0	100	R
당면_고구마+감자_말린것		감자 및 전분류	86.6	346	0	100	R
곤약(구약나물)_분말화한것		감자 및 전분류	85.3	194	3	100	R
곤약(구약나물)_판형_생것		감자 및 전분류	3.1	6	0.1	100	R
돼지감자_생것		감자 및 전분류	14.9	35	2.2	100	R
돼지감자_말린것		감자 및 전분류	74.3	172	10.4	100	R
돼지감자_삶은것		감자 및 전분류	17.2	39	2.2	100	R
마_단마_생것		감자 및 전분류	14.1	63	1.8	100	R
마_장마_생것		감자 및 전분류	9.6	45	1.6	100	R
마_장마_삶은것		감자 및 전분류	10.5	49	1.5	100	R
마_둥근마_생것		감자 및 전분류	33.2	152	3.6	100	R
아피오스감자_생것		감자 및 전분류	38.2	175	6.1	100	R
전분_감자_분말화한것		감자 및 전분류	82.7	334	0.1	100	R
전분_고구마_분말화한것		감자 및 전분류	85.8	346	0	100	R
전분_밀_분말화한것		감자 및 전분류	86	360	0.2	100	R
전분_쌀_분말화한것		감자 및 전분류	89.3	375	0.2	100	R
전분_옥수수_분말화한것		감자 및 전분류	89.6	366	0.2	100	R
전분_옥수수+밀_분말화한것		감자 및 전분류	93.8	379	0.3	100	R
전분_칡뿌리_분말화한것		감자 및 전분류	85.6	356	0.2	100	R
천마_생것		감자 및 전분류	18.5	77	0.9	100	R
천마_찐것		감자 및 전분류	19.3	81	1.1	100	R
칡뿌리_생것		감자 및 전분류	32	137	2.5	100	R
토란_생것		감자 및 전분류	15.8	71	2.1	100	R
토란_삶은것		감자 및 전분류	16.3	73	2.2	100	R
토란_찐것		감자 및 전분류	16.8	76	2.4	100	R
야콘_뿌리_생것		감자 및 전분류	12.4	52	0.6	100	R
야콘_뿌리_삶은것		감자 및 전분류	9.9	42	0.6	100	R
칡즙		감자 및 전분류	4.9	21	0.4	100	R
히카마(얌빈)_생것		감자 및 전분류	10.4	44	0.7	100	R
히카마(얌빈)_삶은것		감자 및 전분류	10.7	45	0.4	100	R
고구마말랭이_말린것		감자 및 전분류	65.6	277	3.6	100	R
곤약(구약나물)_국수형_데친것		감자 및 전분류	3.6	7	0	100	R
곤약(구약나물)_국수형_생것		감자 및 전분류	3.2	7	0.1	100	R
꿀		당류	84.8	313	0.3	100	R
꿀_밤		당류	85	314	0.5	100	R
꿀_아카시아		당류	83.5	308	0.1	100	R
꿀_잡화		당류	86.1	318	0.3	100	R
꿀_토종		당류	84.7	313	0.4	100	R
당밀_가공당		당류	68.2	274	0.2	100	R
설탕_분말화한것		당류	99.8	389	0	100	R
설탕_각설탕		당류	100	394	0	100	R
설탕_백설탕		당류	100	387	0	100	R
설탕_빙설탕		당류	99.8	394	0.1	100	R
설탕_황설탕		당류	99.8	386	0	100	R
설탕_흑설탕		당류	97.9	379	0.1	100	R
포도당		당류	91	342	0	100	R
강낭콩_생것		두류	32.4	172	8.8	100	R
강낭콩_말린것		두류	63.9	350	21.2	100	R
강낭콩_삶은것		두류	31.9	170	8.5	100	R
녹두_말린것		두류	60.1	352	24.5	100	R
녹두_삶은것		두류	26.7	158	11.3	100	R
녹두 국수_말린것		두류	87.5	344	0.2	100	R
녹두묵		두류	9.8	40	0.1	100	R
동부_생것		두류	29.3	166	9.5	100	R
동부_말린것		두류	60.6	343	19.6	100	R
동부_삶은것		두류	24.5	138	8.1	100	R
동부_수입산(미얀마산)_말린것		두류	59.4	345	22.1	100	R
동부_수입산(미얀마산)_삶은것		두류	26.3	155	10	100	R
라이마빈스_말린것		두류	60.8	306	21.9	100	R
라이마빈스_삶은것		두류	26	122	9.6	100	R
완두_생것		두류	19.5	114	7.9	100	R
완두_말린것		두류	67.1	363	20.7	100	R
완두_삶은것		두류	20.8	122	7.3	100	R
작두(도두)_생것		두류	21.5	125	9	100	R
작두(도두)_말린것		두류	57.4	344	26.3	100	R
잠두_생것		두류	58.3	341	26.1	100	R
잠두_삶은것		두류	19.6	110	7.6	100	R
쥐눈이콩(검정소립콩)_말린것		두류	30.6	403	37.3	100	R
쥐눈이콩(검정소립콩)_삶은것		두류	12.7	184	18	100	R
쥐눈이콩(검정소립콩)_볶은것		두류	31.7	447	42.3	100	R
콩(대두)_갈색콩(밤콩)_말린것		두류	30.6	410	35	100	R
콩(대두)_노란콩_말린것		두류	33	409	36.2	100	R
콩(대두)_노란콩_삶은것		두류	12	201	17.8	100	R
콩(대두)_노란콩_볶은것		두류	33.6	444	40.5	100	R
콩(대두)_노란콩_가루를 볶은것		두류	30.8	430	38.5	100	R
콩(대두)_대풍_말린것		두류	36.9	405	34.4	100	R
콩(대두)_대풍_볶은것		두류	37.3	460	35.8	100	R
콩(대두)_수입산(미국산)_말린것		두류	39.6	432	33.9	100	R
콩(대두)_서리태_말린것		두류	30.4	413	38.7	100	R
콩(대두)_서리태_삶은것		두류	11.4	196	19	100	R
콩(대두)_서리태_볶은것		두류	31.3	436	41.7	100	R
콩(대두)_수입산(중국산)_말린것		두류	39.2	433	32.7	100	R
콩(대두)_청자3호_말린것		두류	37.8	399	34.6	100	R
콩(대두)_청자3호_볶은것		두류	36.7	452	37.4	100	R
콩(대두)_흑태_말린것		두류	32.5	407	36.1	100	R
콩(대두)_흑태_삶은것		두류	12.4	199	17.9	100	R
콩(대두)_흑태_볶은것		두류	33.3	446	41	100	R
팥_검정팥_말린것		두류	58.7	330	20.6	100	R
팥_검정팥_삶은것		두류	27.1	156	9.5	100	R
팥_붉은팥_말린것		두류	58.6	335	21.8	100	R
팥_붉은팥_삶은것		두류	19.4	113	7.9	100	R
팥_팥+황백_말린것		두류	59.9	343	22.4	100	R
팥_검정팥+검구슬_말린것		두류	60.3	336	20.6	100	R
팥_붉은팥+서나_말린것		두류	60.6	341	21.1	100	R
팥_붉은팥+아라리_말린것		두류	59.5	338	21.6	100	R
팥_녹색팥+연두채_말린것		두류	59.5	341	22.6	100	R
팥_팥+황백+흰구슬_말린것		두류	61.4	348	21.6	100	R
팥_팥+황백+흰나래_말린것		두류	58.3	337	23.2	100	R
렌즈콩(렌틸콩)_수입산(인도산)_빨간색_말린것		두류	63.6	359	22.2	100	R
렌즈콩(렌틸콩)_수입산(인도산)_갈색_말린것		두류	65.4	359	21	100	R
병아리콩_수입산(인도산)_말린것		두류	63.1	373	17.3	100	R
강낭콩_말린것을 삶은것		두류	29.4	169	10.3	100	R
렌즈콩(렌틸콩)_수입산(인도산)_빨간색_말린것을 삶은 것		두류	25.4	150	9.8	100	R
병아리콩_수입산(인도산)_말린것을 삶은 것		두류	29.2	183	9.2	100	R
완두_말린것을 삶은것		두류	27.1	174	13	100	R
개암(헤이즐넛)_말린것		견과 및 종실류	16.7	628	14.9	100	R
개암(헤이즐넛)_볶은것		견과 및 종실류	17.6	646	15	100	R
도토리_생것		견과 및 종실류	46.7	230	4.4	100	R
도토리_분말화한것		견과 및 종실류	83.7	354	1.1	100	R
도토리_졸참도토리_분말화한것		견과 및 종실류	79.2	342	4.6	100	R
도토리_종가시도토리_분말화한것		견과 및 종실류	79.5	348	3.3	100	R
도토리 국수_말린것		견과 및 종실류	72.2	343	12.4	100	R
도토리묵		견과 및 종실류	11.2	47	0.3	100	R
도토리묵_분말화한것		견과 및 종실류	87.1	366	1.7	100	R
들깨_말린것		견과 및 종실류	29.3	530	22.7	100	R
들깨_볶은것		견과 및 종실류	35.5	530	23.6	100	R
땅콩_말린것		견과 및 종실류	18.4	520	25.7	100	R
땅콩_분말화한것		견과 및 종실류	24.6	560	28.4	100	R
땅콩_볶은것		견과 및 종실류	19.9	567	28.5	100	R
땅콩_삶은것에 소금을 가한것		견과 및 종실류	21.3	318	13.5	100	R
땅콩_검정땅콩_말린것		견과 및 종실류	26.5	574	19.3	100	R
땅콩_대립종_말린것		견과 및 종실류	17.1	571	26.1	100	R
땅콩_소립종_말린것		견과 및 종실류	24.2	564	22.4	100	R
땅콩_중립종_말린것		견과 및 종실류	29.1	549	20.3	100	R
때죽_말린것		견과 및 종실류	31.8	551	13.6	100	R
마름_생것		견과 및 종실류	40.6	183	5.8	100	R
머루씨_생것		견과 및 종실류	54	282	6.3	100	R
밤_생것		견과 및 종실류	33.5	153	3.2	100	R
밤_말린것		견과 및 종실류	79.9	370	6.9	100	R
밤_삶은것		견과 및 종실류	34	155	3.2	100	R
밤_구운것		견과 및 종실류	41.1	188	4.1	100	R
밤_대보_생것		견과 및 종실류	34.9	161	3.3	100	R
밤_대보_삶은것		견과 및 종실류	35.3	162	3.1	100	R
밤_대보_구운것		견과 및 종실류	39.8	183	3.8	100	R
밤_옥광_생것		견과 및 종실류	32.1	147	2.9	100	R
밤_옥광_삶은것		견과 및 종실류	32.6	149	3.1	100	R
브라질너트_말린것		견과 및 종실류	11.7	659	14.3	100	R
삼씨(대마씨)_말린것		견과 및 종실류	31.7	450	29.9	100	R
수박씨_말린것		견과 및 종실류	47.2	451	19.3	100	R
아몬드_말린것		견과 및 종실류	20.1	581	23.4	100	R
아몬드_볶은것		견과 및 종실류	20.5	594	23.4	100	R
연씨_미숙_생것		견과 및 종실류	14.9	81	5.9	100	R
은행_생것		견과 및 종실류	42.8	203	4.7	100	R
은행_삶은것		견과 및 종실류	38.2	186	4.3	100	R
은행_볶은것		견과 및 종실류	45.8	221	5	100	R
잣_생것		견과 및 종실류	12.5	658	16.6	100	R
잣_볶은것		견과 및 종실류	11.5	669	18.9	100	R
참깨_검정깨_말린것		견과 및 종실류	26.4	549	20.9	100	R
참깨_검정깨_볶은것		견과 및 종실류	27.4	539	21.3	100	R
참깨_흰깨_말린것		견과 및 종실류	21.8	556	25.4	100	R
참깨_흰깨_볶은것		견과 및 종실류	21.8	557	26	100	R
코코넛_말린것		견과 및 종실류	23.6	660	6.9	100	R
코코넛_볶은것		견과 및 종실류	44.4	592	5.3	100	R
피스타치오넛_말린것		견과 및 종실류	27.2	560	20.2	100	R
피스타치오넛_볶은것		견과 및 종실류	20.8	584	26	100	R
피칸_말린것		견과 및 종실류	13.9	691	9.2	100	R
해바라기씨_말린것		견과 및 종실류	18.6	589	21.9	100	R
해바라기씨_볶은것		견과 및 종실류	24.1	582	19.3	100	R
호두_말린것		견과 및 종실류	7.9	688	15.5	100	R
호두_볶은것		견과 및 종실류	11.7	713	14.6	100	R
호박씨_말린것		견과 및 종실류	5.3	548	35.4	100	R
아마씨_볶은것		견과 및 종실류	30.4	540	21.8	100	R
치아씨_씨앗_말린것		견과 및 종실류	42.1	486	16.5	100	R
목화씨_구운것		견과 및 종실류	21.9	506	32.6	100	R
가시오가피_순_생것		채소류	15.9	76	5.7	100	R
가시오가피_순_데친것		채소류	12	63	5.2	100	R
가지_생것		채소류	4.4	19	1.1	100	R
가지_말린것		채소류	65.6	290	14.5	100	R
가지_소금에 절인것		채소류	5.2	22	1.4	100	R
가지_데친것		채소류	4.4	19	1	100	R
갓_생것		채소류	7.3	36	3.5	100	R
갓_돌산갓_생것		채소류	3.7	22	2.5	100	R
갯기름나물_생것		채소류	9.7	47	3.7	100	R
갯기름나물_데친것		채소류	9.4	49	3.9	100	R
갯기름나물_노지_생것		채소류	7.9	41	3.9	100	R
갯기름나물_노지_데친것		채소류	8.6	44	3.6	100	R
갯기름나물_노지_어린잎_생것		채소류	10.9	53	4.2	100	R
갯기름나물_노지_어린잎_데친것		채소류	10.2	53	4.1	100	R
갯기름나물_하우스_생것		채소류	10.8	50	3.1	100	R
갯기름나물_하우스_데친것		채소류	10.2	52	3.4	100	R
갯기름나물_하우스_어린잎_생것		채소류	9.1	44	3.6	100	R
갯기름나물_하우스_어린잎_데친것		채소류	8.6	47	4.3	100	R
게걸무_뿌리_생것		채소류	13.6	59	2.3	100	R
게걸무_잎_생것		채소류	4.2	23	2.7	100	R
겨자_적겨자_생것		채소류	3.6	24	3.5	100	R
겨자_청겨자_생것		채소류	4.2	24	3	100	R
고들빼기_생것		채소류	5.8	29	1.6	100	R
고들빼기_이고들빼기_생것		채소류	8.2	39	2.5	100	R
고려엉겅퀴(곤드레)_재배_말린것		채소류	76.4	310	5.6	100	R
고려엉겅퀴(곤드레)_재래종_잎_생것		채소류	3.3	32	3.5	100	R
고비_야생_생것		채소류	6.4	28	1.7	100	R
고비_야생_삶아서 말린것		채소류	67.5	299	17.9	100	R
고비_야생_삶은것		채소류	5.4	25	1.6	100	R
고비_야생_말린것을 삶은것		채소류	6.8	31	1.7	100	R
고비_재배_생것		채소류	6.2	28	2.1	100	R
고사리_생것		채소류	3.8	22	2.9	100	R
고사리_말린것		채소류	54.2	261	25.8	100	R
고사리_삶아서 말린것		채소류	56.6	273	27.9	100	R
고사리_데친것		채소류	3.5	21	2.7	100	R
고수(향채)_생것		채소류	5.6	33	4.6	100	R
고추_싹_생것		채소류	3.8	21	2.6	100	R
고추_풋고추_생것		채소류	6.4	29	1.7	100	R
고추_빨간색_생것		채소류	15.3	85	3.1	100	R
고추_빨간색_말린것		채소류	57.5	312	13.9	100	R
고추_꽈리고추_생것		채소류	7.8	33	1.8	100	R
고추_녹광_빨간색_생것		채소류	6.9	41	2.3	100	R
고추_녹광_초록색_생것		채소류	4.6	27	1.4	100	R
고추_수비초_빨간색_생것		채소류	14.8	77	3.7	100	R
고추_시레나_연두색_생것		채소류	4.4	19	1	100	R
고추_시레나_초록색_생것		채소류	5.4	23	1.1	100	R
고추_오이고추_생것		채소류	5.5	23	1	100	R
고추_재래종_풋고추_생것		채소류	6	26	1.2	100	R
고추_청양고추_생것		채소류	7	31	1.5	100	R
고춧잎_잎_생것		채소류	8.5	45	5.1	100	R
고춧잎_잎_말린것		채소류	37.8	266	35.4	100	R
고춧잎_잎_데친것		채소류	8.9	51	5.2	100	R
고춧잎_잎_삶아서 말린것을 삶은것		채소류	6.7	41	4.4	100	R
고추냉이_뿌리_생것		채소류	23.7	103	2.9	100	R
곤달비_생것		채소류	5.5	32	2.8	100	R
곤달비_데친것		채소류	5	29	2.7	100	R
곰취_생것		채소류	5.9	32	2.6	100	R
곰취_데친것		채소류	5.8	32	2.8	100	R
곰취_야생_말린것		채소류	71.1	307	5.1	100	R
곰취_재배_말린것		채소류	69.2	306	8	100	R
공심채_생것		채소류	3.1	17	2.2	100	R
공심채_데친것		채소류	4.1	18	2.2	100	R
꾸지뽕_잎_생것		채소류	19.2	85	5.1	100	R
꾸지뽕_잎_말린것		채소류	63.3	282	18.2	100	R
꾸지뽕_잎_삶은것		채소류	13.2	61	3.9	100	R
국화꽃_생것		채소류	6.5	25	1.4	100	R
국화꽃_말린것		채소류	73.5	283	11.6	100	R
국화꽃_데친것		채소류	5.7	21	1	100	R
근대_생것		채소류	3.3	18	1.8	100	R
근대_데친것		채소류	4	20	1.8	100	R
꽃양배추(콜리플라워)_생것		채소류	4.8	27	2.2	100	R
꽃양배추(콜리플라워)_데친것		채소류	4.6	26	2.4	100	R
꿀풀(하고초)_생것		채소류	11.9	48	1.6	100	R
꿀풀(하고초)_말린것		채소류	71.6	309	8.2	100	R
날개콩_미숙_생것		채소류	6.5	36	1.9	100	R
냉이_생것		채소류	6.7	37	3.8	100	R
냉이_데친것		채소류	7.3	40	4.2	100	R
누리장나무잎_생것		채소류	12.7	65	4.5	100	R
는쟁이냉이_생것		채소류	5.4	28	2.5	100	R
달래_생것		채소류	13.4	56	2.4	100	R
당귀_일당귀_잎_생것		채소류	8.8	43	3.2	100	R
당귀_참당귀_잎_생것		채소류	7.4	39	2.6	100	R
당근_뿌리_생것		채소류	7	31	1	100	R
당근_뿌리_데친것		채소류	7	31	1	100	R
더덕_뿌리_생것		채소류	21.5	89	1.9	100	R
더덕_뿌리_분말화한것		채소류	78.4	339	11.2	100	R
도라지_뿌리_생것		채소류	13.1	56	1.7	100	R
도라지_뿌리_말린것		채소류	74.6	324	10.7	100	R
도라지_뿌리_분말화한것		채소류	76.6	339	12.5	100	R
도라지_뿌리_데친것		채소류	11.3	49	1.5	100	R
돌나물_생것		채소류	3.2	15	1.2	100	R
동아_생것		채소류	3.8	15	0.5	100	R
동아_데친것		채소류	3.7	15	0.6	100	R
두릅_땅두릅_생것		채소류	4.8	25	2.4	100	R
두릅_땅두릅_데친것		채소류	4.6	24	2.3	100	R
두릅_땅두릅_잎_생것		채소류	8.5	43	4.3	100	R
두릅_땅두릅_잎_데친것		채소류	10.8	61	6.3	100	R
두릅_땅두릅_줄기_생것		채소류	3.1	17	1.6	100	R
두릅_땅두릅_줄기_데친것		채소류	3.3	16	1.5	100	R
두릅_참두릅_생것		채소류	5.9	33	4.1	100	R
두릅_참두릅_데친것		채소류	5.8	32	3.5	100	R
두릅_참두릅_잎_생것		채소류	7.3	46	6.7	100	R
두릅_참두릅_잎_데친것		채소류	6.4	41	5.5	100	R
두릅_참두릅_줄기_생것		채소류	6.1	33	3.6	100	R
두릅_참두릅_줄기_데친것		채소류	5.2	28	2.8	100	R
둥굴레_잎_생것		채소류	11.7	52	3.4	100	R
둥굴레_잎_말린것		채소류	67.7	289	16.5	100	R
리크_생것		채소류	13.2	54	1.8	100	R
리크_데친것		채소류	6.8	28	1.3	100	R
마늘_구근_생것		채소류	26.4	128	7.5	100	R
마늘_구근_말린것		채소류	73.3	333	16.3	100	R
마늘_구근_동결건조한것		채소류	73.7	330	15.3	100	R
마늘_구근_데친것		채소류	27.7	135	8	100	R
마늘_구근_구운것		채소류	34.6	169	10	100	R
마늘_난지형_구근_생것		채소류	26.6	128	7	100	R
마늘_난지형_구근_얼린것		채소류	27.3	131	7.4	100	R
마늘_난지형_구근_데친것		채소류	28.6	138	7.8	100	R
마늘_난지형_구근_구운것		채소류	30.4	147	8.3	100	R
마늘_수입산(중국산)_구근_생것		채소류	22.8	120	7	100	R
마늘_수입산(중국산)_구근_데친것		채소류	24.3	127	6.7	100	R
마늘_한지형_구근_생것		채소류	26.2	129	7.9	100	R
마늘_한지형_구근_데친것		채소류	26.8	132	8.2	100	R
마늘_한지형_구근_구운것		채소류	38.8	184	11.8	100	R
마늘_한지형_구근_볶은것		채소류	31.3	165	9.8	100	R
풋마늘_잎줄기_생것		채소류	7.3	29	1.9	100	R
풋마늘_잎줄기_데친것		채소류	7.3	30	1.8	100	R
마늘종_꽃줄기_생것		채소류	13.4	53	1.9	100	R
마늘종_꽃줄기_데친것		채소류	14.8	59	2	100	R
단무지_뿌리_소금에 절인것		채소류	2.4	12	0.4	100	R
마타리_생것		채소류	10.9	45	2.1	100	R
머위_생것		채소류	2.7	17	2.3	100	R
머위_말린것		채소류	58.2	281	17.4	100	R
머위_삶아서 말린것		채소류	48.6	278	26.7	100	R
머위_삶은것		채소류	5.2	28	2.4	100	R
머위_데친것		채소류	4.4	25	2.2	100	R
무_조선무_뿌리_생것		채소류	4.7	21	0.8	100	R
무_조선무_뿌리_데친것		채소류	4.5	21	0.7	100	R
무순_싹_생것		채소류	1.8	20	1.9	100	R
무청_왜무_잎_생것		채소류	2.9	22	2.3	100	R
무청_조선무_잎_생것		채소류	4.3	23	1.8	100	R
무시래기_잎_말린것을 삶은것		채소류	5.3	27	1.8	100	R
무 절임(치킨무)_뿌리_소금에 절인것		채소류	4.9	22	0.4	100	R
무말랭이_뿌리_말린것		채소류	63	282	13.2	100	R
물냉이_생것		채소류	3.7	23	3.5	100	R
물쑥_생것		채소류	5.6	36	5.4	100	R
물쑥_데친것		채소류	11.7	47	1.9	100	R
미나리_농축		채소류	33.5	120	0.4	100	R
미나리_돌미나리_생것		채소류	2.7	16	1.9	100	R
미나리_돌미나리_데친것		채소류	3	18	1.8	100	R
미나리_물미나리_생것		채소류	3.5	18	1.7	100	R
미나리_물미나리_데친것		채소류	3.9	20	1.8	100	R
미나리_물미나리_잎_생것		채소류	5.6	30	2.8	100	R
미나리_물미나리_줄기_생것		채소류	5.2	22	0.9	100	R
민들레_생것		채소류	5.5	29	2.4	100	R
민들레_데친것		채소류	5.7	30	2.2	100	R
바셀라_생것		채소류	2.6	11	0.7	100	R
바셀라_데친것		채소류	3.2	12	0.9	100	R
바질_잎_생것		채소류	5.6	32	2.4	100	R
바질_잎_데친것		채소류	5.9	34	2.8	100	R
박_씨 포함_생것		채소류	8	32	1	100	R
박_과육_생것		채소류	5.2	21	0.5	100	R
박고지_말린것		채소류	69	268	7.6	100	R
박쥐나무_잎_생것		채소류	20.7	100	6.7	100	R
방가지똥_생것		채소류	10.3	46	2.5	100	R
방울다다기양배추_생것		채소류	9.8	46	3.8	100	R
방울다다기양배추_데친것		채소류	7.8	41	3.8	100	R
배추_생것		채소류	3.3	15	1.2	100	R
배추_소금에 절인것		채소류	3.7	17	1.3	100	R
배추_삶은것		채소류	3.2	15	1.2	100	R
배추_ 데친것		채소류	3.9	17	1.4	100	R
배추_봄 재배_생것		채소류	2.3	13	1.6	100	R
배추_봄 재배_소금에 절인것		채소류	2.9	15	1.6	100	R
배추_봄 재배_삶은것		채소류	2.6	14	1.4	100	R
배추_여름 재배_생것		채소류	4	17	0.9	100	R
배추_여름 재배_소금에 절인것		채소류	4	17	1	100	R
배추_여름 재배_삶은것		채소류	3.5	17	0.8	100	R
배추_가을 재배_생것		채소류	3.7	17	1.2	100	R
배추_가을 재배_소금에 절인것		채소류	4.1	19	1.4	100	R
배추_가을 재배_삶은것		채소류	3.3	16	1.2	100	R
배추_잎_말린것		채소류	58.9	278	14.4	100	R
배추_잎_말린것을 삶은것		채소류	4.6	23	1.7	100	R
배추_봄동_생것		채소류	4.8	23	1.8	100	R
배추_봄동_데친것		채소류	4.5	22	1.8	100	R
배추_유기재배_생것		채소류	3.2	14	1.1	100	R
백모근_뿌리_말린것		채소류	77	337	9	100	R
부지갱이(섬쑥부쟁이)_생것		채소류	4.9	30	3.6	100	R
부지갱이(섬쑥부쟁이)_말린것		채소류	50	258	25.7	100	R
부지갱이(섬쑥부쟁이)_삶아서 말린것		채소류	59.1	296	25.1	100	R
부지갱이(섬쑥부쟁이)_데친것		채소류	4.9	33	4	100	R
부지갱이(섬쑥부쟁이)_삶아서 말린것을 삶은것		채소류	8.2	48	5.2	100	R
부추_두메부추_생것		채소류	11.9	46	1.2	100	R
부추_산부추_생것		채소류	8.8	41	3.5	100	R
부추_재래종_생것		채소류	4.1	22	1.8	100	R
부추_재래종_데친것		채소류	3.6	20	2.3	100	R
부추_호부추_생것		채소류	6.2	30	2.1	100	R
부추_호부추_데친것		채소류	6.4	32	2.4	100	R
브로콜리_생것		채소류	6.3	32	3.1	100	R
브로콜리_분말화한것		채소류	58.4	284	17.5	100	R
브로콜리_삶은것		채소류	5.2	30	3.9	100	R
브로콜리_데친것		채소류	5.3	28	2.8	100	R
브로콜리_싹_생것		채소류	3.8	31	3.8	100	R
브로콜리_잎_생것		채소류	8.1	38	2.2	100	R
브로콜리_잎_말린것		채소류	55.3	258	15.4	100	R
브로콜리_잎_삶아서 말린것		채소류	59.8	271	17.4	100	R
비름_생것		채소류	4	23	2.7	100	R
비름_데친것		채소류	4.5	27	3	100	R
비타민채(다채)_생것		채소류	2	14	2.1	100	R
비타민채(다채)_어린잎_생것		채소류	1.4	15	2.3	100	R
비트_어린잎_생것		채소류	2.9	21	2.9	100	R
비트_뿌리_생것		채소류	5.3	26	1.6	100	R
비트_뿌리_데친것		채소류	4.7	23	1.3	100	R
비트_잎_생것		채소류	2.8	16	2.2	100	R
비트_잎_데친것		채소류	2.2	15	2.3	100	R
사탕수수_생것		채소류	20.9	77	1.1	100	R
산마늘(명이나물)_잎줄기_생것		채소류	8.2	36	2	100	R
산마늘(명이나물)_잎줄기_데친것		채소류	8.3	37	2.1	100	R
삼나물_말린것		채소류	61.3	293	22.8	100	R
생강_뿌리줄기_생것		채소류	9.8	42	1	100	R
상추_뚝섬적축면_적상추_생것		채소류	2.4	14	1.1	100	R
상추_로메인_청상추_생것		채소류	3.1	18	1.7	100	R
상추_롤로로사_적상추_생것		채소류	4.5	20	1.1	100	R
상추_아담_청상추_생것		채소류	1.3	9	0.9	100	R
상추_아시아아이스퀸(청코스)_청상추_생것		채소류	4	24	1.8	100	R
상추_유레이크_청상추_생것		채소류	3.5	16	0.8	100	R
상추_적하계_적상추_생것		채소류	3.7	19	1.7	100	R
상추_천상_청상추_생것		채소류	3.2	17	1.2	100	R
상추_풍성_청상추_생것		채소류	2.1	10	0.6	100	R
상추_완전결구상추(양상추)_청상추_생것		채소류	3.4	14	0.7	100	R
상추_축면상추_적상추_생것		채소류	2.8	15	1.3	100	R
상추_치마상추_청상추_생것		채소류	3.5	20	1.9	100	R
상추_치마상추_적상추_생것		채소류	4.6	23	1.5	100	R
상추_잎상추_적상추_생것		채소류	3.7	19	1.4	100	R
생강_수입산(중국산)_뿌리줄기_생것		채소류	8.4	38	1.3	100	R
섬초롱_생것		채소류	8.5	41	3	100	R
섬초롱_데친것		채소류	7.6	34	2	100	R
세발나물_생것		채소류	3.6	18	1.6	100	R
세발나물_데친것		채소류	4.2	23	2.3	100	R
셀러리_생것		채소류	4	17	1	100	R
셀러리_데친것		채소류	3.8	17	1.1	100	R
소리쟁이_잎_말린것		채소류	52.6	259	21.7	100	R
쇠귀나물_뿌리_생것		채소류	26.6	128	6.3	100	R
쇠귀나물_뿌리_데친것		채소류	27.2	129	6.2	100	R
수리취(떡취)_생것		채소류	14.7	64	3.9	100	R
숙주나물_생것		채소류	2.3	13	1.7	100	R
숙주나물_데친것		채소류	1.4	12	2.2	100	R
숙주나물_찐것		채소류	2.9	16	2	100	R
순무_전체_생것		채소류	5.7	27	1.5	100	R
순무_전체_데친것		채소류	6	28	1.3	100	R
순무_뿌리_데친것		채소류	7.5	33	1.3	100	R
순무_잎_생것		채소류	4.1	21	2	100	R
순무_잎_데친것		채소류	4.2	20	1.6	100	R
스테비아_생것		채소류	8.7	40	2.4	100	R
스테비아_말린것		채소류	70.5	303	14.2	100	R
시금치_생것		채소류	4.9	29	3.4	100	R
시금치_데친것		채소류	5.3	34	4	100	R
시금치_노지_생것		채소류	4.4	29	4.2	100	R
시금치_노지_데친것		채소류	5.2	37	4.8	100	R
시금치_포항초_생것		채소류	6.2	35	3.6	100	R
시금치_포항초_데친것		채소류	5.2	34	4.2	100	R
시금치_하우스_생것		채소류	5.1	27	2.6	100	R
시금치_하우스_데친것		채소류	5.8	32	3	100	R
시금치_섬초_생것		채소류	3.8	24	3.1	100	R
시금치_섬초_데친것		채소류	4.8	32	4.1	100	R
신선초(명일엽)_생것		채소류	5.7	24	1.1	100	R
쌈추_생것		채소류	4.3	25	3.1	100	R
쌈추_싸미나_생것		채소류	3	20	2.7	100	R
쑥_생것		채소류	7	37	3.4	100	R
쑥_말린것		채소류	53.8	272	25.8	100	R
쑥_데친것		채소류	6.8	39	3.7	100	R
쑥_사자발쑥_생것		채소류	12.7	56	2.6	100	R
쑥_사자발쑥_데친것		채소류	13.3	55	1.9	100	R
쑥갓_생것		채소류	2.4	15	1.9	100	R
쑥갓_데친것		채소류	3.8	21	2.1	100	R
쑥부쟁이_잎줄기_생것		채소류	3.5	26	2.9	100	R
씀바귀_생것		채소류	9.2	43	2.9	100	R
씀바귀_데친것		채소류	6.3	31	2.6	100	R
씀바귀_뿌리_생것		채소류	16.2	71	2.5	100	R
아스파라거스_생것		채소류	2.5	17	2	100	R
아스파라거스_데친것		채소류	2.8	17	2.1	100	R
아스파라거스_하얀색_생것		채소류	3.5	21	1.9	100	R
아욱_생것		채소류	7.6	37	3.1	100	R
아욱_데친것		채소류	5.2	31	3.5	100	R
아이비카_말린것		채소류	43.7	260	27.7	100	R
아주까리_순_말린것		채소류	48	287	36.8	100	R
아주까리_잎_생것		채소류	17.8	82	5.8	100	R
알로에_ 과육_ 생것		채소류	0.7	3	0.1	100	R
알팔파_싹_생것		채소류	3.1	21	3.5	100	R
양배추_생것		채소류	7	29	1.4	100	R
양배추_데친것		채소류	7.6	32	1.7	100	R
양배추_찐것		채소류	6.8	28	1.3	100	R
양배추_적양배추_생것		채소류	7.7	35	2.2	100	R
양배추_적양배추_싹_생것		채소류	4.6	39	3.4	100	R
양파_생것		채소류	6.5	29	1	100	R
양파_말린것		채소류	78	340	11.7	100	R
양파_데친것		채소류	6.4	28	0.9	100	R
양파_자색 양파_생것		채소류	6.8	29	0.8	100	R
양파_레드프라임_생것		채소류	8.6	37	0.5	100	R
양파_썬파워_생것		채소류	7.4	32	0.5	100	R
양파_샬롯_생것		채소류	14.8	80	2.3	100	R
양하_생것		채소류	2.8	13	0.6	100	R
어수리_생것		채소류	5	31	4.4	100	R
어수리_잎_생것		채소류	10.4	45	2.4	100	R
얼갈이배추_생것		채소류	2.6	14	1.2	100	R
얼갈이배추_소금에 절인것		채소류	2.5	15	1.9	100	R
얼갈이배추_데친것		채소류	2.3	13	1.5	100	R
엄나무(개두릅)_잎_생것		채소류	5.2	41	6.9	100	R
엄나무(개두릅)_잎_데친것		채소류	3.9	37	7	100	R
엉겅퀴_말린것		채소류	55.6	267	22.4	100	R
엉겅퀴_삶아서 말린것		채소류	54.2	279	27.4	100	R
여주(고야)_생것		채소류	4.5	22	1.3	100	R
연근_생것		채소류	17.3	75	1.6	100	R
연근_데친것		채소류	14.4	62	1.1	100	R
열대비름(아마란스)_어린잎_생것		채소류	3.1	21	3	100	R
열대비름(아마란스)_잎_생것		채소류	6.5	45	5.8	100	R
열무_생것		채소류	2.2	14	1.9	100	R
열무_데친것		채소류	2.6	17	2.1	100	R
염교(락교)_식초에 절인것		채소류	21.8	93	0.5	100	R
염교(락교)_뿌리줄기_생것		채소류	29.3	83	1.4	100	R
영아자_생것		채소류	7.7	34	2.5	100	R
영아자_말린것		채소류	54.4	278	23.8	100	R
영아자_데친것		채소류	7.8	36	2.5	100	R
오이_개량종_생것		채소류	3	14	1.2	100	R
오이_겨울살이청장_생것		채소류	3.1	13	0.8	100	R
오이_늙은오이_생것		채소류	1.7	9	1.2	100	R
오이_취청_생것		채소류	2.8	13	1.1	100	R
오크라_생것		채소류	6.6	26	2.1	100	R
오크라_데친것		채소류	7.6	29	2.1	100	R
우엉_생것		채소류	15.3	69	2.6	100	R
우엉_데친것		채소류	11.3	52	1.9	100	R
원추리_생것		채소류	6.5	35	3.5	100	R
원추리_데친것		채소류	5.1	28	3.2	100	R
유채_싹_생것		채소류	6.8	78	3.4	100	R
유채_잎_생것		채소류	5	30	3.9	100	R
유채_잎_데친것		채소류	4.2	29	4.4	100	R
유채_동채_생것		채소류	4.6	29	4.1	100	R
유채_동채_데친것		채소류	4.6	31	4.5	100	R
유채_서양종_잎줄기_생것		채소류	6	36	4.1	100	R
유채_서양종_잎줄기_데친것		채소류	5.3	30	3.6	100	R
잇꽃(홍화)_잎_생것		채소류	9	45	3.9	100	R
비비추(이밥추)_생것		채소류	10.1	48	3	100	R
자운영_생것		채소류	6.6	40	4.6	100	R
잔대_순_생것		채소류	9.9	55	3.4	100	R
잔대_뿌리_생것		채소류	18.6	79	2.1	100	R
전호_생것		채소류	4.2	23	3.1	100	R
제비쑥_생것		채소류	5	35	4.5	100	R
조뱅이_생것		채소류	10.1	47	4	100	R
죽순_순_생것		채소류	3.8	24	3.5	100	R
죽순_순_삶아서 말린것		채소류	57.6	314	28.3	100	R
죽순_순_삶은것		채소류	3.1	19	2.3	100	R
죽순_순_데친것		채소류	5.5	30	3.2	100	R
줄나물_말린것		채소류	41.9	236	29.7	100	R
진달래꽃_생것		채소류	6.3	26	1	100	R
질경이_생것		채소류	10.8	48	3	100	R
질경이_데친것		채소류	10.7	45	2.4	100	R
참나물_야생_생것		채소류	7.6	39	3.5	100	R
참나물_야생_말린것		채소류	74.3	309	5.9	100	R
참나물_재배_생것		채소류	4.1	20	1.6	100	R
참나물_재배_말린것		채소류	71.6	308	8.5	100	R
참나물_재배_데친것		채소류	4.5	22	1.4	100	R
참반디_말린것		채소류	65.7	288	12.6	100	R
참빗살나무_잎_생것		채소류	10.3	61	7.4	100	R
참죽나물(가죽나물)_생것		채소류	7.5	47	6.3	100	R
참죽나물(가죽나물)_삶아서 말린것		채소류	44.5	269	34.4	100	R
참죽나물(가죽나물)_데친것		채소류	6.9	43	5.3	100	R
참죽나물(가죽나물)_삶아서 말린것을 삶은것		채소류	7.9	52	7.3	100	R
청경채_생것		채소류	1.6	10	1.4	100	R
청경채_데친것		채소류	1.8	11	1.6	100	R
청경채_어린잎_생것		채소류	1.9	16	2.6	100	R
총각무_전체_생것		채소류	5.2	22	1.4	100	R
총각무_뿌리_생것		채소류	5.5	25	1.1	100	R
총각무_잎_생것		채소류	4.2	23	2	100	R
취나물_개미취_생것		채소류	11.3	53	4.2	100	R
취나물_미역취_생것		채소류	9.6	48	3.7	100	R
취나물_참취_생것		채소류	11.7	51	2.6	100	R
취나물_참취_말린것		채소류	53.6	265	22.2	100	R
취나물_참취_삶아서 말린것		채소류	56.8	299	26.9	100	R
취나물_참취_데친것		채소류	10.5	49	2.8	100	R
취나물_참취_말린것을 삶은것		채소류	12.3	55	3	100	R
취나물_참취_삶아서 말린것을 데친것		채소류	8.2	49	4.9	100	R
치커리_뿌리_생것		채소류	17.5	72	1.4	100	R
치커리_잎_생것		채소류	3.3	19	1.9	100	R
치커리_적치커리_잎_생것		채소류	3.5	20	2.1	100	R
치커리_치콘_생것		채소류	3.2	15	1.2	100	R
칠면초_생것		채소류	5	27	2.7	100	R
케일_생것		채소류	4.6	26	3.1	100	R
케일_꽃케일_생것		채소류	6.5	33	3.3	100	R
케일_로얄채_생것		채소류	11.1	49	2.7	100	R
케일_적꽃케일_생것		채소류	5.8	31	3.1	100	R
케일_하우스_생것		채소류	4.2	22	2	100	R
콜라비_생것		채소류	5.2	22	1.2	100	R
콩나물_생것		채소류	3.4	43	4.7	100	R
콩나물_분말화한것		채소류	31.7	409	45.4	100	R
콩나물_삶은것		채소류	3.2	42	4.3	100	R
콩잎_잎_생것		채소류	21	94	6.6	100	R
토란대_줄기_생것		채소류	4.2	16	0.3	100	R
토란대_줄기_말린것		채소류	65.5	261	7.4	100	R
토란대_ 줄기_ 데친것		채소류	5.3	20	0.4	100	R
토란대_줄기_말린것을 데친것		채소류	4.9	20	0.5	100	R
토마토_생것		채소류	4.3	19	1	100	R
토마토_데친것		채소류	4.1	17	0.7	100	R
토마토_방울토마토_생것		채소류	6	25	1	100	R
토마토_유기재배_생것		채소류	3.9	17	0.9	100	R
토마토_흑토마토_생것		채소류	5.2	21	0.7	100	R
토마토_흑토마토_데친것		채소류	4.8	19	0.7	100	R
토마토_대저_생것		채소류	5.9	23	0.8	100	R
토마토_대저_데친것		채소류	6.5	26	0.9	100	R
토스카노(잎브로콜리)_생것		채소류	6.7	40	4.7	100	R
파_생것		채소류	6.7	29	1.2	100	R
파_골파_생것		채소류	6.5	29	1.5	100	R
파_쪽파_생것		채소류	5.8	26	1.7	100	R
파_대파_생것		채소류	4.8	23	1.8	100	R
파드득나물(삼엽채)_생것		채소류	5.5	25	1.8	100	R
파슬리_생것		채소류	3.4	20	2.4	100	R
파프리카(착색단고추)_노란색_생것		채소류	6	24	0.8	100	R
파프리카(착색단고추)_노란색_데친것		채소류	6.2	25	0.8	100	R
파프리카(착색단고추)_빨간색_생것		채소류	6.4	26	0.9	100	R
파프리카(착색단고추)_빨간색_데친것		채소류	6.9	28	0.9	100	R
파프리카(착색단고추)_주황색_생것		채소류	5.9	24	1	100	R
파프리카(착색단고추)_주황색_데친것		채소류	6.5	27	1.1	100	R
파프리카(착색단고추)_Raon yellow(미니파프리카)_노란색_생것		채소류	8.3	41	1	100	R
파프리카(착색단고추)_Raon red(미니파프리카)_빨간색_생것		채소류	8.5	41	1.1	100	R
파프리카(착색단고추)_Raon orange(미니파프리카)_주황색_생것		채소류	8.2	38	1	100	R
피망_빨간색_생것		채소류	6.9	28	1.2	100	R
피망_빨간색_데친것		채소류	8.2	33	1.2	100	R
피망_초록색_생것		채소류	5.4	22	0.9	100	R
피망_초록색_데친것		채소류	5.6	23	0.9	100	R
해바라기_싹_생것		채소류	0.9	9	2.2	100	R
호박_싹_생것		채소류	3.6	38	4.5	100	R
호박_잎_생것		채소류	8.4	45	4.8	100	R
호박_잎_데친것		채소류	6.1	32	3.1	100	R
호박_잎_찐것		채소류	9.2	49	4.8	100	R
호박_국수호박_생것		채소류	4.4	18	0.6	100	R
호박_국수호박_데친것		채소류	3.8	16	0.5	100	R
호박_늙은호박_생것		채소류	8.5	38	0.9	100	R
호박_늙은호박_말린것		채소류	72.3	333	7.6	100	R
호박_늙은호박_삶은것		채소류	5.2	24	0.6	100	R
호박_늙은호박_데친것		채소류	6.9	30	1.7	100	R
호박_늙은호박_찐것		채소류	8.9	40	1.1	100	R
호박_단호박_생것		채소류	13.6	57	1.2	100	R
호박_단호박_데친것		채소류	6.9	30	1.7	100	R
호박_단호박_찐것		채소류	15.4	66	1.7	100	R
호박_애호박_생것		채소류	5.1	22	1.1	100	R
호박_애호박_말린것		채소류	67.6	284	13.8	100	R
호박_애호박_데친것		채소류	4.9	21	1.1	100	R
호박_애호박_말린것을 데친것		채소류	6.5	31	2.2	100	R
호박_쥬키니_생것		채소류	7.7	31	1.2	100	R
호박_쥬키니_데친것		채소류	2.4	11	0.9	100	R
호박_차요테_하얀색_생것		채소류	4.3	19	0.6	100	R
호박_차요테_초록색_생것		채소류	4.4	21	0.6	100	R
홑잎나물_순_생것		채소류	21.6	96	4.8	100	R
홑잎나물_순_데친것		채소류	17	78	4	100	R
들깨_싹_생것		채소류	2.5	17	1.7	100	R
들깨_잎_생것		채소류	8.9	47	4.5	100	R
들깨_잎_데친것		채소류	4.8	32	3.9	100	R
들깨_잎_찐것		채소류	6.1	37	4.4	100	R
고구마_줄기(껍질 포함)_생것		채소류	5	23	0.9	100	R
고구마_줄기(껍질 포함)_데친것		채소류	4.7	22	0.7	100	R
고구마_줄기(껍질 포함)_삶아서 말린것을 삶은것		채소류	7.3	29	0.6	100	R
고구마_잎_생것		채소류	7.3	47	3.9	100	R
고구마_잎_데친것		채소류	5.8	41	3.4	100	R
고구마_줄기_생것		채소류	3.6	18	0.8	100	R
고구마_줄기_말린것		채소류	66.3	262	7	100	R
고구마_줄기_삶은것		채소류	2.9	14	0.5	100	R
고구마_줄기_데친것		채소류	3.6	17	0.6	100	R
고구마_줄기_삶아서 말린것을 삶은것		채소류	5	23	0.5	100	R
사탕무_생것		채소류	18.7	77	1.8	100	R
옥수수_순_생것		채소류	8.2	40	1.7	100	R
메밀_싹_생것		채소류	1.9	24	1.9	100	R
선인장_보검선인장_열매_생것		채소류	19.4	83	1	100	R
선인장_보검선인장_줄기_생것		채소류	7.2	34	1	100	R
선인장_저단선인장_열매_생것		채소류	21	91	0.8	100	R
선인장_저단선인장_줄기_생것		채소류	17.8	75	0.8	100	R
보리_순_분말화한것		채소류	58.5	314	26.6	100	R
보리_쌀보리_순_생것		채소류	4.6	24	2	100	R
보리_올보리_순_생것		채소류	13.9	66	3.1	100	R
보리_큰알보리_순_생것		채소류	4	24	2.9	100	R
보리_큰알보리_순_동결건조한것		채소류	52	283	28.3	100	R
호박즙_천연과즙		채소류	4.7	21	0.6	100	R
삼채_잎줄기_생것		채소류	5	23	1.6	100	R
삼채_잎줄기_데친것		채소류	5.8	28	2	100	R
삼채_뿌리_생것		채소류	12.2	49	0.8	100	R
삼채_잎_생것		채소류	4.8	24	1.9	100	R
삼채_줄기_생것		채소류	4.7	19	0.8	100	R
모시풀_잎_생것		채소류	11.8	64	6.6	100	R
모시풀_잎_삶은것		채소류	7.2	49	6.1	100	R
모시풀_재래종_잎_생것		채소류	8.1	51	4.4	100	R
퉁퉁마디환(함초환)		채소류	52.6	262	9.3	100	R
배초향(방아)_잎_생것		채소류	11.1	55	4.9	100	R
쌈무_초절임_식초에 절인것		채소류	3.1	15	0.5	100	R
퉁퉁마디(함초)_노지_생것		채소류	4	19	1.4	100	R
퉁퉁마디(함초)_하우스_생것		채소류	4.1	19	1.3	100	R
구기자_재래종_순_생것		채소류	7	50	6.3	100	R
구기자_재래종_잎_생것		채소류	7.8	56	6.3	100	R
모링가_잎_생것		채소류	12.4	66	4.2	100	R
초석잠_뿌리_생것		채소류	17	76	2.3	100	R
삼붕냐와_생것		채소류	3.8	27	1.6	100	R
울금_뿌리줄기_생것		채소류	15.7	87	1.8	100	R
배암차즈기(곰보배추)_잎_생것		채소류	4.5	25	1.7	100	R
백합_뿌리_생것		채소류	24.9	118	3.3	100	R
루꼴라_생것		채소류	4.2	26	3.2	100	R
아티초크_생것		채소류	10.5	47	3.3	100	R
아티초크_얼린것		채소류	7.8	38	2.6	100	R
아티초크_삶은것		채소류	11.9	53	2.9	100	R
아티초크_얼린것을 삶은것		채소류	9.2	45	3.1	100	R
뽕잎_생것		채소류	12.8	65	6.3	100	R
뽕잎_삶아서 말린것		채소류	53.2	279	26.2	100	R
뽕잎_삶은것		채소류	9	48	4.9	100	R
뽕잎_삶아서 말린것을 삶은것		채소류	8.9	51	5.9	100	R
경수채_어린잎_생것		채소류	5.6	26	1.7	100	R
적양무_어린잎_생것		채소류	2.5	19	2.5	100	R
고려엉겅퀴(곤드레)_재배_말린것을 삶은 것		채소류	6.3	40	3.8	100	R
고추냉이_잎줄기_생것		채소류	5.3	27	1.9	100	R
더덕_뿌리_구운것(팬)		채소류	18.2	86	3.5	100	R
마늘_구근_다진것		채소류	20.6	99	5	100	R
부추_솔부추_생것		채소류	4.3	21	1.6	100	R
부추_솔부추_데친것		채소류	4.8	24	1.5	100	R
상추_모스트청쌈_청쌍추_생것		채소류	2.4	15	1.6	100	R
상추_버터헤드_청쌍추_생것		채소류	2.1	11	1.1	100	R
호박_쥬키니_삶은것		채소류	2.5	12	0.8	100	R
검은비늘버섯_생것		버섯류	4.5	13	1.8	100	R
검은비늘버섯_말린것		버섯류	62.1	177	20.1	100	R
나도팽나무버섯_생것		버섯류	5.7	16	2.4	100	R
나도팽나무버섯_말린것		버섯류	66.1	182	23.6	100	R
노루궁뎅이버섯_생것		버섯류	2.9	13	2.6	100	R
노루궁뎅이버섯_말린것		버섯류	57.8	179	24.5	100	R
노루궁뎅이버섯_데친것		버섯류	4.7	18	3.3	100	R
느타리버섯_생것		버섯류	4.7	15	2.6	100	R
느타리버섯_말린것		버섯류	60.7	189	25.1	100	R
느타리버섯_말린것(자연건조)		버섯류	58.9	182	25.4	100	R
느타리버섯_데친것		버섯류	6.5	21	3.3	100	R
느타리버섯_노랑느타리버섯_생것		버섯류	5.3	16	2.5	100	R
느타리버섯_분홍느타리버섯_생것		버섯류	8.1	24	4.1	100	R
느타리버섯_여름느타리버섯_생것		버섯류	6	21	4.4	100	R
느타리버섯_참타리버섯_생것		버섯류	5.3	16	2.6	100	R
느타리버섯_참타리버섯_데친것		버섯류	6.1	20	3.9	100	R
느타리버섯_청느타리버섯_생것		버섯류	5.2	18	3.9	100	R
능이버섯(향버섯)_생것		버섯류	5.9	17	2.2	100	R
동충하초_누에동충하초_생것		버섯류	7.1	27	5.6	100	R
동충하초_누에동충하초_말린것		버섯류	0	133	60.9	100	R
만가닥버섯_생것		버섯류	6.3	19	2.5	100	R
만가닥버섯_데친것		버섯류	6.1	19	2.7	100	R
목이버섯_생것		버섯류	5.2	13	0.8	100	R
목이버섯_말린것		버섯류	69.7	169	11.9	100	R
목이버섯_말린것(자연건조)		버섯류	72.8	183	14.1	100	R
목이버섯_데친것		버섯류	4.8	13	1.1	100	R
목이버섯_흰백목이_생것		버섯류	11.6	28	1.2	100	R
목이버섯_흰백목이_데친것		버섯류	7	18	1	100	R
밤버섯_생것		버섯류	3.5	17	2.9	100	R
버들송이버섯_생것		버섯류	5.5	20	4.2	100	R
버들송이버섯_갓_말린것		버섯류	61.6	191	23.3	100	R
버들송이버섯_줄기_말린것		버섯류	71.1	183	14.3	100	R
뽕나무버섯_야생_갓_말린것		버섯류	54.4	195	27.7	100	R
뽕나무버섯_야생_줄기_말린것		버섯류	72.2	180	15.8	100	R
뽕나무버섯_재배_갓_말린것		버섯류	58.6	192	24.4	100	R
뽕나무버섯_재배_줄기_말린것		버섯류	76.6	182	12.8	100	R
상황버섯_말린것		버섯류	84.6	179	4.4	100	R
상황버섯_추출		버섯류	0.6	3	0.1	100	R
석이버섯_말린것		버섯류	68.5	165	11.8	100	R
송이버섯_생것		버섯류	8.1	21	2	100	R
송이버섯_데친것		버섯류	8.5	22	2.1	100	R
싸리버섯_생것		버섯류	5.7	20	2.8	100	R
싸리버섯_말린것		버섯류	58.9	179	19.9	100	R
아위버섯_생것		버섯류	8.6	26	3.5	100	R
아위버섯_데친것		버섯류	8.7	27	3.6	100	R
애느타리버섯_생것		버섯류	3.5	16	4.2	100	R
양송이버섯_생것		버섯류	3.9	15	3.1	100	R
양송이버섯_분말화한것		버섯류	46.5	176	33.4	100	R
양송이버섯_말린것(자연건조)		버섯류	34.1	166	40.8	100	R
양송이버섯_데친것		버섯류	3.6	15	3.1	100	R
양송이버섯_갈색양송이_생것		버섯류	3.2	15	3.7	100	R
양송이버섯_갈색양송이_데친것		버섯류	3.5	14	2.9	100	R
영지버섯_말린것		버섯류	81	187	9.4	100	R
영지버섯_추출		버섯류	0	0	0.1	100	R
율무느타리버섯_생것		버섯류	6.4	21	3.6	100	R
잎새버섯_생것		버섯류	3.3	13	2.2	100	R
잎새버섯_데친것		버섯류	4.5	16	2.3	100	R
큰느타리버섯(새송이버섯)_생것		버섯류	6.6	20	2.9	100	R
큰느타리버섯(새송이버섯)_말린것		버섯류	59.8	179	25.1	100	R
큰느타리버섯(새송이버섯)_분말화한것		버섯류	61.4	184	25.1	100	R
큰느타리버섯(새송이버섯)_말린것(자연건조)		버섯류	54.7	171	26.2	100	R
큰느타리버섯(새송이버섯)_데친것		버섯류	6.6	21	3.2	100	R
팽이버섯_생것		버섯류	7.1	21	2.5	100	R
팽이버섯_데친것		버섯류	6.7	21	2.6	100	R
팽이버섯_갈색팽이_생것		버섯류	6.1	21	3.1	100	R
팽이버섯_갈색팽이_데친것		버섯류	6.6	21	3	100	R
포타벨라_생것		버섯류	4.6	16	3.3	100	R
표고버섯_분말화한것		버섯류	68.2	186	18.8	100	R
표고버섯_갓_생것		버섯류	8	26	4.4	100	R
표고버섯_갓_말린것		버섯류	53.3	183	31.8	100	R
표고버섯_갓_데친것		버섯류	5	21	4.7	100	R
표고버섯_갓_말린것을 삶은것		버섯류	6.8	24	4.1	100	R
표고버섯_대_생것		버섯류	14	39	4.6	100	R
표고버섯_대_말린것		버섯류	65.3	180	21.1	100	R
표고버섯_대_데친것		버섯류	12.4	32	3.2	100	R
표고버섯_대_말린것을 삶은것		버섯류	11.8	31	2.9	100	R
표고버섯_전체_생것		버섯류	7.4	22	2.7	100	R
표고버섯_전체_말린것		버섯류	62.9	180	21.4	100	R
표고버섯_전체_말린것(자연건조)		버섯류	58.8	174	23.6	100	R
표고버섯_전체_데친것		버섯류	6.9	20	2.5	100	R
표고버섯_전체_말린것을 삶은것		버섯류	9.7	27	2.9	100	R
표고버섯_재배_생것		버섯류	6.1	18	2	100	R
표고버섯_재배_말린것		버섯류	63.7	178	18.1	100	R
표고버섯_재배_데친것		버섯류	6.3	18	2.4	100	R
표고버섯_재배_말린것을 삶은것		버섯류	13	35	3	100	R
풀버섯_생것		버섯류	4.6	15	2.7	100	R
꽃송이버섯_생것		버섯류	7.3	19	1.1	100	R
꽃송이버섯_말린것		버섯류	66.5	182	15.2	100	R
꽃송이버섯_데친것		버섯류	9	22	0.9	100	R
꽃송이버섯_말린것(자연건조)		버섯류	61.6	173	19.6	100	R
양송이버섯_말린것		버섯류	53	180	31.3	100	R
감_단감_생것		과일류	15.1	57	0.4	100	R
감_대봉(갑주백목)_생것		과일류	18.2	68	0.6	100	R
감_연시_생것		과일류	18.4	69	0.5	100	R
감_연시_얼린것		과일류	18.4	66	0	100	R
감말랭이_말린것		과일류	63.6	236	1.8	100	R
곶감_말린것		과일류	58.9	219	1.8	100	R
구아바_생것		과일류	9.9	33	0.6	100	R
귤_한라봉_생것		과일류	12.8	50	1	100	R
귤_온주밀감_생것		과일류	10	39	0.5	100	R
귤_임온주_생것		과일류	10.8	43	1	100	R
귤_천혜향_생것		과일류	10.6	41	0.8	100	R
귤_궁천조생+노지_생것		과일류	10.2	39	0.3	100	R
귤_궁천조생+하우스_생것		과일류	10.8	42	0.7	100	R
귤_유라조생+하우스_생것		과일류	10.2	39	0.6	100	R
귤_일남1호_생것		과일류	8.5	33	0.5	100	R
귤_하례조생+노지_생것		과일류	9.7	37	0.4	100	R
귤_하례조생+하우스_생것		과일류	11.2	44	0.7	100	R
귤_흥진조생_생것		과일류	10.4	40	0.5	100	R
귤_레드향_생것		과일류	12.4	48	0.6	100	R
귤_황금향_생것		과일류	10.3	40	0.4	100	R
귤_신예감_생것		과일류	8.2	34	0.3	100	R
귤 주스_천연과즙		과일류	10.4	39	0.2	100	R
금귤_생것		과일류	18.8	73	1.2	100	R
다래_생것		과일류	16.2	67	1.6	100	R
대추_생것		과일류	27.6	105	1.4	100	R
대추_말린것		과일류	72.6	276	3.7	100	R
대추야자_말린것		과일류	71.3	281	2.2	100	R
두리안_생것		과일류	27.1	140	2.3	100	R
딸기_개량종_생것		과일류	8.2	33	0.8	100	R
딸기_개량종_말린것		과일류	75.5	306	7	100	R
딸기_설향_생것		과일류	8.3	34	0.7	100	R
라임_생것		과일류	10.5	30	0.7	100	R
라임 주스_천연과즙		과일류	8.4	25	0.4	100	R
레몬_생것		과일류	9.3	36	0.7	100	R
롱안_생것		과일류	15.1	60	1.3	100	R
롱안_말린것		과일류	74	286	4.9	100	R
리치_생것		과일류	16.4	61	1	100	R
리치_얼린것		과일류	14.5	56	0.8	100	R
망고_생것		과일류	16	61	0.7	100	R
망고_애플망고_생것		과일류	12.6	57	0.5	100	R
매실_생것		과일류	7.8	41	1.1	100	R
매실_선암매_생것		과일류	8	39	1.2	100	R
매실_천매_생것		과일류	8.1	37	0.7	100	R
매실_남고_생것		과일류	6.2	26	0.9	100	R
매실 절임_당류에 절인것		과일류	51.1	216	1.9	100	R
매실 절임_소금에 절인것		과일류	8.6	29	0.9	100	R
머루_껍질+씨포함_생것		과일류	18.3	79	1.5	100	R
머루_개량종_껍질+씨포함_생것		과일류	17.3	83	1.6	100	R
머루_머스켓베일리에이_생것		과일류	19	76	0.3	100	R
머루_왕머루_껍질+씨포함_생것		과일류	19.7	87	1.6	100	R
멜론_감로_생것		과일류	5.1	21	0.5	100	R
멜론_머스크_생것		과일류	9.6	40	1.5	100	R
멜론_화이트_생것		과일류	9.6	38	0.7	100	R
모과_생것		과일류	20	78	0.7	100	R
무화과_승정도후인_생것		과일류	13.5	52	0.7	100	R
무화과_승정도후인_말린것		과일류	63.6	254	5.1	100	R
무화과_봉래시_생것		과일류	11.5	45	0.8	100	R
무화과_수입산_말린것		과일류	77.2	319	4.8	100	R
바나나_생것		과일류	20	77	1.1	100	R
바나나_말린것		과일류	78.5	314	3.8	100	R
배_생것		과일류	12.2	45	0.3	100	R
배_돌배_생것		과일류	11.6	45	0.3	100	R
배_신고_생것		과일류	12.4	46	0.3	100	R
배_만풍_생것		과일류	12	44	0.3	100	R
배_원황_생것		과일류	12.3	46	0.3	100	R
배 과즙		과일류	13	52	0.3	100	R
버찌_생것		과일류	14.9	60	1.7	100	R
복분자_생것		과일류	18	88	1.5	100	R
복숭아_백도_생것		과일류	13.1	49	0.6	100	R
복숭아_천도_생것		과일류	9.4	39	0.8	100	R
복숭아_황도_생것		과일류	13	49	0.4	100	R
복숭아_천중도_생것		과일류	11.2	49	0.7	100	R
블랙베리_생것		과일류	8.7	43	0.7	100	R
블루베리_생것		과일류	12.6	48	0.6	100	R
블루베리_말린것		과일류	83.6	325	4.5	100	R
블루베리_얼린것		과일류	10.1	41	0.8	100	R
비파_생것		과일류	11.9	45	0.3	100	R
사과_생것		과일류	14.1	57	0.2	100	R
사과_부사_생것		과일류	13.6	56	0.2	100	R
사과_아오리_껍질제거_생것		과일류	14.2	52	0.3	100	R
사과_아오리_껍질 포함_생것		과일류	13.4	49	0.3	100	R
사과_홍옥_생것		과일류	14.7	58	0.2	100	R
산딸기_생것		과일류	13.6	55	1.4	100	R
산수유_열매_생것		과일류	23.8	112	0.9	100	R
산수유_과육_말린것		과일류	76.6	292	3.6	100	R
살구_생것		과일류	7.1	30	1.2	100	R
살구_말린것		과일류	68.4	258	3.2	100	R
석류_생것		과일류	20.7	77	0.3	100	R
소귀나무 열매_생것		과일류	4.6	24	0.8	100	R
수박_적육질_생것		과일류	7.8	31	0.8	100	R
수박_황육질_생것		과일류	9.3	36	0.7	100	R
산자나무 열매(씨벅톤)_생것		과일류	9.7	70	1	100	R
아떼모야_생것		과일류	19	73	1.2	100	R
아보카도_생것		과일류	8.5	160	2	100	R
아세로라_감미종_생것		과일류	9	36	0.7	100	R
앵두_생것		과일류	15.2	61	1.1	100	R
엘더베리_생것		과일류	18.4	73	0.7	100	R
오디_생것		과일류	14	56	0.8	100	R
오디_재래종_생것		과일류	12	54	2.6	100	R
오렌지_생것		과일류	11.8	47	0.9	100	R
오렌지_발렌시아_생것		과일류	11.9	49	1	100	R
오미자_생것		과일류	12.8	81	2.1	100	R
오미자_말린것		과일류	61.3	362	8.5	100	R
올리브 피클_숙과		과일류	3.4	121	0.8	100	R
올리브 피클_초록색		과일류	5.3	137	1.1	100	R
용과_백육종_생것		과일류	10.3	44	1	100	R
용과_적육종_생것		과일류	11.2	45	0.9	100	R
용과_황색종_생것		과일류	13.9	54	1	100	R
유자_전체_생것		과일류	12.5	49	0.9	100	R
유자_껍질_생것		과일류	14.2	55	1	100	R
유자_과육_생것		과일류	10.3	40	0.9	100	R
으름_생것		과일류	11.9	158	2	100	R
자두_생것		과일류	5.3	26	0.5	100	R
자두_말린것		과일류	63.9	240	2.2	100	R
자두_ 대석_ 생것		과일류	8.4	32	0.6	100	R
자두_후무사_생것		과일류	11.5	44	0.6	100	R
자몽(그레이프프루트)_생것		과일류	7.9	32	0.8	100	R
참외_씨 제거_생것		과일류	10.5	40	0.6	100	R
참외_씨 포함_생것		과일류	10.2	43	1	100	R
크랜베리_생것		과일류	12	46	0.5	100	R
크랜베리_말린것에 당류를 가한것		과일류	85.7	314	0.2	100	R
키위_골드_생것		과일류	13.7	54	0.8	100	R
키위_그린_생것		과일류	16.1	66	0.9	100	R
탱자_생것		과일류	18.5	84	1.3	100	R
파인애플_생것		과일류	14.1	53	0.5	100	R
파파야_완숙_생것		과일류	10.2	40	0.7	100	R
파파야_미숙_생것		과일류	6	23	0.5	100	R
백향과(패션프루트)_생것		과일류	22.6	100	1.7	100	R
백향과(패션프루트) 주스_천연과즙		과일류	16.2	67	0.8	100	R
백향과(패션프루트) 주스_황색과육		과일류	14.4	60	0.7	100	R
백향과(패션프루트) 주스_자색과육		과일류	13.6	51	0.4	100	R
포도_말린것		과일류	78.9	297	2.6	100	R
포도_거봉_생것		과일류	15.7	60	0.4	100	R
포도_거봉_껍질 포함_생것		과일류	18.2	68	0.6	100	R
포도_델라웨어_생것		과일류	17.9	67	0.6	100	R
포도_마스캇함브르그_생것		과일류	17.3	66	0.5	100	R
포도_세레단_생것		과일류	15.4	58	0.6	100	R
포도_캠벨얼리_생것		과일류	15.1	57	0.5	100	R
포도_캠벨얼리_껍질+씨포함_생것		과일류	15	58	0.7	100	R
포도_캠벨얼리_껍질 포함_생것		과일류	13.6	51	0.6	100	R
포도_청포도(힘로드시드레스)_생것		과일류	12.6	47	0.4	100	R
포도_청포도(힘로드시드레스)_껍질 포함_생것		과일류	12.1	45	0.4	100	R
포도_청포도(샤인머스켓)_껍질 포함_생것		과일류	17.7	66	0.4	100	R
포도_나르샤_껍질 포함_생것		과일류	15.2	58	0.6	100	R
포도_두누리_생것		과일류	14.8	57	0.4	100	R
포도_레드글로브_껍질 포함_생것		과일류	14.9	57	0.4	100	R
포도_새마루_생것		과일류	14.3	54	0.5	100	R
포도_수옥_생것		과일류	18.5	69	0.2	100	R
포도_스텔라_껍질 포함_생것		과일류	12.8	50	0.7	100	R
포도_진옥_생것		과일류	13.9	52	0.5	100	R
포도_탄금추_생것		과일류	13.1	50	0.3	100	R
포도_탐나라_생것		과일류	13.1	49	0.4	100	R
포도_홍단_생것		과일류	15.8	59	0.4	100	R
포도_홍아람_생것		과일류	15.4	57	0.4	100	R
포도_홍이슬_생것		과일류	14.2	53	0.3	100	R
포도_홍주씨들레스_껍질 포함_생것		과일류	18.1	68	0.3	100	R
포도_흑구슬_생것		과일류	15.7	62	0.3	100	R
포도_흑보석_생것		과일류	13.9	52	0.3	100	R
포도_청포도(샤이니스타)_생것		과일류	20.2	76	0.5	100	R
포도_청포도(청수)_생것		과일류	17.5	65	0.3	100	R
포도즙_천연과즙		과일류	12.6	48	0.7	100	R
아로니아_네로_생것		과일류	15.4	60	0.8	100	R
아로니아_바이킹_얼린것		과일류	17.4	68	1.1	100	R
체리_생것		과일류	16.9	67	1.6	100	R
플럼코트_생것		과일류	10	47	0.6	100	R
꾸지뽕_열매_생것		과일류	13.8	74	1.7	100	R
라즈베리_생것		과일류	11.9	52	1.2	100	R
라즈베리_얼린것		과일류	12.6	56	1.1	100	R
망고스틴_생것		과일류	17.5	71	0.6	100	R
구즈베리_생것		과일류	13.2	51	1	100	R
블랙커런트_생것		과일류	15.4	63	1.4	100	R
애플수박_S-비너스_생것		과일류	8.4	40	0.9	100	R
구기자_재래종_열매_생것		과일류	10.2	69	4.5	100	R
잭프루트_생것		과일류	23.2	95	1.7	100	R
오렴자(카람볼라)_생것		과일류	7.5	30	0.7	100	R
마가목 열매_생것		과일류	25.5	115	1.3	100	R
보리밥 열매_말린것		과일류	68.5	354	18.5	100	R
사과_감홍_생것		과일류	13.7	51	0.3	100	R
사과_양광_생것		과일류	12.7	47	0.3	100	R
사과_동결건조		과일류	85.9	332	1.9	100	R
오렌지_네블_생것		과일류	11.8	47	0.9	100	R
거위고기_살코기_생것		육류	0	161	22.8	100	R
거위고기_살코기_구운것		육류	0	238	29	100	R
거위 부산물_간_생것		육류	6.3	133	16.4	100	R
고래고기_생것		육류	0	111	26.5	100	R
꿩고기_숫꿩_생것		육류	0	124	27.5	100	R
꿩고기_암꿩_생것		육류	0	120	27.2	100	R
닭고기_구운것		육류	2.8	247	27.8	100	R
닭고기_가슴(껍질 제거)_생것		육류	0	106	23	100	R
닭고기_가슴(껍질 제거)_삶은것		육류	0	127	28.1	100	R
닭고기_가슴(껍질 제거)_구운것(팬)		육류	0	164	35.5	100	R
닭고기_날개_생것		육류	0	178	18.8	100	R
닭고기_날개_삶은것		육류	0	233	25.1	100	R
닭고기_날개_구운것(오븐)		육류	0	244	26.4	100	R
닭고기_넓적다리_생것		육류	0	190	18.6	100	R
닭고기_넓적다리_삶은것		육류	0	230	25.1	100	R
닭고기_넓적다리_구운것(팬)		육류	0	238	26.3	100	R
닭고기_목_생것		육류	0	342	15.1	100	R
닭고기_아랫다리_생것		육류	0	154	19.4	100	R
닭고기_아랫다리_삶은것		육류	0	189	24.3	100	R
닭고기_아랫다리_구운것(오븐)		육류	0	215	28.9	100	R
닭고기_전체_튀긴것		육류	6.1	274	23.9	100	R
닭고기_살코기_생것		육류	0.1	115	24	100	R
닭고기_살코기_삶은것		육류	0.1	142	27.8	100	R
닭고기_성계_생것		육류	0.1	180	19	100	R
닭고기_영계_삶은것		육류	0	251	26.1	100	R
닭고기_오골계_생것		육류	0.1	138	19	100	R
닭고기_토종_생것		육류	0.2	118	22	100	R
닭고기_토종_가슴		육류	0.5	106	23.1	100	R
닭고기_토종_날개		육류	0.8	122	20.4	100	R
닭고기_토종_껍질		육류	0	351	12.6	100	R
닭고기_토종_다리		육류	0.9	130	18.9	100	R
닭고기_토종_살코기		육류	2.8	108	20	100	R
닭 부산물_모래주머니_생것		육류	0	84	16.9	100	R
닭 부산물_모래주머니_구운것(오븐)		육류	0	132	26.8	100	R
닭 부산물_간_생것		육류	0.1	116	18.8	100	R
닭 부산물_간_삶은것		육류	0.9	167	24.5	100	R
닭 부산물_심장(염통)_생것		육류	0.7	153	15.6	100	R
닭 부산물_심장(염통)_삶은것		육류	0.1	185	26.4	100	R
닭 부산물_발_삶은것		육류	0.2	215	19.4	100	R
닭 부산물_닭발_생것		육류	0	199	17.6	100	R
닭 부산물_간_구운것(팬)		육류	3.6	154	18.5	100	R
닭 부산물_심장(염통)_구운것(팬)		육류	0	216	24.4	100	R
닭 육수		육류	0	12	1.3	100	R
닭 부산물_닭발_육수		육류	0	4	0.2	100	R
돼지고기_뒷다리_생것		육류	0	135	20.9	100	R
돼지고기_뒷다리_삶은것		육류	0	211	30.6	100	R
돼지고기_뒷다리_구운것(팬)		육류	0	212	30.2	100	R
돼지고기_삼겹살(삼겹살)_생것		육류	0	392	13.3	100	R
돼지고기_삼겹살(삼겹살)_삶은것		육류	0	427	19.6	100	R
돼지고기_삼겹살(삼겹살)_구운것(팬)		육류	0	484	22.8	100	R
돼지고기_뒷다리(도가니살)_생것		육류	0	130	21.3	100	R
돼지고기_뒷다리(뒷사태살)_생것		육류	0	135	20.5	100	R
돼지고기_뒷다리(보섭살)_생것		육류	0	138	21.1	100	R
돼지고기_뒷다리(볼기살)_생것		육류	0	133	20.8	100	R
돼지고기_뒷다리(설깃살)_생것		육류	0	139	20.9	100	R
돼지고기_뒷다리(홍두깨살)_생것		육류	0	136	20	100	R
돼지고기_등심(등심덧살)_생것		육류	0	203	17.5	100	R
돼지고기_등심(알등심살)_생것		육류	0	145	22.9	100	R
돼지고기_앞다리(앞사태살)_생것		육류	0	132	20.8	100	R
돼지고기_삼겹살(갈매기살)_생것		육류	0	190	17.9	100	R
돼지고기_삼겹살(등갈비)_생것		육류	0	237	17.9	100	R
돼지고기_삼겹살(토시살)_생것		육류	0	141	20.5	100	R
돼지고기_삼겹살(오돌삼겹)_생것		육류	0	325	17.1	100	R
돼지고기_앞다리(항정살)_생것		육류	0	307	18	100	R
돼지고기_앞다리(주걱살)_생것		육류	0	144	20.5	100	R
돼지고기_등심(등심살)_생것		육류	0	135	24	100	R
돼지고기_삼겹살_생것		육류	0	372	13.9	100	R
돼지고기_갈비_생것		육류	0	236	17.8	100	R
돼지고기_갈비_삶은것		육류	0	296	26.5	100	R
돼지고기_갈비_구운것(팬)		육류	0	270	24.8	100	R
돼지고기_등심_생것		육류	0	142	23.3	100	R
돼지고기_등심_삶은것		육류	0	204	35.1	100	R
돼지고기_등심_구운것(팬)		육류	0	184	32.1	100	R
돼지고기_목심(목심살)_생것		육류	0	227	17.2	100	R
돼지고기_목심(목심살)_삶은것		육류	0	282	25.4	100	R
돼지고기_목심(목심살)_구운것(팬)		육류	0	264	24.1	100	R
돼지고기_사태_생것		육류	0	156	19.8	100	R
돼지고기_사태_삶은것		육류	0	203	29.1	100	R
돼지고기_사태_구운것(팬)		육류	0	212	28.5	100	R
돼지고기_살코기_생것		육류	0	203	19.4	100	R
돼지고기_안심(안심살)_생것		육류	0	123	22.2	100	R
돼지고기_안심(안심살)_삶은것		육류	0	177	32.3	100	R
돼지고기_안심(안심살)_구운것(팬)		육류	0	172	30.2	100	R
돼지고기_앞다리_생것		육류	0	159	20.2	100	R
돼지고기_앞다리(꾸리살)_생것		육류	0	135	18.8	100	R
돼지고기_앞다리(부채살)_생것		육류	0	152	20.1	100	R
돼지고기_앞다리(앞다리살)_생것		육류	0	161	20.6	100	R
돼지고기_앞다리(수육용)_생것		육류	0	274	17.5	100	R
돼지고기_앞다리(수육용)_삶은것		육류	0	310	27.5	100	R
돼지 부산물_대장_생것		육류	0	227	8.7	100	R
돼지 부산물_대장_삶은것		육류	0	166	11.7	100	R
돼지 부산물_맹장_생것		육류	0	371	10.8	100	R
돼지 부산물_비장_생것		육류	0	85	18	100	R
돼지 부산물_위(오소리감투)_생것		육류	0	112	17.3	100	R
돼지 부산물_위(오소리감투)_삶은것		육류	0.1	157	21.4	100	R
돼지 부산물_직장_생것		육류	0	344	9.9	100	R
돼지 부산물_췌장_생것		육류	0	154	20.7	100	R
돼지 부산물_간_생것		육류	2.5	134	21.4	100	R
돼지 부산물_간_삶은것		육류	3.8	165	26	100	R
돼지 부산물_소장(곱창)_생것		육류	0	182	7.6	100	R
돼지 부산물_소장(곱창)_삶은것		육류	0	233	12.5	100	R
돼지 부산물_신장_생것		육류	1.2	110	16.7	100	R
돼지 부산물_신장_삶은것		육류	0	151	25.4	100	R
돼지 부산물_심장(염통)_생것		육류	1.3	118	17.3	100	R
돼지 부산물_심장(염통)_삶은것		육류	0.4	148	23.6	100	R
돼지 부산물_자궁_생것		육류	0	73	15.4	100	R
돼지 부산물_족발_생것		육류	0	212	23.2	100	R
돼지 부산물_족발_삶은것		육류	0	238	21.9	100	R
돼지 부산물_허파_생것		육류	0	85	14.1	100	R
돼지 부산물_허파_삶은것		육류	0	99	16.6	100	R
돼지 부산물_머리고기_삶은것		육류	0	363	17.5	100	R
메추리고기_생것		육류	0.1	194	20.5	100	R
멧돼지고기_생것		육류	0.5	249	18.8	100	R
멧돼지고기_앞다리_생것		육류	0	191	21.5	100	R
소고기_수입산(미국산)_설도_구운것(석쇠)		육류	0	164	28.4	100	R
소고기_수입산(미국산)_갈비_구운것(오븐)		육류	0	400	22.6	100	R
소고기_수입산(미국산)_목심(목심살)_생것		육류	1	268	17	100	R
소고기_수입산(미국산)_목심(목심살)_삶은것		육류	0	359	26.4	100	R
소고기_수입산(미국산)_사태_끓인것		육류	0	201	33.7	100	R
소고기_수입산(미국산)_안심(안심살)_구운것		육류	0	267	26.5	100	R
소고기_한우_양지_생것		육류	0	253	18.6	100	R
소고기_한우_양지_삶은것		육류	0	272	33.1	100	R
소고기_한우_양지_구운것(팬)		육류	0	309	25.6	100	R
소고기_한우_갈비_생것		육류	1.9	307	16.5	100	R
소고기_한우_등심_생것		육류	0	313	15.6	100	R
소고기_한우_등심_삶은것		육류	0	357	25.2	100	R
소고기_한우_등심_구운것(팬)		육류	0	400	18.9	100	R
소고기_한우_채끝(채끝살)_생것		육류	0.2	126	17.1	100	R
소고기_한우(1++등급)_설도_생것		육류	0	217	19.6	100	R
소고기_한우(1++등급)_설도(보섭살)_생것		육류	0	218	20.2	100	R
소고기_한우(1++등급)_설도(설깃살)_생것		육류	0	223	19.7	100	R
소고기_한우(1++등급)_우둔(우둔살)_생것		육류	0	191	20.4	100	R
소고기_한우(1++등급)_우둔(홍두깨살)_생것		육류	0	189	20.4	100	R
소고기_한우(1++등급)_양지_생것		육류	0	288	16.8	100	R
소고기_한우(1++등급)_양지(양지머리)_생것		육류	0	213	19.9	100	R
소고기_한우(1++등급)_양지(업진살)_생것		육류	0	413	12.6	100	R
소고기_한우(1++등급)_갈비(꽃갈비)_생것		육류	0	424	12.6	100	R
소고기_한우(1++등급)_갈비(본갈비)_생것		육류	0	376	14.6	100	R
소고기_한우(1++등급)_갈비(안창살)_생것		육류	0	313	14.6	100	R
소고기_한우(1++등급)_갈비(제비추리)_생것		육류	0	202	20	100	R
소고기_한우(1++등급)_갈비(참갈비)_생것		육류	0	415	12.2	100	R
소고기_한우(1++등급)_갈비(토시살)_생것		육류	0	273	16.5	100	R
소고기_한우(1++등급)_등심(꽃등심살)_생것		육류	0	365	15.4	100	R
소고기_한우(1++등급)_등심(살치살)_생것		육류	0	363	14.7	100	R
소고기_한우(1++등급)_등심(아래등심살)_생것		육류	0	348	16.2	100	R
소고기_한우(1++등급)_등심(윗등심살)_생것		육류	0	335	16	100	R
소고기_한우(1++등급)_사태(뒷사태)_생것		육류	0	178	21.4	100	R
소고기_한우(1++등급)_사태(뭉치사태)_생것		육류	0	167	22.4	100	R
소고기_한우(1++등급)_사태(상박살)_생것		육류	0	222	20.2	100	R
소고기_한우(1++등급)_사태(아롱사태)_생것		육류	0	233	21.8	100	R
소고기_한우(1++등급)_사태(앞사태)_생것		육류	0	159	20.9	100	R
소고기_한우(1++등급)_설도(도가니살)_생것		육류	0	175	20.3	100	R
소고기_한우(1++등급)_설도(삼각살)_생것		육류	0	304	16.9	100	R
소고기_한우(1++등급)_설도(설깃머리살)_생것		육류	0	245	17.9	100	R
소고기_한우(1++등급)_앞다리(갈비덧살)_생것		육류	0	224	19.2	100	R
소고기_한우(1++등급)_앞다리(부채덮개살)_생것		육류	0	185	21.3	100	R
소고기_한우(1++등급)_양지(앞치마살)_생것		육류	0	351	14.3	100	R
소고기_한우(1++등급)_양지(업진안살)_생것		육류	0	321	15.4	100	R
소고기_한우(1++등급)_양지(차돌박이)_생것		육류	0	342	14.1	100	R
소고기_한우(1++등급)_양지(치마살)_생것		육류	0	275	16.4	100	R
소고기_한우(1++등급)_양지(치마양지)_생것		육류	0	253	18	100	R
소고기_한우(1++등급)_우둔_생것		육류	0	191	20.4	100	R
소고기_한우(1++등급)_갈비_생것		육류	0	406	13.9	100	R
소고기_한우(1++등급)_등심_생것		육류	0	349	15.8	100	R
소고기_한우(1++등급)_목심(목심살)_생것		육류	0	217	20.2	100	R
소고기_한우(1++등급)_사태_생것		육류	0	174	21.4	100	R
소고기_한우(1++등급)_살코기_생것		육류	0	269	17.9	100	R
소고기_한우(1++등급)_안심(안심살)_생것		육류	0	268	17.4	100	R
소고기_한우(1++등급)_앞다리_생것		육류	0	222	18.9	100	R
소고기_한우(1++등급)_앞다리(꾸리살)_생것		육류	0	192	19.6	100	R
소고기_한우(1++등급)_채끝(채끝살)_생것		육류	0	360	16.5	100	R
소고기_한우(1++등급)_앞다리(부채살)_생것		육류	0	285	17	100	R
소고기_한우(1++등급)_앞다리(앞다리살)_생것		육류	0	213	18.9	100	R
소고기_한우(3등급)_설도(보섭살)_생것		육류	0	108	22.2	100	R
소고기_한우(3등급)_설도(설깃살)_생것		육류	0	103	22.2	100	R
소고기_한우(3등급)_우둔(우둔살)_생것		육류	0	107	22.8	100	R
소고기_한우(3등급)_우둔(홍두깨살)_생것		육류	0	104	22.5	100	R
소고기_한우(3등급)_양지(양지머리)_생것		육류	0	104	21.4	100	R
소고기_한우(3등급)_양지(업진살)_생것		육류	0	111	21.7	100	R
소고기_한우(3등급)_등심_생것		육류	0	117	21.3	100	R
소고기_한우(3등급)_목심(목심살)_생것		육류	0	102	21.4	100	R
소고기_한우(3등급)_앞다리(꾸리살)_생것		육류	0	102	21.5	100	R
소고기_한우(3등급)_채끝(채끝살)_생것		육류	0	113	22.4	100	R
소고기_한우(1등급)_설도_생것		육류	0	183	21	100	R
소고기_한우(1등급)_설도(보섭살)_생것		육류	0	163	21.8	100	R
소고기_한우(1등급)_설도(설깃살)_생것		육류	0	204	21.1	100	R
소고기_한우(1등급)_우둔(우둔살)_생것		육류	0	166	23.1	100	R
소고기_한우(1등급)_우둔(홍두깨살)_생것		육류	0	146	22.7	100	R
소고기_한우(1등급)_양지_생것		육류	0	248	20.2	100	R
소고기_한우(1등급)_양지(양지머리)_생것		육류	0	198	21.2	100	R
소고기_한우(1등급)_양지(업진살)_생것		육류	0	291	19.3	100	R
소고기_한우(1등급)_갈비(꽃갈비)_생것		육류	0	396	15.3	100	R
소고기_한우(1등급)_갈비(본갈비)_생것		육류	0	312	16.9	100	R
소고기_한우(1등급)_갈비(안창살)_생것		육류	0	293	15.5	100	R
소고기_한우(1등급)_갈비(제비추리)_생것		육류	0	178	21.9	100	R
소고기_한우(1등급)_갈비(참갈비)_생것		육류	0	404	15.9	100	R
소고기_한우(1등급)_갈비(토시살)_생것		육류	0	271	19.6	100	R
소고기_한우(1등급)_등심(꽃등심살)_생것		육류	0	336	17.8	100	R
소고기_한우(1등급)_등심(살치살)_생것		육류	0	319	16.7	100	R
소고기_한우(1등급)_등심(아래등심살)_생것		육류	0	263	17.8	100	R
소고기_한우(1등급)_등심(윗등심살)_생것		육류	0	309	20.1	100	R
소고기_한우(1등급)_사태(뒷사태)_생것		육류	0	161	22.9	100	R
소고기_한우(1등급)_사태(뭉치사태)_생것		육류	0	147	24	100	R
소고기_한우(1등급)_사태(상박살)_생것		육류	0	185	21.4	100	R
소고기_한우(1등급)_사태(아롱사태)_생것		육류	0	237	21.5	100	R
소고기_한우(1등급)_사태(앞사태)_생것		육류	0	147	23.1	100	R
소고기_한우(1등급)_설도(도가니살)_생것		육류	0	163	20.4	100	R
소고기_한우(1등급)_설도(삼각살)_생것		육류	0	225	21	100	R
소고기_한우(1등급)_설도(설깃머리살)_생것		육류	0	197	20.2	100	R
소고기_한우(1등급)_앞다리(갈비덧살)_생것		육류	0	187	20.4	100	R
소고기_한우(1등급)_앞다리(부채덮개살)_생것		육류	0	150	21.4	100	R
소고기_한우(1등급)_양지(앞치마살)_생것		육류	0	292	18.7	100	R
소고기_한우(1등급)_양지(업진안살)_생것		육류	0	269	17.8	100	R
소고기_한우(1등급)_양지(차돌박이)_생것		육류	0	408	16.4	100	R
소고기_한우(1등급)_양지(치마살)_생것		육류	0	216	20.4	100	R
소고기_한우(1등급)_양지(치마양지)_생것		육류	0	193	22.3	100	R
소고기_한우(1등급)_우둔_생것		육류	0	162	23	100	R
소고기_한우(1등급)_갈비_생것		육류	0	376	16.8	100	R
소고기_한우(1등급)_등심_생것		육류	0	309	18.6	100	R
소고기_한우(1등급)_목심(목심살)_생것		육류	0	204	21.6	100	R
소고기_한우(1등급)_사태_생것		육류	0	157	23.1	100	R
소고기_한우(1등급)_살코기_생것		육류	0	233	20.2	100	R
소고기_한우(1등급)_안심(안심살)_생것		육류	0	205	19.2	100	R
소고기_한우(1등급)_앞다리_생것		육류	0	188	21.1	100	R
소고기_한우(1등급)_앞다리(꾸리살)_생것		육류	0	157	20.6	100	R
소고기_한우(1등급)_채끝(채끝살)_생것		육류	0	230	17.6	100	R
소고기_한우(1등급)_앞다리(부채살)_생것		육류	0	253	20.7	100	R
소고기_한우(1등급)_앞다리(앞다리살)_생것		육류	0	179	21.5	100	R
소고기_한우(1+등급)_설도_생것		육류	0	191	20.8	100	R
소고기_한우(1+등급)_설도(보섭살)_생것		육류	0	179	21.8	100	R
소고기_한우(1+등급)_설도(설깃살)_생것		육류	0	207	21.5	100	R
소고기_한우(1+등급)_우둔(우둔살)_생것		육류	0	183	22.7	100	R
소고기_한우(1+등급)_우둔(홍두깨살)_생것		육류	0	160	21.6	100	R
소고기_한우(1+등급)_양지_생것		육류	0	273	17.8	100	R
소고기_한우(1+등급)_양지(양지머리)_생것		육류	0	197	19.8	100	R
소고기_한우(1+등급)_양지(업진살)_생것		육류	0	335	15.1	100	R
소고기_한우(1+등급)_갈비(꽃갈비)_생것		육류	0	391	14.7	100	R
소고기_한우(1+등급)_갈비(본갈비)_생것		육류	0	388	14.7	100	R
소고기_한우(1+등급)_갈비(안창살)_생것		육류	0	313	15.2	100	R
소고기_한우(1+등급)_갈비(제비추리)_생것		육류	0	187	21.1	100	R
소고기_한우(1+등급)_갈비(참갈비)_생것		육류	0	373	14.8	100	R
소고기_한우(1+등급)_갈비(토시살)_생것		육류	0	269	15.7	100	R
소고기_한우(1+등급)_등심(꽃등심살)_생것		육류	0	342	17.1	100	R
소고기_한우(1+등급)_등심(살치살)_생것		육류	0	351	13.5	100	R
소고기_한우(1+등급)_등심(아래등심살)_생것		육류	0	297	18.2	100	R
소고기_한우(1+등급)_등심(윗등심살)_생것		육류	0	339	17	100	R
소고기_한우(1+등급)_사태(뒷사태)_생것		육류	0	153	20.6	100	R
소고기_한우(1+등급)_사태(뭉치사태)_생것		육류	0	138	21.9	100	R
소고기_한우(1+등급)_사태(상박살)_생것		육류	0	211	20.1	100	R
소고기_한우(1+등급)_사태(아롱사태)_생것		육류	0	241	20.6	100	R
소고기_한우(1+등급)_사태(앞사태)_생것		육류	0	153	22.1	100	R
소고기_한우(1+등급)_설도(도가니살)_생것		육류	0	171	20	100	R
소고기_한우(1+등급)_설도(삼각살)_생것		육류	0	211	19.4	100	R
소고기_한우(1+등급)_설도(설깃머리살)_생것		육류	0	211	19.2	100	R
소고기_한우(1+등급)_앞다리(갈비덧살)_생것		육류	0	215	18.6	100	R
소고기_한우(1+등급)_앞다리(부채덮개살)_생것		육류	0	161	20.7	100	R
소고기_한우(1+등급)_양지(앞치마살)_생것		육류	0	297	17.4	100	R
소고기_한우(1+등급)_양지(업진안살)_생것		육류	0	305	18.1	100	R
소고기_한우(1+등급)_양지(차돌박이)_생것		육류	0	484	11.2	100	R
소고기_한우(1+등급)_양지(치마살)_생것		육류	0	241	17.6	100	R
소고기_한우(1+등급)_양지(치마양지)_생것		육류	0	217	20.8	100	R
소고기_한우(1+등급)_우둔_생것		육류	0	179	22.5	100	R
소고기_한우(1+등급)_갈비_생것		육류	0	388	15.5	100	R
소고기_한우(1+등급)_등심_생것		육류	0	333	16.9	100	R
소고기_한우(1+등급)_목심(목심살)_생것		육류	0	227	20.8	100	R
소고기_한우(1+등급)_사태_생것		육류	0	156	21.3	100	R
소고기_한우(1+등급)_살코기_생것		육류	0	251	19	100	R
소고기_한우(1+등급)_안심(안심살)_생것		육류	0	210	20.7	100	R
소고기_한우(1+등급)_앞다리_생것		육류	0	200	19.7	100	R
소고기_한우(1+등급)_앞다리(꾸리살)_생것		육류	0	189	19	100	R
소고기_한우(1+등급)_채끝(채끝살)_생것		육류	0	314	17.9	100	R
소고기_한우(1+등급)_앞다리(부채살)_생것		육류	0	251	17.4	100	R
소고기_한우(1+등급)_앞다리(앞다리살)_생것		육류	0	188	20.7	100	R
소고기_한우(2등급)_설도_생것		육류	0	173	21.2	100	R
소고기_한우(2등급)_설도(보섭살)_생것		육류	0	168	21.3	100	R
소고기_한우(2등급)_설도(설깃살)_생것		육류	0	165	21.4	100	R
소고기_한우(2등급)_우둔(우둔살)_생것		육류	0	157	22.1	100	R
소고기_한우(2등급)_우둔(홍두깨살)_생것		육류	0	138	22.4	100	R
소고기_한우(2등급)_양지_생것		육류	0	232	19.4	100	R
소고기_한우(2등급)_양지(양지머리)_생것		육류	0	198	20.4	100	R
소고기_한우(2등급)_양지(업진살)_생것		육류	0	298	17.4	100	R
소고기_한우(2등급)_갈비(꽃갈비)_생것		육류	0	313	17.4	100	R
소고기_한우(2등급)_갈비(본갈비)_생것		육류	0	310	16.6	100	R
소고기_한우(2등급)_갈비(안창살)_생것		육류	0	238	16.6	100	R
소고기_한우(2등급)_갈비(제비추리)_생것		육류	0	172	21.5	100	R
소고기_한우(2등급)_갈비(참갈비)_생것		육류	0	291	17.7	100	R
소고기_한우(2등급)_갈비(토시살)_생것		육류	0	260	18.2	100	R
소고기_한우(2등급)_등심(꽃등심살)_생것		육류	0	301	17.1	100	R
소고기_한우(2등급)_등심(살치살)_생것		육류	0	274	17.2	100	R
소고기_한우(2등급)_등심(아래등심살)_생것		육류	0	246	20	100	R
소고기_한우(2등급)_등심(윗등심살)_생것		육류	0	272	18.4	100	R
소고기_한우(2등급)_사태(뒷사태)_생것		육류	0	158	21.8	100	R
소고기_한우(2등급)_사태(뭉치사태)_생것		육류	0	145	23.2	100	R
소고기_한우(2등급)_사태(상박살)_생것		육류	0	174	21.1	100	R
소고기_한우(2등급)_사태(아롱사태)_생것		육류	0	221	21.8	100	R
소고기_한우(2등급)_사태(앞사태)_생것		육류	0	148	21.1	100	R
소고기_한우(2등급)_설도(도가니살)_생것		육류	0	168	21.6	100	R
소고기_한우(2등급)_설도(삼각살)_생것		육류	0	202	20.4	100	R
소고기_한우(2등급)_설도(설깃머리살)_생것		육류	0	200	19.7	100	R
소고기_한우(2등급)_앞다리(갈비덧살)_생것		육류	0	174	20.6	100	R
소고기_한우(2등급)_앞다리(부채덮개살)_생것		육류	0	156	22.8	100	R
소고기_한우(2등급)_양지(앞치마살)_생것		육류	0	254	18.3	100	R
소고기_한우(2등급)_양지(업진안살)_생것		육류	0	224	18.7	100	R
소고기_한우(2등급)_양지(차돌박이)_생것		육류	0	326	16.1	100	R
소고기_한우(2등급)_양지(치마살)_생것		육류	0	206	19.1	100	R
소고기_한우(2등급)_양지(치마양지)_생것		육류	0	182	21.8	100	R
소고기_한우(2등급)_우둔_생것		육류	0	153	22.2	100	R
소고기_한우(2등급)_갈비_생것		육류	0	306	18	100	R
소고기_한우(2등급)_등심_생것		육류	0	275	18.2	100	R
소고기_한우(2등급)_목심(목심살)_생것		육류	0	194	20.2	100	R
소고기_한우(2등급)_사태_생것		육류	0	155	21.8	100	R
소고기_한우(2등급)_살코기_생것		육류	0	214	20	100	R
소고기_한우(2등급)_안심(안심살)_생것		육류	0	207	19.8	100	R
소고기_한우(2등급)_앞다리_생것		육류	0	174	21.1	100	R
소고기_한우(2등급)_앞다리(꾸리살)_생것		육류	0	163	20.6	100	R
소고기_한우(2등급)_채끝(채끝살)_생것		육류	0	245	20.4	100	R
소고기_한우(2등급)_앞다리(부채살)_생것		육류	0	219	19.9	100	R
소고기_한우(2등급)_앞다리(앞다리살)_생것		육류	0	164	21.4	100	R
소 부산물_선지(피)_생것		육류	2.2	51	10.1	100	R
소 부산물_양(위)_생것		육류	0.1	61	9.9	100	R
소 부산물_양(위)_삶은것		육류	0	166	24.5	100	R
소 부산물_천엽_생것		육류	0	57	11.7	100	R
소 부산물_간_생것		육류	3.9	135	20.4	100	R
소 부산물_간_삶은것		육류	5.1	191	29.1	100	R
소 부산물_간_구운것(팬)		육류	5.2	175	26.5	100	R
소 부산물_골_생것		육류	1.7	123	9.3	100	R
소 부산물_꼬리_생것		육류	0	252	17.4	100	R
소 부산물_소장(곱창)_생것		육류	0.1	145	9	100	R
소 부산물_신장_생것		육류	0.3	99	17.4	100	R
소 부산물_신장_삶은것		육류	0	158	27.3	100	R
소 부산물_심장(염통)_생것		육류	0.1	112	17.7	100	R
소 부산물_심장(염통)_삶은것		육류	0.1	165	28.5	100	R
소 부산물_허파_생것		육류	0	92	16.2	100	R
소 부산물_허파_삶은것		육류	0	120	20.4	100	R
소 부산물_혀_생것		육류	0	191	13	100	R
양지국물		육류	0	4	1	100	R
우족국물_중량3배물		육류	0	2	0.3	100	R
잡뼈국물		육류	0	28	4.3	100	R
송아지고기_수입산(미국산)_갈비_생것		육류	0	162	18.9	100	R
송아지고기_수입산(미국산)_갈비_삶은것		육류	0	251	32.4	100	R
송아지고기_수입산(미국산)_갈비_구운것		육류	0	228	24	100	R
송아지고기_수입산(미국산)_등심_생것		육류	0.1	177	20.1	100	R
송아지고기_수입산(미국산)_등심_삶은것		육류	0	284	30.2	100	R
송아지고기_수입산(미국산)_등심_구운것		육류	0	217	24.8	100	R
송아지고기_수입산(미국산)_살코기_생것		육류	0	105	20	100	R
송아지고기_수입산(미국산)_살코기_삶은것		육류	0	201	35.7	100	R
송아지고기_수입산(미국산)_어깨_생것		육류	0	132	19.3	100	R
송아지고기_수입산(미국산)_어깨_삶은것		육류	0	236	33.6	100	R
송아지고기_수입산(미국산)_어깨_구운것		육류	0	183	25.5	100	R
송아지고기_수입산(미국산)_채끝(채끝살)_생것		육류	0	152	19.1	100	R
송아지고기_수입산(미국산)_채끝(채끝살)_삶은것		육류	0	252	31.3	100	R
송아지고기_수입산(미국산)_채끝(채끝살)_구운것(오븐)		육류	0	202	25.1	100	R
송아지 부산물_수입산(미국산)_간_생것		육류	2.9	140	19.9	100	R
송아지 부산물_수입산(미국산)_간_삶은것		육류	3.8	192	28.4	100	R
송아지 부산물_수입산(미국산)_골_생것		육류	0	118	10.3	100	R
송아지 부산물_수입산(미국산)_골_삶은것		육류	0	136	11.5	100	R
송아지 부산물_수입산(미국산)_신장_생것		육류	0.8	99	15.8	100	R
송아지 부산물_수입산(미국산)_신장_삶은것		육류	0	163	26.3	100	R
송아지 부산물_수입산(미국산)_심장(염통)_생것		육류	0.1	110	17.2	100	R
송아지 부산물_수입산(미국산)_심장(염통)_삶은것		육류	0.1	186	29.1	100	R
송아지 부산물_수입산(미국산)_허파_생것		육류	0	90	16.3	100	R
송아지 부산물_수입산(미국산)_허파_삶은것		육류	0	104	18.7	100	R
송아지 부산물_수입산(미국산)_혀_생것		육류	1.9	131	17.2	100	R
송아지 부산물_수입산(미국산)_혀_삶은것		육류	0	202	25.9	100	R
양고기_외국산_다리_생것		육류	0.1	205	18.8	100	R
어린양고기_수입산(미국산)_갈비_생것		육류	0	372	14.5	100	R
어린양고기_수입산(미국산)_갈비_구운것(오븐)		육류	0	359	21.1	100	R
어린양고기_수입산(미국산)_다리_생것		육류	0	201	18.6	100	R
어린양고기_수입산(미국산)_다리_구운것(오븐)		육류	0	225	26.4	100	R
어린양고기_수입산(미국산)_살코기_생것		육류	0	143	20.9	100	R
어린양고기_수입산(미국산)_어깨_생것		육류	0	264	16.6	100	R
어린양고기_수입산(미국산)_어깨_삶은것		육류	0	344	28.7	100	R
어린양고기_수입산(미국산)_어깨_구운것(오븐)		육류	0	276	22.5	100	R
어린양 부산물_수입산(미국산)_간_생것		육류	1.8	139	20.4	100	R
어린양 부산물_수입산(미국산)_간_삶은것		육류	2.5	220	30.6	100	R
염소고기_생것		육류	0	181	19.9	100	R
염소고기_삶은것		육류	0	251	29.4	100	R
염소고기_외국산_생것		육류	0.2	99	21.9	100	R
오리고기_껍질 포함_생것		육류	0	242	16.6	100	R
오리고기_살코기_생것		육류	0	117	21	100	R
오리고기_껍질 포함_삶은것		육류	0	277	28.7	100	R
오리고기_껍질 포함_구운것(팬)		육류	0	308	29	100	R
자라고기_외국산_생것		육류	0.5	175	16.4	100	R
칠면조고기_수입산(미국산)_생것		육류	0.1	144	21.6	100	R
칠면조고기_수입산(미국산)_구운것		육류	0.1	189	28.6	100	R
토끼고기_살코기_생것		육류	0	161	21	100	R
토끼고기_살코기_삶은것		육류	0	203	28.2	100	R
토끼고기_집토끼_생것		육류	0.6	135	21.7	100	R
토끼고기_집토끼_끓인것		육류	0	173	33	100	R
말고기_살코기_생것		육류	0.3	102	20.1	100	R
거위알_생것		난류	0.8	193	13.2	100	R
거위알_삶은것		난류	1	187	12.7	100	R
기러기알_생것		난류	2.4	193	12.3	100	R
기러기알_삶은것		난류	4	212	13.1	100	R
달걀_생것		난류	0.8	136	12.9	100	R
달걀_분말화한것		난류	4.5	376	82.4	100	R
달걀_삶은것		수·조·어·육류	0.6	150	12.8	100	D
달걀_난백_생것		난류	0.1	50	11.5	100	R
달걀_난백_삶은것		난류	0.2	51	11.6	100	R
달걀_난황_생것		난류	5.8	326	15.7	100	R
달걀_난황_삶은것		난류	1.4	379	16.5	100	R
달걀_유정란_생것		난류	8.1	156	10.9	100	R
달걀_유정란_난백_생것		난류	3.6	50	8.5	100	R
달걀_유정란_난황_생것		난류	21.7	333	14.4	100	R
메추리알_생것		난류	1.7	146	12.8	100	R
메추리알_삶은것		난류	1.7	155	12.5	100	R
메추리알_난백_생것		난류	0.1	52	11.8	100	R
메추리알_난백_삶은것		난류	0	50	11.3	100	R
메추리알_난황_생것		난류	3.7	296	14.8	100	R
메추리알_난황_삶은것		난류	1.4	360	15.4	100	R
오리알_생것		난류	2	171	13.1	100	R
오리알_삶은것		난류	2.4	183	13.4	100	R
오리알_난백_생것		난류	1.4	52	10.8	100	R
오리알_난백_삶은것		난류	2	58	11.5	100	R
오리알_난황_생것		난류	3	351	16.7	100	R
오리알_난황_삶은것		난류	3	375	16.2	100	R
청둥오리알_생것		난류	1	178	13.6	100	R
모유		우유류	7.2	61	1.1	100	R
분유		우유류	56.6	498	14	100	R
분유_전지		우유류	39.1	509	25.5	100	R
분유_탈지		우유류	53.2	358	33.9	100	R
산양유		우유류	4	62	3.2	100	R
우유		우유류	4.9	67	3.1	100	R
들기름		유지류	0.1	920	0	100	R
땅콩기름		유지류	0	884	0	100	R
면실유		유지류	0	883	0	100	R
복숭아씨기름		유지류	0.3	911	0.5	100	R
쌀겨기름(미강유)		유지류	0.1	921	0	100	R
옥수수기름		유지류	0.2	919	0	100	R
올리브유		유지류	0	921	0	100	R
유채씨기름		유지류	0.1	920	0	100	R
잇꽃씨기름		유지류	0	892	0	100	R
참기름		유지류	0.1	920	0	100	R
코코넛유		유지류	0.3	918	0	100	R
콩기름		유지류	0	921	0	100	R
팜유		유지류	0.4	917	0	100	R
해바라기유		유지류	0.2	919	0	100	R
혼합식물성유		유지류	0	886	0	100	R
포도씨유		유지류	0	920	0	100	R
아마씨유		유지류	0	884	0.1	100	R
호두유		유지류	0.4	917	0	100	R
아몬드유		유지류	0	884	0	100	R
아보카도유		유지류	0.5	917	0	100	R
닭기름		유지류	0	900	0	100	R
돼지기름		유지류	0.6	915	0	100	R
쇠기름		유지류	0	869	0.2	100	R
연어기름		유지류	0	902	0	100	R
결명자차_말린것		차류	67	391	19.8	100	R
계피차_분말화한것		차류	89	357	0	100	R
구기자차_말린것		차류	57.2	384	14.6	100	R
구절초차_말린것		차류	72.1	345	11.1	100	R
국화차_말린것		차류	69.9	358	14.5	100	R
녹차_분말화한것		차류	66.9	379	22.4	100	R
녹차_추출		차류	0.4	2	0.1	100	R
녹차_잎_말린것		차류	64.2	388	26.7	100	R
녹차_인동녹차_말린것		차류	63.3	329	16.8	100	R
녹차_장군차_말린것		차류	59.9	361	28	100	R
녹차_현미_추출		차류	0.1	1	0	100	R
다래나무순차_추출		차류	0.1	1	0.1	100	R
대추차_추출		차류	17.8	75	0.1	100	R
도라지차		차류	5.1	22	0.3	100	R
두충차_분말화한것		차류	67.9	354	14.3	100	R
둥굴레차_추출		차류	0.3	1	0	100	R
보리차_추출		차류	0.1	0	0	100	R
사과차_추출		차류	41.6	167	0.1	100	R
상지차_말린것		차류	78.6	360	6	100	R
쑥차_말린것		차류	56.4	338	26.3	100	R
야콘차_추출		차류	24	98	0.6	100	R
오미자차_말린것		차류	60.8	371	16.3	100	R
치커리차_말린것		차류	84.6	369	7.3	100	R
커피_원두_에스프레소_용액		차류	4.9	22	0.2	100	R
커피_원두_커피(아메리카노 2샷) _용액		차류	0.5	2	0	100	R
홍차_추출		차류	0.3	2	0.2	100	R
보이차		차류	0	0	0.1	100	R
민들레차		차류	0.1	0	0	100	R
카모마일차_추출		차류	0.2	1	0	100	R
감잎차_추출		차류	0	0	0	100	R
결명자차_추출		차류	0	0	0	100	R
구기자차_추출		차류	0.1	1	0	100	R
국화차_추출		차류	0	0	0	100	R
우롱차_추출		차류	0.1	0	0	100	R
간장_재래		조미료류	2.5	34	5.9	100	R
계피_분말화한것		조미료류	80.9	349	3.6	100	R
고춧가루_분말화한것		조미료류	60.6	319	13.3	100	R
깨소금_ 가루_ 볶은것		조미료류	13.7	638	18.1	100	R
된장_ 보리		조미료류	25.3	164	10.9	100	R
된장_ 재래		조미료류	7.3	142	13.6	100	R
산초_ 가루		조미료류	66.4	349	18.6	100	R
올스파이스_ 가루		조미료류	54.2	275	24.2	100	R
육두구_ 가루		조미료류	68.6	302	9.7	100	R
정향_ 가루		조미료류	71.7	367	12.6	100	R
칠리_ 가루		조미료류	79.8	363	8.8	100	R
타임_ 가루		조미료류	75.2	364	5.6	100	R
파프리카_ 가루		조미료류	47.5	520	5.7	100	R
후추_ 검은색_ 가루		조미료류	66.4	398	7.2	100	R
후추_ 흰색_ 가루		조미료류	60.1	374	15	100	R
골든세이지_말린것		조미료류	73.6	385	1.6	100	R
라벤다_말린것		조미료류	63.3	330	12.6	100	R
로즈마리_말린것		조미료류	64.1	331	4.9	100	R
민트_말린것		조미료류	56.2	294	17.5	100	R
월계수_잎_말린것		조미료류	75	313	7.6	100	R
코리아타임_말린것		조미료류	79.2	378	1.4	100	R
고추냉이_분말화한것		조미료류	55.1	299	29.9	100	R
겨자_분말화한것		조미료류	50	413	18.4	100	R
마늘_ 가루		조미료류	69.8	342	6.5	100	R
생강_ 가루		조미료류	55.6	385	15.5	100	R
양파_ 가루		조미료류	78.2	354	8.5	100	R
파슬리_말린것		조미료류	61.6	298	20.2	100	R
페퍼민트_생것		조미료류	14.9	70	3.8	100	R
타라곤_말린것		조미료류	50.2	295	22.8	100	R
오레가노_말린것		조미료류	68.9	265	9	100	R
레몬그라스(시트로넬라)_생것		조미료류	25.3	99	1.8	100	R
사프란_말린것		조미료류	65.4	310	11.4	100	R
뽕잎_ 가루		조미료류	64.8	299	18.6	100	R
소금		조미료류	0	0	0	100	R
소금_굵은소금		조미료류	0	0	0	100	R
소금_천일염_가는소금		조미료류	6	24	0.1	100	R
소금_천일염		조미료류	5	20	0	100	R
소금_천일염_굵은소금		조미료류	3.9	16	0	100	R
소금_천일염_소금꽃		조미료류	5.3	21	0	100	R
소금_천일염_토판염		조미료류	4.1	16	0	100	R
소금_프랑스_소금꽃		조미료류	2.8	11	0	100	R
소금_프랑스_토판염		조미료류	4	16	0	100	R
대나무_추출		기타	0.2	2	0	100	R
메뚜기_성충_생것		기타	1.9	125	24.3	100	R
삼백초_말린것		기타	67	301	12.1	100	R
삼백초_잎_말린것		기타	59.6	278	12.8	100	R
삼백초_줄기_말린것		기타	71.1	278	4.9	100	R
솔잎_생것		기타	32.9	161	4.5	100	R
송화_분말화한것		기타	79.8	392	11.5	100	R
인삼_백삼_말린것		기타	69.8	316	15.7	100	R
인삼_수삼_생것		기타	18.9	90	4.1	100	R
인삼_수삼_삶은것		기타	18.2	86	3.5	100	R
인삼_홍삼_말린것		기타	68.2	309	13	100	R
인삼_홍삼_추출		기타	3.3	15	0.3	100	R
프로폴리스		기타	46.9	642	0.5	100	R
고로쇠나무_수액		기타	1.4	5	0	100	R
누에_유충_분말화한것		기타	10.1	482	50.9	100	R
달팽이_생것		기타	2	90	16.1	100	R
번데기(누에)_생것		기타	1.9	126	12.6	100	R
번데기(누에)_말린것		기타	3.7	224	22.3	100	R
솔잎_ 추출		기타	2.1	8	0.1	100	R
수세미_ 수액		기타	0.7	4	0.8	100	R
치자꽃_생것		기타	14.9	66	1.3	100	R
귀뚜라미_성충_생것		기타	3.4	130	22.4	100	R
갈색 거저리_유충_생것		기타	0.8	195	23.2	100	R
갈색 거저리_유충_말린것		기타	14.4	537	51.4	100	R
흰점박이 꽃무지_유충_생것		기타	2.9	122	15.8	100	R
흰점박이 꽃무지_유충_말린것		기타	20	463	54.1	100	R
장수풍뎅이_유충_말린것		기타	19.6	502	44.6	100	R
팽창제_효모_말린것		기타	43.1	307	37.1	100	R
로열젤리		기타	12.8	104	14.3	100	R
흰죽		죽 및 스프류	13.5	64	1.2	292	D
흑임자죽		죽 및 스프류	3.6	61	1.1	400	D
흑임자 죽		죽 및 스프류	16.4	106	2.2	259	D
흑미밥_찹쌀		밥류	26.5	121	2.2	270	D
흑미밥		밥류	25.7	120	2.2	310	D
훠궈_소고기		찌개 및 전골류	6.8	93	4.8	100	D
훈제오리		구이류	4.8	319	17.2	250	D
효모빵_쫄깃담백 토종효모빵 (H)	파리바게뜨	빵 및 과자류	49	266	9.7	145	D
효모빵_건포도 천연효모빵 (H)	파리바게뜨	빵 및 과자류	54.9	271	7	142	D
회무침_서대		생채·무침류	15.3	105	7.5	300	D
회무침_가오리		생채·무침류	6.3	81	11.3	230	D
회무침		생채·무침류	8.6	82	8.1	250	D
회덮밥_참치		밥류	17.6	108	4.9	698	D
회덮밥_모듬		밥류	17.8	145	9.1	410	D
회덮밥		밥류	20.7	137	6	500	D
회냉면		면 및 만두류	14.4	80	3.4	733	D
황태해장국		국 및 탕류	0.9	30	4.1	600	D
황태콩나물찜		찜류	6.9	82	10.2	650	D
황태구이_양념		구이류	5.9	144	20.6	170	D
황태구이		구이류	13.4	219	23.9	200	D
화양적		전·적 및 부침류	14.2	182	9.1	150	D
홍합탕_홍합만		국 및 탕류	2.3	29	3.7	100	D
홍합산적		전·적 및 부침류	13.2	196	22.2	80	D
홍합국(홍합탕)		국 및 탕류	0.8	17	2.8	300	D
홍합 소고기죽		죽 및 스프류	17.8	130	6.2	226	D
홍합 미역국		국 및 탕류	1.1	17	1.8	300	D
홍합 미나리죽		죽 및 스프류	16.4	79	2.3	259	D
홍합 무국		국 및 탕류	1.4	19	2.7	171	D
홍차_얼그레이 핫(HOT)	바나프레소	음료 및 차류	0	0	0	500	D
홍차_얼그레이 핫(HOT)	메가커피	음료 및 차류	0	0	0	591	D
홍차_얼그레이 아이스(ICED)	바나프레소	음료 및 차류	0	0	0	650	D
홍차_얼그레이 아이스(ICED)	메가커피	음료 및 차류	0	0	0	710	D
홍차_얼그레이 리저브 핫(HOT)	엔제리너스	음료 및 차류	0.5	3	0.2	400	D
홍차_얼그레이 리저브 아이스(ICED)	엔제리너스	음료 및 차류	0.5	2	0.2	430	D
홍어회무침		생채·무침류	8.8	83	7.5	175	D
홍어찜		찜류	1.5	41	7.2	250	D
홍어찌개		찌개 및 전골류	3.1	51	7.7	625	D
홍어무침		생채·무침류	13	99	8.9	200	D
혼합잡곡밥		밥류	25.2	118	2.4	250	D
호박찌개_고추장		찌개 및 전골류	6	41	2.1	280	D
호박찌개		찌개 및 전골류	4.1	32	1.9	300	D
호박죽		죽 및 스프류	6.6	49	1.9	346	D
호박전		전·적 및 부침류	10.7	139	4.3	70	D
호박잎 된장국		국 및 탕류	2.5	17	1.3	180	D
호박오가리나물무침		나물·숙채류	21.5	201	6.1	100	D
호박볶음_호박_채소		볶음류	3.7	34	0.9	70	D
호박볶음_호박		볶음류	3.5	27	0.8	70	D
호박나물		나물·숙채류	5.4	54	1.1	70	D
호박고지볶음		볶음류	20.3	104	2.4	120	D
호박 된장국		국 및 탕류	2.2	17	1.2	170	D
호밀빵_멀티그레인 호밀브레드	파리바게뜨	빵 및 과자류	37.3	263	8	150	D
호떡_견과류		빵 및 과자류	57.1	314	5.4	150	D
호떡		빵 및 과자류	20.1	147	2.7	104	D
현미죽		죽 및 스프류	15.2	64	1.2	100	D
현미밥_쌀		밥류	26.1	120	2.1	290	D
현미밥		밥류	25.8	120	2.3	290	D
허브차_히비스커스 핫(HOT)	바나프레소	음료 및 차류	0.1	0	0	500	D
허브차_히비스커스 아이스(ICED)	바나프레소	음료 및 차류	0.1	0	0	650	D
허브차_허브티 핫(HOT)	카페게이트	음료 및 차류	0	0	0	651	D
허브차_허브티 아이스(ICED)	카페게이트	음료 및 차류	0	0	0	591	D
허브차_피치 얼그레이 아이스(ICED) (R)	이디야	음료 및 차류	0	2	0.2	414	D
허브차_페퍼민트티 핫(HOT)	빽다방	음료 및 차류	0	0	0	473	D
허브차_페퍼민트티 아이스(ICED)	매머드익스프레스	음료 및 차류	0	1	0	591	D
허브차_페퍼민트티 아이스(ICED)	빽다방	음료 및 차류	0	0	0	710	D
허브차_페퍼민트 허브티 핫(HOT)	드롭탑	음료 및 차류	0	1	0.1	473	D
허브차_페퍼민트 허브티 아이스(ICED)	드롭탑	음료 및 차류	0	1	0.1	473	D
허브차_페퍼민트 핫(HOT)	바나프레소	음료 및 차류	0	0	0	500	D
허브차_페퍼민트 핫(HOT)	메가커피	음료 및 차류	0	0	0	591	D
허브차_페퍼민트 아이스(ICED)	메가커피	음료 및 차류	0.1	0	0	710	D
허브차_페퍼민트 아이스(ICED)	바나프레소	음료 및 차류	0	0	0	650	D
허브차_크림슨 펀치 핫(HOT)	엔제리너스	음료 및 차류	0.5	3	0	400	D
허브차_크림슨 펀치 아이스(ICED)	엔제리너스	음료 및 차류	0.5	3	0	430	D
허브차_쿨민트 핫(HOT)	엔제리너스	음료 및 차류	0.5	3	0.2	400	D
허브차_쿨민트 아이스(ICED)	엔제리너스	음료 및 차류	0.5	2	0.2	430	D
허브차_캐모마일티 아이스(ICED)	매머드익스프레스	음료 및 차류	0	1	0	591	D
허브차_캐모마일 핫(HOT)	메가커피	음료 및 차류	0	0	0	591	D
허브차_캐모마일 핫(HOT)	바나프레소	음료 및 차류	0	0	0	500	D
허브차_캐모마일 아이스(ICED)	바나프레소	음료 및 차류	0	0	0	650	D
허브차_캐모마일 아이스(ICED)	메가커피	음료 및 차류	0	0	0	710	D
허브차_오렌지 보스	파스쿠찌	음료 및 차류	0	0	0	350	D
허브차_민트크루 핫(HOT) (L)	파스쿠찌	음료 및 차류	0	0	0	350	D
허브차_메도우 캐모마일티 핫(HOT)	드롭탑	음료 및 차류	0	0	0	473	D
허브차_메도우 캐모마일티 아이스(ICED)	드롭탑	음료 및 차류	0	0	0	473	D
허브차_로얄 캐모마일 핫(HOT)	엔제리너스	음료 및 차류	0.5	3	0	400	D
허브차_로얄 캐모마일 아이스(ICED)	엔제리너스	음료 및 차류	0.5	2	0	430	D
허니브레드_허니 버터 브레드	탐앤탐스	빵 및 과자류	51.5	404	8.2	270	D
허니브레드_허니 넛트 브레드	탐앤탐스	빵 및 과자류	37.7	433	7	228	D
허니브레드_갈릭 버터 브레드	탐앤탐스	빵 및 과자류	53.1	365	10.4	192	D
햄채소볶음		볶음류	14	296	11.6	210	D
햄전		전·적 및 부침류	8.4	241	19.5	70	D
햄샐러드		생채·무침류	17	136	4.5	158	D
햄샌드위치_치즈		빵 및 과자류	26.3	252	8.3	181	D
햄샌드위치		빵 및 과자류	19.2	192	5.4	207	D
햄부침		전·적 및 부침류	15.6	221	15.4	80	D
햄볶음_채소		볶음류	9.6	183	10.5	220	D
햄버거_치킨		빵 및 과자류	13.9	123	7.5	366	D
햄버거_치즈		빵 및 과자류	18.6	282	16.9	216	D
햄버거_소고기패티_토마토_양상추		빵 및 과자류	20.3	276	9.7	150	D
햄버거_소고기패티		빵 및 과자류	23.9	273	8.9	213	D
햄버거_불고기버거		빵 및 과자류	21.3	257	11.5	236	D
햄버거_돼지고기		빵 및 과자류	19.4	204	9.1	210	D
햄버거_간편조리세트_햄버거		빵 및 과자류	22.9	241	12.3	244	D
햄버거_간편조리세트_치킨버거		빵 및 과자류	21.8	243	9.9	204	D
햄버거_간편조리세트_치즈버거		빵 및 과자류	13.9	292	19.5	336	D
햄버거_간편조리세트_새우버거		빵 및 과자류	20.2	230	10.6	224	D
햄버거_간편조리세트_불고기버거		빵 및 과자류	17.8	251	9.1	188	D
햄버거		빵 및 과자류	19.4	229	8	200	D
햄구이		구이류	2.2	154	22.9	61	D
해파리냉채		생채·무침류	5.6	31	1.5	85	D
해초무침		생채·무침류	8.5	39	0.9	100	D
해장국_우거지		국 및 탕류	2.2	26	2	600	D
해장국_선지		국 및 탕류	1.7	31	4.9	1000	D
해장국_뼈다귀		국 및 탕류	2.3	71	7.5	1000	D
해신탕		찌개 및 전골류	2	57	7.9	100	D
해물파전_간편조리세트_모둠해물파전	CJ 쿡킷	전·적 및 부침류	17.3	205	6.8	1330	D
해물파전		전·적 및 부침류	12.5	128	9.3	129	D
해물탕_간편조리세트_바다를 품은 해물탕	GS 리테일 심플리쿡	찌개 및 전골류	2	33	4.1	1216	D
해물탕		찌개 및 전골류	2.8	45	6.6	600	D
해물콩나물찜		찜류	3.8	51	7	850	D
해물칼국수		면 및 만두류	14.6	77	3.1	1100	D
해물찜_간편조리세트_백합&바지락통찜	GS 리테일 심플리쿡	찜류	6.8	49	3.3	771	D
해물찜_간편조리세트_낙지한마리해물찜	GS 리테일 심플리쿡	찜류	7.5	88	6.6	844	D
해물찜		찜류	7.1	80	8.5	500	D
해물전골		찌개 및 전골류	1.9	26	3.2	500	D
해물볶음		볶음류	9.2	133	14.1	169	D
해물 채소전		전·적 및 부침류	18.9	195	10.7	60	D
해물 완자전		전·적 및 부침류	20.7	236	15.4	75	D
해물 스파게티		면 및 만두류	12.8	82	4.8	700	D
해물 매운탕		찌개 및 전골류	1.9	34	5.7	650	D
해물 된장국		국 및 탕류	1.9	38	5.9	320	D
해물 덮밥		밥류	14.2	78	3.8	572	D
핫케이크		빵 및 과자류	30.5	193	4.7	222	D
핫도그_회오리 핫도그	더리터	빵 및 과자류	50.8	401	7.5	120	D
핫도그_타피오카쫀도그 (2개)	호식이두마리치킨	빵 및 과자류	31.4	313	8.2	100	D
핫도그_콘치즈 빅도그	더리터	빵 및 과자류	23	278	10.5	200	D
핫도그_칠리덕	스트릿츄러스	빵 및 과자류	22.4	265	8.5	100	D
핫도그_치즈덕	스트릿츄러스	빵 및 과자류	21.2	266	8.5	100	D
핫도그_오리지널 핫도그	탐앤탐스	빵 및 과자류	34.5	310	10.3	165	D
핫도그_오리지날 핫도그	공차	빵 및 과자류	28.8	267	5.6	125	D
핫도그_스윗칠리 빅도그	더리터	빵 및 과자류	25.7	273	11.4	175	D
핫도그_모짜렐라&소시지반반핫도그	파리바게뜨	빵 및 과자류	31.2	294	11.2	80	D
핫도그_모짜렐라		빵 및 과자류	35.9	300	10.7	120	D
핫도그_멕시칸 칠리 핫도그	탐앤탐스	빵 및 과자류	28	258	10.2	225	D
핫도그_감자		빵 및 과자류	20.4	324	8.3	184	D
핫도그		빵 및 과자류	24.9	341	8	124	D
함박스테이크_간편조리세트_더블체다 함박스테이크	프레시지	구이류	13.9	189	9.9	593	D
함박스테이크		구이류	10.4	229	13.5	157	D
하이라이스		밥류	21.3	112	4	360	D
피조개무침		생채·무침류	9.5	77	7.4	150	D
피자빵_햄치콘듬뿍베이글피자	파리바게뜨	빵 및 과자류	25.4	373	9	134	D
피자빵_피자 페스츄리 붕어빵	더리터	빵 및 과자류	26.9	229	6.2	130	D
피자빵_와앙 보름달빵	메가커피	빵 및 과자류	24.6	220	8.2	195	D
피자빵_바토베듬뿍베이글피자	파리바게뜨	빵 및 과자류	33	286	7.1	112	D
피자빵		빵 및 과자류	31.8	298	8.8	200	D
피자_흐르쥬퐁듀 시카고 피자	빅스타피자	빵 및 과자류	24.3	221	9.7	1112	D
피자_화이트시푸드피자(R)	노모어피자	빵 및 과자류	21.9	204	11.8	760	D
피자_화이트시푸드피자(P)	노모어피자	빵 및 과자류	21.9	204	11.8	490	D
피자_화이트시푸드피자(L)	노모어피자	빵 및 과자류	21.9	204	11.8	1065	D
피자_허리케인포테이토 피자 (R)	빽보이피자	빵 및 과자류	34.2	308	12	548	D
피자_허리케인포테이토 피자 (L)	빽보이피자	빵 및 과자류	33.1	328	13.8	817	D
피자_허니멜로 스윗포테이토 피자	굽네치킨	빵 및 과자류	32.9	316	11.6	100	D
피자_행복하새우 피자 (L)	피제이피자	빵 및 과자류	23.5	241	13	970	D
피자_핫치킨 피자 (L)	난타5000피자	빵 및 과자류	36.1	301	17.4	600	D
피자_핫치킨 피자	피자스쿨	빵 및 과자류	30.9	244	11.8	715	D
피자_핫스파이시치킨 피자 오리지널 (M)	비스트로피자	빵 및 과자류	36.4	288	13.5	535	D
피자_핫불고기 피자	선명희피자	빵 및 과자류	23.6	238	15	1019	D
피자_핫베이컨할라피뇨 피자	선명희피자	빵 및 과자류	26.9	252	13.4	1070	D
피자_할라피뇨 피자 오리지널 (M)	비스트로피자	빵 및 과자류	31.1	295	19.3	495	D
피자_할라불고기 피자 (L)	프레드피자	빵 및 과자류	23.1	215	12	885	D
피자_하와이안 피자 오리지널 (M)	비스트로피자	빵 및 과자류	29.5	268	14.3	545	D
피자_하와이안 피자 (L)	난타5000피자	빵 및 과자류	34.4	297	17.1	580	D
피자_필라치즈불고기 피자 (R)	빽보이피자	빵 및 과자류	29.7	263	15.4	609	D
피자_필라치즈불고기 피자 (L)	빽보이피자	빵 및 과자류	29.7	263	15.4	922	D
피자_프리미엄불고기 피자 (L)	난타5000피자	빵 및 과자류	38.1	307	14.3	492	D
피자_포테이토피자		빵 및 과자류	28.6	251	11.2	250	D
피자_포테이토베이컨골드 피자	선명희피자	빵 및 과자류	24.2	253	12.4	1422	D
피자_포테이토 피자 치즈버스트 오리지널 (L)	도미노피자	빵 및 과자류	20.9	232	10.1	1376	D
피자_포테이토 피자 오리지널 (M)	도미노피자	빵 및 과자류	28.5	239	10	631	D
피자_포테이토 피자 오리지널 (L)	도미노피자	빵 및 과자류	26.5	222	9.1	1142	D
피자_포테이토 피자 슈화 더블 치즈 페퍼로니 엣지 (M)	도미노피자	빵 및 과자류	23.4	282	12.3	762	D
피자_포테이토 피자 슈화 더블 치즈 페퍼로니 엣지 (L)	도미노피자	빵 및 과자류	23.3	266	11.8	1337	D
피자_포테이토 피자 슈퍼시드 화이버 오리지널 (M)	도미노피자	빵 및 과자류	27.6	227	8.8	626	D
피자_포테이토 피자 슈퍼시드 화이버 오리지널 (L)	도미노피자	빵 및 과자류	26.7	223	9	1140	D
피자_포테이토 피자 슈퍼시드 화이버 버스트 오리지널 (L)	도미노피자	빵 및 과자류	24.3	265	11.3	1326	D
피자_포테이토 피자 더블치즈 페퍼로니 엣지 (M)	도미노피자	빵 및 과자류	23.5	248	11.7	787	D
피자_포테이토 피자 더블치즈 페퍼로니 엣지 (L)	도미노피자	빵 및 과자류	22.3	241	11.6	1385	D
피자_포테이토 피자 더블치즈 엣지 (M)	도미노피자	빵 및 과자류	24.2	245	11.3	767	D
피자_포테이토 피자 더블치즈 엣지 (L)	도미노피자	빵 및 과자류	20.6	237	11.1	1345	D
피자_포테이토 피자 나폴리 (M)	도미노피자	빵 및 과자류	24.3	236	10.3	506	D
피자_포테이토 피자 (L)	난타5000피자	빵 및 과자류	35.5	296	15.7	614	D
피자_포테이토 피자	빅스타피자	빵 및 과자류	20.6	299	13.3	1320	D
피자_포테이토 피자	피자스쿨	빵 및 과자류	31.3	242	11.5	735	D
피자_포테이토 피자	선명희피자	빵 및 과자류	26.4	225	12.9	1120	D
피자_페페로니 피자	선명희피자	빵 및 과자류	29.2	290	16	845	D
피자_페퍼로니피자(R)	노모어피자	빵 및 과자류	25.2	265	14.2	535	D
피자_페퍼로니피자(P)	노모어피자	빵 및 과자류	25.2	265	14.2	327	D
피자_페퍼로니피자(L)	노모어피자	빵 및 과자류	25.2	265	14.2	853	D
피자_페퍼로니피자		빵 및 과자류	35.1	266	14.7	200	D
피자_페퍼로니디트로이트 피자	빅스타피자	빵 및 과자류	23.5	280	14.3	784	D
피자_페퍼로니 피자 치즈버스트 오리지널 (L)	도미노피자	빵 및 과자류	23.8	275	12.4	1084	D
피자_페퍼로니 피자 치즈버스트 나폴리 (L)	도미노피자	빵 및 과자류	20.3	284	13.4	875	D
피자_페퍼로니 피자 오리지널 (M)	도미노피자	빵 및 과자류	30.3	275	12.5	500	D
피자_페퍼로니 피자 오리지널 (L)	도미노피자	빵 및 과자류	29.7	270	12.8	847	D
피자_페퍼로니 피자 씬 (L)	도미노피자	빵 및 과자류	20.4	321	14.3	502	D
피자_페퍼로니 피자 슈화 더블 치즈 페퍼로니 엣지 (M)	도미노피자	빵 및 과자류	26.5	334	16.1	634	D
피자_페퍼로니 피자 슈화 더블 치즈 페퍼로니 엣지 (L)	도미노피자	빵 및 과자류	24.3	326	15.9	1057	D
피자_페퍼로니 피자 슈퍼시드 화이버 오리지널 (M)	도미노피자	빵 및 과자류	32.6	270	12	498	D
피자_페퍼로니 피자 슈퍼시드 화이버 오리지널 (L)	도미노피자	빵 및 과자류	29.1	274	12.5	860	D
피자_페퍼로니 피자 슈퍼시드 화이버 버스트 오리지널 (L)	도미노피자	빵 및 과자류	25.6	328	15.4	1046	D
피자_페퍼로니 피자 더블치즈 페퍼로니 엣지 (M)	도미노피자	빵 및 과자류	23.6	288	14.2	664	D
피자_페퍼로니 피자 더블치즈 페퍼로니 엣지 (L)	도미노피자	빵 및 과자류	23.6	279	13.2	1094	D
피자_페퍼로니 피자 더블치즈 엣지 (M)	도미노피자	빵 및 과자류	23.1	286	13.8	644	D
피자_페퍼로니 피자 더블치즈 엣지 (L)	도미노피자	빵 및 과자류	25.1	275	12.7	1054	D
피자_페퍼로니 피자 나폴리 (M)	도미노피자	빵 및 과자류	27	299	14.3	360	D
피자_페퍼로니 피자 나폴리 (L)	도미노피자	빵 및 과자류	24.7	286	14.8	632	D
피자_페퍼로니 피자 (L)	난타5000피자	빵 및 과자류	35.1	315	17.6	536	D
피자_페퍼로니 피자 (L)	피제이피자	빵 및 과자류	32.6	279	14.9	832	D
피자_페퍼로니 피자	피자스쿨	빵 및 과자류	37.6	307	16.2	565	D
피자_페퍼로니 피자	빅스타피자	빵 및 과자류	25.3	303	15.1	1170	D
피자_페퍼로니 시카고 피자	굽네치킨	빵 및 과자류	24.5	318	14	100	D
피자_페파로니 시카고 피자	빅스타피자	빵 및 과자류	25.2	288	15	880	D
피자_파인애플 피자	선명희피자	빵 및 과자류	28.8	219	9.3	942	D
피자_트러플포테이토 피자	피자스쿨	빵 및 과자류	30.4	245	10.8	814	D
피자_트러플머쉬룸 피자	피자스쿨	빵 및 과자류	29.6	226	10.4	770	D
피자_크랩&립하우스 피자 치즈버스트 오리지널 (L)	도미노피자	빵 및 과자류	28.8	281	11.9	1173	D
피자_크랩&립하우스 피자 치즈버스트 나폴리 (L)	도미노피자	빵 및 과자류	23.7	289	12.8	994	D
피자_크랩&립하우스 피자 오리지널 (M)	도미노피자	빵 및 과자류	32.6	279	12.1	552	D
피자_크랩&립하우스 피자 오리지널 (L)	도미노피자	빵 및 과자류	31.7	275	11.4	946	D
피자_크랩&립하우스 피자 씬 (M)	도미노피자	빵 및 과자류	23.6	314	12.1	353	D
피자_크랩&립하우스 피자 씬 (L)	도미노피자	빵 및 과자류	24.2	322	11.7	619	D
피자_크랩&립하우스 피자 슈화 더블 치즈 페퍼로니 엣지 (M)	도미노피자	빵 및 과자류	28.4	332	14.9	672	D
피자_크랩&립하우스 피자 슈화 더블 치즈 페퍼로니 엣지 (L)	도미노피자	빵 및 과자류	28.3	321	14.3	1106	D
피자_크랩&립하우스 피자 슈퍼시드 화이버 오리지널 (M)	도미노피자	빵 및 과자류	34.6	271	11	536	D
피자_크랩&립하우스 피자 슈퍼시드 화이버 오리지널 (L)	도미노피자	빵 및 과자류	33.7	270	11	909	D
피자_크랩&립하우스 피자 슈퍼시드 화이버 버스트 오리지널 (L)	도미노피자	빵 및 과자류	29.6	322	13.8	1095	D
피자_크랩&립하우스 피자 더블치즈 페퍼로니 엣지 (M)	도미노피자	빵 및 과자류	26	281	12.9	712	D
피자_크랩&립하우스 피자 더블치즈 페퍼로니 엣지 (L)	도미노피자	빵 및 과자류	26.3	280	12.9	1163	D
피자_크랩&립하우스 피자 더블치즈 엣지 (M)	도미노피자	빵 및 과자류	28.4	279	12.6	692	D
피자_크랩&립하우스 피자 더블치즈 엣지 (L)	도미노피자	빵 및 과자류	29.6	277	12.5	1123	D
피자_크랩&립하우스 피자 나폴리 (M)	도미노피자	빵 및 과자류	28.2	276	11.4	480	D
피자_크랩&립하우스 피자 나폴리 (L)	도미노피자	빵 및 과자류	29.3	290	11.9	746	D
피자_콰트로치즈피자(R)	노모어피자	빵 및 과자류	27.6	291	13.6	580	D
피자_콰트로치즈피자(P)	노모어피자	빵 및 과자류	27.6	291	13.6	330	D
피자_콰트로치즈피자(L)	노모어피자	빵 및 과자류	27.6	291	13.6	900	D
피자_콰트로머쉬룸불고기피자(R)	노모어피자	빵 및 과자류	30.1	249	12.3	650	D
피자_콰트로머쉬룸불고기피자(P)	노모어피자	빵 및 과자류	30.1	249	12.3	410	D
피자_콰트로머쉬룸불고기피자(L)	노모어피자	빵 및 과자류	30.1	249	12.3	1010	D
피자_콰트로디트로이트 피자	빅스타피자	빵 및 과자류	23.2	279	16.2	792	D
피자_콤비네이션피자		빵 및 과자류	25.5	274	10.7	526	D
피자_콤비네이션 피자 (L)	난타5000피자	빵 및 과자류	31.4	301	17.6	570	D
피자_콤비네이션 피자	빅스타피자	빵 및 과자류	21	260	13.6	1410	D
피자_콤비네이션 피자	피자스쿨	빵 및 과자류	42.6	252	14.8	710	D
피자_콤비네이션 피자	선명희피자	빵 및 과자류	27.4	249	14.5	991	D
피자_콘치즈 피자	선명희피자	빵 및 과자류	33	269	13.4	892	D
피자_콘 크림 피자	탐앤탐스	빵 및 과자류	15	183	10.1	347	D
피자_치폴레쉬림프디트로이트	빅스타피자	빵 및 과자류	21.8	267	12.8	930	D
피자_치킨퀘사디아 피자	피자스쿨	빵 및 과자류	31.2	258	14.1	797	D
피자_치즈피자(R)	노모어피자	빵 및 과자류	27.9	277	15.2	460	D
피자_치즈피자(P)	노모어피자	빵 및 과자류	27.9	277	15.2	290	D
피자_치즈피자(L)	노모어피자	빵 및 과자류	27.9	277	15.2	740	D
피자_치즈피자		빵 및 과자류	35.6	277	15.7	504	D
피자_치즈크러스트 피자 (L)	난타5000피자	빵 및 과자류	46.8	574	38.9	705	D
피자_치즈바이트 피자 (L)	난타5000피자	빵 및 과자류	56.6	549	29.8	785	D
피자_치즈바이트 피자	선명희피자	빵 및 과자류	25.9	250	14.8	1083	D
피자_치즈 피자 크레이프 샌드 피자 (M)	도미노피자	빵 및 과자류	25.3	248	9.8	728	D
피자_치즈 피자 크레이프 샌드 피자 (L)	도미노피자	빵 및 과자류	27.2	247	9.5	1075	D
피자_치즈 피자 치즈버스트 오리지널 (L)	도미노피자	빵 및 과자류	28.4	265	12	1012	D
피자_치즈 피자 치즈버스트 나폴리 (L)	도미노피자	빵 및 과자류	23.1	273	13.4	806	D
피자_치즈 피자 오리지널 (M)	도미노피자	빵 및 과자류	35.2	261	11.6	457	D
피자_치즈 피자 오리지널 (L)	도미노피자	빵 및 과자류	33.9	260	13.3	766	D
피자_치즈 피자 씬 (M)	도미노피자	빵 및 과자류	23.3	311	15.1	233	D
피자_치즈 피자 씬 (L)	도미노피자	빵 및 과자류	26.3	306	13.3	403	D
피자_치즈 피자 슈화 더블 치즈 피자 페퍼로니 엣지 (M)	도미노피자	빵 및 과자류	26.3	321	16.4	578	D
피자_치즈 피자 슈화 더블 치즈 피자 페퍼로니 엣지 (L)	도미노피자	빵 및 과자류	27.9	304	14.8	974	D
피자_치즈 피자 슈퍼시드 화이버 오리지널 (M)	도미노피자	빵 및 과자류	33.2	250	11.9	442	D
피자_치즈 피자 슈퍼시드 화이버 오리지널 (L)	도미노피자	빵 및 과자류	34	246	11	777	D
피자_치즈 피자 슈퍼시드 화이버 버스트 오리지널 (L)	도미노피자	빵 및 과자류	29.3	305	14.1	963	D
피자_치즈 피자 더블치즈 페퍼로니 엣지 (M)	도미노피자	빵 및 과자류	27.3	268	13.7	608	D
피자_치즈 피자 더블치즈 페퍼로니 엣지 (L)	도미노피자	빵 및 과자류	26.6	272	13.6	1002	D
피자_치즈 피자 더블치즈 엣지 (M)	도미노피자	빵 및 과자류	28.5	264	13.2	588	D
피자_치즈 피자 더블치즈 엣지 (L)	도미노피자	빵 및 과자류	28.2	267	13.1	962	D
피자_치즈 피자 나폴리 (M)	도미노피자	빵 및 과자류	31.1	272	13.3	322	D
피자_치즈 피자 나폴리 (L)	도미노피자	빵 및 과자류	29.7	262	12.6	556	D
피자_치즈 피자 (L)	피제이피자	빵 및 과자류	30.4	286	17.3	845	D
피자_치즈 피자 (L)	난타5000피자	빵 및 과자류	43.7	317	14	420	D
피자_치즈 피자	피자스쿨	빵 및 과자류	36.5	301	15.5	585	D
피자_체다콤비네이션 피자 (L)	난타5000피자	빵 및 과자류	32	349	20.8	730	D
피자_체다콘치즈 피자 (R)	빽보이피자	빵 및 과자류	31.3	252	11.3	561	D
피자_체다콘치즈 피자 (L)	빽보이피자	빵 및 과자류	30.2	256	11.8	734	D
피자_체다치즈 피자	빅스타피자	빵 및 과자류	27.8	298	16.7	1008	D
피자_체다바비큐필레 피자 (L)	난타5000피자	빵 및 과자류	35.5	278	11.5	672	D
피자_직화홀릭바이트 피자	피자스쿨	빵 및 과자류	32.2	268	6.2	644	D
피자_직화파인애플 피자	피자스쿨	빵 및 과자류	31.9	230	6	735	D
피자_직화바베큐 피자	빅스타피자	빵 및 과자류	21.7	246	13.9	1440	D
피자_직화매운갈비 피자	선명희피자	빵 및 과자류	28	250	14.4	1058	D
피자_이탈리아 마르게리따 피자 치즈버스트 오리지널 (L)	도미노피자	빵 및 과자류	25.2	257	11.8	1127	D
피자_이탈리아 마르게리따 피자 치즈버스트 나폴리 (L)	도미노피자	빵 및 과자류	22.7	264	12	907	D
피자_이탈리아 마르게리따 피자 오리지널 (L)	도미노피자	빵 및 과자류	30.2	237	10.5	935	D
피자_이탈리아 마르게리따 피자 씬 (L)	도미노피자	빵 및 과자류	21.1	283	12.6	564	D
피자_이탈리아 마르게리따 피자 슈화 더블치즈 페퍼로니 엣지 (L)	도미노피자	빵 및 과자류	28.1	301	13.4	1097	D
피자_이탈리아 마르게리따 피자 슈퍼시드 화이버 오리지널 (L)	도미노피자	빵 및 과자류	33.5	249	10	900	D
피자_이탈리아 마르게리따 피자 슈퍼시드 화이버 버스트 오리지널 (L)	도미노피자	빵 및 과자류	29.4	301	12.8	1086	D
피자_이탈리아 마르게리따 피자 더블치즈 페퍼로니 엣지 (L)	도미노피자	빵 및 과자류	25.7	251	12	1123	D
피자_이탈리아 마르게리따 피자 더블치즈 엣지 (L)	도미노피자	빵 및 과자류	26	246	11.5	1083	D
피자_이탈리아 마르게리따 피자 나폴리 (L)	도미노피자	빵 및 과자류	26.4	233	11	717	D
피자_울트라빽보이 피자 (R)	빽보이피자	빵 및 과자류	24	283	18.8	546	D
피자_울트라빽보이 피자 (L)	빽보이피자	빵 및 과자류	28	284	15.5	725	D
피자_우리 고구마 피자 치즈버스트 오리지널 (L)	도미노피자	빵 및 과자류	27.6	247	11	1319	D
피자_우리 고구마 피자 치즈버스트 나폴리 (L)	도미노피자	빵 및 과자류	24.1	256	10.9	1101	D
피자_우리 고구마 피자 치즈 엣지 (M)	도미노피자	빵 및 과자류	27.6	254	10	815	D
피자_우리 고구마 피자 치즈 엣지 (L)	도미노피자	빵 및 과자류	26.2	254	10.8	1272	D
피자_우리 고구마 피자 오리지널 (M)	도미노피자	빵 및 과자류	33.3	242	9	658	D
피자_우리 고구마 피자 오리지널 (L)	도미노피자	빵 및 과자류	30.4	248	10.5	1070	D
피자_우리 고구마 피자 씬 (M)	도미노피자	빵 및 과자류	25.1	266	9	450	D
피자_우리 고구마 피자 씬 (L)	도미노피자	빵 및 과자류	26.7	272	10	712	D
피자_우리 고구마 피자 슈화 더블 치즈 페퍼로니 엣지 (M)	도미노피자	빵 및 과자류	28.6	304	13.1	770	D
피자_우리 고구마 피자 슈화 더블 치즈 페퍼로니 엣지 (L)	도미노피자	빵 및 과자류	27	293	12.9	1273	D
피자_우리 고구마 피자 슈퍼시드 화이버 오리지널 (M)	도미노피자	빵 및 과자류	34	251	9.7	634	D
피자_우리 고구마 피자 슈퍼시드 화이버 오리지널 (L)	도미노피자	빵 및 과자류	31.4	248	10	1076	D
피자_우리 고구마 피자 슈퍼시드 화이버 버스트 오리지널 (L)	도미노피자	빵 및 과자류	28.1	293	12.4	1262	D
피자_우리 고구마 피자 더블치즈 페퍼로니 엣지 (M)	도미노피자	빵 및 과자류	26.8	257	10.4	835	D
피자_우리 고구마 피자 더블치즈 페퍼로니 엣지 (L)	도미노피자	빵 및 과자류	25.3	258	11.3	1312	D
피자_우리 고구마 피자 나폴리 (M)	도미노피자	빵 및 과자류	28.9	242	9.6	537	D
피자_우리 고구마 피자 나폴리 (L)	도미노피자	빵 및 과자류	28.7	248	9.7	865	D
피자_와와웨 피자 더블치즈 페퍼로니 엣지 (M)	도미노피자	빵 및 과자류	22.1	240	12	863	D
피자_와와웨 피자 더블치즈 페퍼로니 엣지 (L)	도미노피자	빵 및 과자류	23.9	245	11.9	1293	D
피자_와와웨 스테이크 피자 치즈버스트 오리지널 (L)	도미노피자	빵 및 과자류	22.8	238	11.4	1336	D
피자_와와웨 스테이크 피자 오리지널 (M)	도미노피자	빵 및 과자류	25.9	223	10.5	714	D
피자_와와웨 스테이크 피자 오리지널 (L)	도미노피자	빵 및 과자류	28.3	235	11.3	1071	D
피자_와와웨 스테이크 피자 씬 (L)	도미노피자	빵 및 과자류	21.3	253	11.8	763	D
피자_와와웨 스테이크 피자 슈화 더블 치즈 페퍼로니 엣지 (M)	도미노피자	빵 및 과자류	23.1	274	14	821	D
피자_와와웨 스테이크 피자 슈화 더블 치즈 페퍼로니 엣지 (L)	도미노피자	빵 및 과자류	23.4	278	14.4	1235	D
피자_와와웨 스테이크 피자 슈퍼시드 화이버 오리지널 (M)	도미노피자	빵 및 과자류	27	223	10.8	685	D
피자_와와웨 스테이크 피자 슈퍼시드 화이버 오리지널 (L)	도미노피자	빵 및 과자류	27.2	232	11.5	1038	D
피자_와와웨 스테이크 피자 슈퍼시드 화이버 버스트 오리지널 (L)	도미노피자	빵 및 과자류	24.5	278	14	1224	D
피자_와와웨 스테이크 피자 더블치즈 엣지 (M)	도미노피자	빵 및 과자류	22.7	237	11.7	843	D
피자_와와웨 스테이크 피자 더블치즈 엣지 (L)	도미노피자	빵 및 과자류	27.5	241	11.5	1253	D
피자_와와웨 스테이크 피자 나폴리 (M)	도미노피자	빵 및 과자류	22.2	222	10.8	594	D
피자_와와웨 스테이크 피자 나폴리 (L)	도미노피자	빵 및 과자류	26.7	240	10.7	887	D
피자_옥수수새우피자(R)	노모어피자	빵 및 과자류	25.5	225	11.9	668	D
피자_옥수수새우피자(P)	노모어피자	빵 및 과자류	25.5	225	11.9	438	D
피자_옥수수새우피자(L)	노모어피자	빵 및 과자류	25.5	225	11.9	1077	D
피자_오지치즈포테이토 피자	피자스쿨	빵 및 과자류	36	296	9.4	812	D
피자_오마이갓페퍼로니 피자 (R)	빽보이피자	빵 및 과자류	28.9	309	17.4	452	D
피자_오마이갓페퍼로니 피자 (L)	빽보이피자	빵 및 과자류	28.5	332	18.6	635	D
피자_옛날갈비 피자	선명희피자	빵 및 과자류	24.1	252	14.2	1124	D
피자_열탄불고기 피자 (R)	빽보이피자	빵 및 과자류	30.9	234	13	605	D
피자_열탄불고기 피자 (L)	빽보이피자	빵 및 과자류	30.9	234	13.1	877	D
피자_에멘탈머쉬룸피자(R)	노모어피자	빵 및 과자류	25.8	246	14.1	670	D
피자_에멘탈머쉬룸피자(P)	노모어피자	빵 및 과자류	25.8	246	14.1	400	D
피자_에멘탈머쉬룸피자(L)	노모어피자	빵 및 과자류	25.8	246	14.1	1040	D
피자_야채퀘사디아 피자	피자스쿨	빵 및 과자류	31.2	249	13.1	797	D
피자_야채 피자 (L)	난타5000피자	빵 및 과자류	35.8	281	14.5	502	D
피자_야채 피자 (L)	피제이피자	빵 및 과자류	28.8	256	12.9	920	D
피자_야채 피자	선명희피자	빵 및 과자류	28.8	230	12.7	940	D
피자_아이리쉬포테이토 피자	피자스쿨	빵 및 과자류	34.6	234	9.7	705	D
피자_아보카도 새우 피자 치즈버스트 오리지널 (L)	도미노피자	빵 및 과자류	23.6	234	11	1268	D
피자_아보카도 새우 피자 오리지널 (M)	도미노피자	빵 및 과자류	26.5	226	10	634	D
피자_아보카도 새우 피자 오리지널 (L)	도미노피자	빵 및 과자류	26.6	232	10.9	1030	D
피자_아보카도 새우 피자 슈화 더블 치즈 페퍼로니 엣지 (M)	도미노피자	빵 및 과자류	24	293	14.4	751	D
피자_아보카도 새우 피자 슈화 더블 치즈 페퍼로니 엣지 (L)	도미노피자	빵 및 과자류	24.1	274	13.6	1206	D
피자_아보카도 새우 피자 슈퍼시드 화이버 오리지널 (M)	도미노피자	빵 및 과자류	28.5	238	10.9	615	D
피자_아보카도 새우 피자 슈퍼시드 화이버 오리지널 (L)	도미노피자	빵 및 과자류	28.2	226	10.6	1009	D
피자_아보카도 새우 피자 슈퍼시드 화이버 버스트 오리지널 (L)	도미노피자	빵 및 과자류	25.3	273	13.1	1195	D
피자_아보카도 새우 피자 더블치즈 페퍼로니 엣지 (M)	도미노피자	빵 및 과자류	22.6	246	12.4	768	D
피자_아보카도 새우 피자 더블치즈 페퍼로니 엣지 (L)	도미노피자	빵 및 과자류	22.8	240	12.1	1227	D
피자_아보카도 새우 피자 더블치즈 엣지 (M)	도미노피자	빵 및 과자류	23.4	242	12	748	D
피자_아보카도 새우 피자 더블치즈 엣지 (L)	도미노피자	빵 및 과자류	23.6	235	11.6	1187	D
피자_아보카도 새우 피자 나폴리 (M)	도미노피자	빵 및 과자류	25.5	222	11	492	D
피자_아보카도 새우 피자 나폴리 (L)	도미노피자	빵 및 과자류	22.2	223	10.7	830	D
피자_아메리칸 미트볼 피자	비스트로피자	빵 및 과자류	55.5	487	26.9	415	D
피자_시카고 딥디쉬 피자	굽네치킨	빵 및 과자류	25.8	299	11.7	100	D
피자_스페셜콤비네이션 피자	선명희피자	빵 및 과자류	24	216	11.7	1229	D
피자_스테이크 피자 (L)	난타5000피자	빵 및 과자류	31	287	17.8	452	D
피자_스테이크 피자	피자스쿨	빵 및 과자류	29.7	246	13.1	700	D
피자_스윗고구마피자(R)	노모어피자	빵 및 과자류	28.3	247	11.2	710	D
피자_스윗고구마피자(P)	노모어피자	빵 및 과자류	28.3	247	11.2	435	D
피자_스윗고구마피자(L)	노모어피자	빵 및 과자류	28.3	247	11.2	1175	D
피자_스위트크림&콘슈 시카고 피자	빅스타피자	빵 및 과자류	25.8	269	11.7	979	D
피자_스위트고구마 피자 오리지널 (M)	비스트로피자	빵 및 과자류	27.4	256	11.5	680	D
피자_슈퍼콤비네이션피자(R)	노모어피자	빵 및 과자류	23.6	244	13.9	752	D
피자_슈퍼콤비네이션피자(P)	노모어피자	빵 및 과자류	23.6	244	13.9	460	D
피자_슈퍼콤비네이션피자(L)	노모어피자	빵 및 과자류	23.6	244	13.9	1179	D
피자_슈퍼콤비네이션 피자 오리지널 (M)	비스트로피자	빵 및 과자류	33.6	301	14.1	550	D
피자_슈퍼콤비네이션 피자	빅스타피자	빵 및 과자류	20.9	254	13.3	100	D
피자_슈퍼슈프림 피자 치즈버스트 오리지널 (L)	도미노피자	빵 및 과자류	23.3	226	10.1	1390	D
피자_슈퍼슈프림 피자 오리지널 (M)	도미노피자	빵 및 과자류	26.7	227	10.7	675	D
피자_슈퍼슈프림 피자 오리지널 (L)	도미노피자	빵 및 과자류	25.4	212	9.7	1060	D
피자_슈퍼슈프림 피자 씬 (M)	도미노피자	빵 및 과자류	21.7	231	10.9	442	D
피자_슈퍼슈프림 피자 슈화 더블 치즈 페퍼로니 엣지 (M)	도미노피자	빵 및 과자류	22.2	271	13.9	813	D
피자_슈퍼슈프림 피자 슈화 더블 치즈 페퍼로니 엣지 (L)	도미노피자	빵 및 과자류	24.7	264	12.4	1396	D
피자_슈퍼슈프림 피자 슈퍼시드 화이버 오리지널 (M)	도미노피자	빵 및 과자류	25.9	220	10.7	677	D
피자_슈퍼슈프림 피자 슈퍼시드 화이버 오리지널 (L)	도미노피자	빵 및 과자류	28.2	223	9.8	1199	D
피자_슈퍼슈프림 피자 슈퍼시드 화이버 버스트 오리지널 (L)	도미노피자	빵 및 과자류	25.6	264	12	1385	D
피자_슈퍼슈프림 피자 더블치즈 페퍼로니 엣지 (M)	도미노피자	빵 및 과자류	22.8	231	12.4	815	D
피자_슈퍼슈프림 피자 더블치즈 엣지 (M)	도미노피자	빵 및 과자류	22.9	228	12.1	795	D
피자_슈퍼슈프림 피자 더블치즈 엣지 (L)	도미노피자	빵 및 과자류	23.3	239	11.5	1360	D
피자_슈퍼슈프림 피자 나폴리 (M)	도미노피자	빵 및 과자류	26.9	225	11.1	535	D
피자_슈퍼슈프림 피자 나폴리 (L)	도미노피자	빵 및 과자류	22.1	211	10.7	970	D
피자_슈퍼슈프림 피자 (L)	피제이피자	빵 및 과자류	28.8	266	12.3	900	D
피자_슈퍼빽보이 피자 (R)	빽보이피자	빵 및 과자류	32.4	284	13.9	475	D
피자_슈퍼빽보이 피자 (L)	빽보이피자	빵 및 과자류	28	287	17.1	685	D
피자_슈퍼디럭스 피자 치즈버스트 오리지널 (L)	도미노피자	빵 및 과자류	21.6	237	11.9	1337	D
피자_슈퍼디럭스 피자 오리지널 (M)	도미노피자	빵 및 과자류	30.8	237	11	614	D
피자_슈퍼디럭스 피자 오리지널 (L)	도미노피자	빵 및 과자류	26.2	236	11	1084	D
피자_슈퍼디럭스 피자 씬 (M)	도미노피자	빵 및 과자류	22.4	275	12.6	389	D
피자_슈퍼디럭스 피자 슈화 더블 치즈 페퍼로니 엣지 (M)	도미노피자	빵 및 과자류	26.7	289	14.3	753	D
피자_슈퍼디럭스 피자 슈화 더블 치즈 페퍼로니 엣지 (L)	도미노피자	빵 및 과자류	22.2	273	13.4	1291	D
피자_슈퍼디럭스 피자 슈퍼시드 화이버 오리지널 (M)	도미노피자	빵 및 과자류	31.8	234	10.8	617	D
피자_슈퍼디럭스 피자 슈퍼시드 화이버 오리지널 (L)	도미노피자	빵 및 과자류	25.6	228	10.6	1094	D
피자_슈퍼디럭스 피자 슈퍼시드 화이버 버스트 오리지널 (L)	도미노피자	빵 및 과자류	23.2	272	12.9	1280	D
피자_슈퍼디럭스 피자 더블치즈 페퍼로니 엣지 (M)	도미노피자	빵 및 과자류	25.1	243	13.1	773	D
피자_슈퍼디럭스 피자 더블치즈 페퍼로니 엣지 (L)	도미노피자	빵 및 과자류	22.5	249	11.9	1294	D
피자_슈퍼디럭스 피자 더블치즈 엣지 (M)	도미노피자	빵 및 과자류	20.4	239	12.8	753	D
피자_슈퍼디럭스 피자 더블치즈 엣지 (L)	도미노피자	빵 및 과자류	21.5	245	11.5	1254	D
피자_슈퍼디럭스 피자 나폴리 (M)	도미노피자	빵 및 과자류	27.7	246	12.3	475	D
피자_슈퍼디럭스 피자 나폴리 (L)	도미노피자	빵 및 과자류	21.7	226	11.6	863	D
피자_슈퍼 디럭스 히어로 피자 화이버 엣지 오리지널 (M)	도미노피자	빵 및 과자류	27.3	253	11.5	662	D
피자_슈퍼 디럭스 히어로 피자 화이버 엣지 오리지널 (L)	도미노피자	빵 및 과자류	28.7	257	11	1034	D
피자_슈퍼 디럭스 히어로 피자 화이버 버스트 오리지널 (L)	도미노피자	빵 및 과자류	26.3	255	11.9	1103	D
피자_슈퍼 디럭스 히어로 피자 치즈버스트 오리지널 (L)	도미노피자	빵 및 과자류	27.2	257	11.8	1106	D
피자_슈퍼 디럭스 히어로 피자 치즈버스트 나폴리 (L)	도미노피자	빵 및 과자류	23.5	255	11.6	904	D
피자_슈퍼 디럭스 히어로 피자 오리지널 (M)	도미노피자	빵 및 과자류	31.2	246	10.9	535	D
피자_슈퍼 디럭스 히어로 피자 오리지널 (L)	도미노피자	빵 및 과자류	31.7	248	10.7	900	D
피자_슈퍼 디럭스 히어로 피자 씬 (M)	도미노피자	빵 및 과자류	23.3	291	12	308	D
피자_슈퍼 디럭스 히어로 피자 씬 (L)	도미노피자	빵 및 과자류	23.1	294	12.8	528	D
피자_슈퍼 디럭스 히어로 피자 슈화 더블 치즈 페퍼로니 엣지 (M)	도미노피자	빵 및 과자류	24.1	257	11.9	682	D
피자_슈퍼 디럭스 히어로 피자 슈화 더블 치즈 페퍼로니 엣지 (L)	도미노피자	빵 및 과자류	27.7	262	11.6	1074	D
피자_슈퍼 디럭스 히어로 피자 슈퍼시드 화이버 오리지널 (M)	도미노피자	빵 및 과자류	30.4	246	11	524	D
피자_슈퍼 디럭스 히어로 피자 슈퍼시드 화이버 오리지널 (L)	도미노피자	빵 및 과자류	32.2	247	10	903	D
피자_슈퍼 디럭스 히어로 피자 더블치즈 페퍼로니 엣지 (M)	도미노피자	빵 및 과자류	25.8	257	12.4	668	D
피자_슈퍼 디럭스 히어로 피자 더블치즈 페퍼로니 엣지 (L)	도미노피자	빵 및 과자류	27.2	251	11.6	1073	D
피자_슈퍼 디럭스 히어로 피자 더블치즈 엣지 (M)	도미노피자	빵 및 과자류	24.5	254	12	648	D
피자_슈퍼 디럭스 히어로 피자 더블치즈 엣지 (L)	도미노피자	빵 및 과자류	27	246	11	1033	D
피자_슈퍼 디럭스 히어로 피자 나폴리 (M)	도미노피자	빵 및 과자류	25	250	12.6	399	D
피자_슈퍼 디럭스 히어로 피자 나폴리 (L)	도미노피자	빵 및 과자류	26.5	250	12	698	D
피자_쉬림프골드 피자	선명희피자	빵 및 과자류	25	248	14.3	1342	D
피자_쉬림프(새우) 피자	선명희피자	빵 및 과자류	25.2	226	14.1	1082	D
피자_소불고기 피자	선명희피자	빵 및 과자류	24.6	243	17.2	976	D
피자_새우리아 피자	피제이피자	빵 및 과자류	29.4	275	8.8	880	D
피자_산체스타타코 피자 (R)	빽보이피자	빵 및 과자류	28.7	246	12.2	633	D
피자_산체스타타코 피자 (L)	빽보이피자	빵 및 과자류	28.6	245	12.1	822	D
피자_비프퀘사디아 피자	피자스쿨	빵 및 과자류	33.2	264	12.4	807	D
피자_비프갈릭 피자 (L)	피제이피자	빵 및 과자류	24.7	262	13.6	939	D
피자_블록버스터4 피자 치즈버스트 오리지널 (L)	도미노피자	빵 및 과자류	23.4	243	12	1325	D
피자_블록버스터4 피자 오리지널 (M)	도미노피자	빵 및 과자류	24.9	221	11.8	695	D
피자_블록버스터4 피자 오리지널 (L)	도미노피자	빵 및 과자류	28.4	239	11	1105	D
피자_블록버스터4 피자 씬 (L)	도미노피자	빵 및 과자류	20	250	13	753	D
피자_블록버스터4 피자 슈화 더블 치즈 페퍼로니 엣지 (M)	도미노피자	빵 및 과자류	23.5	285	14.3	788	D
피자_블록버스터4 피자 슈화 더블 치즈 페퍼로니 엣지 (L)	도미노피자	빵 및 과자류	24.2	281	15.5	1252	D
피자_블록버스터4 피자 슈퍼시드 화이버 오리지널 (M)	도미노피자	빵 및 과자류	27.6	232	11	652	D
피자_블록버스터4 피자 슈퍼시드 화이버 오리지널 (L)	도미노피자	빵 및 과자류	28.1	236	12.6	1055	D
피자_블록버스터4 피자 슈퍼시드 화이버 버스트 오리지널 (L)	도미노피자	빵 및 과자류	25.3	281	15	1241	D
피자_블록버스터4 피자 더블치즈 페퍼로니 엣지 (M)	도미노피자	빵 및 과자류	21	239	12.9	850	D
피자_블록버스터4 피자 더블치즈 페퍼로니 엣지 (L)	도미노피자	빵 및 과자류	24.4	248	12.3	1312	D
피자_블록버스터4 피자 더블치즈 엣지 (M)	도미노피자	빵 및 과자류	22.6	236	12.6	830	D
피자_블록버스터4 피자 더블치즈 엣지 (L)	도미노피자	빵 및 과자류	25.9	244	11.9	1272	D
피자_블록버스터4 피자 나폴리 (M)	도미노피자	빵 및 과자류	22	228	12.5	570	D
피자_블록버스터4 피자 나폴리 (L)	도미노피자	빵 및 과자류	24.2	235	12	886	D
피자_블랙트러플 스테이크 시카고 피자	굽네치킨	빵 및 과자류	26.2	278	15	100	D
피자_블랙타이거슈림프 피자 오리지널 (L)	도미노피자	빵 및 과자류	31.6	234	11	963	D
피자_블랙타이거 슈림프 피자 치즈버스트 오리지널 (L)	도미노피자	빵 및 과자류	23.5	243	14	1225	D
피자_블랙타이거 슈림프 피자 치즈버스트 나폴리 (L)	도미노피자	빵 및 과자류	23.2	243	11.6	1001	D
피자_블랙타이거 슈림프 피자 치즈 엣지 (M)	도미노피자	빵 및 과자류	24.9	248	12.7	727	D
피자_블랙타이거 슈림프 피자 치즈 엣지 (L)	도미노피자	빵 및 과자류	29.1	241	11.5	1145	D
피자_블랙타이거 슈림프 피자 오리지널 (M)	도미노피자	빵 및 과자류	27.9	238	11.6	592	D
피자_블랙타이거 슈림프 피자 씬 (M)	도미노피자	빵 및 과자류	23.3	254	12	385	D
피자_블랙타이거 슈림프 피자 씬 (L)	도미노피자	빵 및 과자류	24.9	251	11.6	648	D
피자_블랙타이거 슈림프 피자 슈화 더블 치즈 페퍼로니 엣지 (M)	도미노피자	빵 및 과자류	27.1	302	15.3	698	D
피자_블랙타이거 슈림프 피자 슈화 더블 치즈 페퍼로니 엣지 (L)	도미노피자	빵 및 과자류	28.5	292	13.9	1134	D
피자_블랙타이거 슈림프 피자 슈퍼시드 화이버 오리지널 (M)	도미노피자	빵 및 과자류	32.7	243	11.6	562	D
피자_블랙타이거 슈림프 피자 슈퍼시드 화이버 오리지널 (L)	도미노피자	빵 및 과자류	33.8	242	10.7	937	D
피자_블랙타이거 슈림프 피자 슈퍼시드 화이버 버스트 오리지널 (L)	도미노피자	빵 및 과자류	29.7	292	13.4	1123	D
피자_블랙타이거 슈림프 피자 더블치즈 페퍼로니 엣지 (M)	도미노피자	빵 및 과자류	22.8	252	13.1	747	D
피자_블랙타이거 슈림프 피자 더블치즈 페퍼로니 엣지 (L)	도미노피자	빵 및 과자류	26.3	245	12	1185	D
피자_블랙타이거 슈림프 피자 나폴리 (M)	도미노피자	빵 및 과자류	26	236	12	473	D
피자_블랙타이거 슈림프 피자 나폴리 (L)	도미노피자	빵 및 과자류	29.7	240	11.5	751	D
피자_블랙앵거스 스테이크 피자 치즈버스트 오리지널 (L)	도미노피자	빵 및 과자류	26	248	11.6	1267	D
피자_블랙앵거스 스테이크 피자 치즈버스트 나폴리 (L)	도미노피자	빵 및 과자류	23.2	243	11.6	1028	D
피자_블랙앵거스 스테이크 피자 치즈 엣지 (M)	도미노피자	빵 및 과자류	24.7	242	11	778	D
피자_블랙앵거스 스테이크 피자 치즈 엣지 (L)	도미노피자	빵 및 과자류	25.5	242	11.7	1238	D
피자_블랙앵거스 스테이크 피자 오리지널 (L)	도미노피자	빵 및 과자류	29.3	242	12	1017	D
피자_블랙앵거스 스테이크 피자 씬 (M)	도미노피자	빵 및 과자류	21.6	244	10.6	428	D
피자_블랙앵거스 스테이크 피자 씬 (L)	도미노피자	빵 및 과자류	23.2	260	11	694	D
피자_블랙앵거스 스테이크 피자 슈화 더블 치즈 페퍼로니 엣지 (M)	도미노피자	빵 및 과자류	25.6	295	14.4	744	D
피자_블랙앵거스 스테이크 피자 슈화 더블 치즈 페퍼로니 엣지 (L)	도미노피자	빵 및 과자류	24.5	278	14	1228	D
피자_블랙앵거스 스테이크 피자 슈퍼시드 화이버 오리지널 (M)	도미노피자	빵 및 과자류	30.5	239	10.9	608	D
피자_블랙앵거스 스테이크 피자 슈퍼시드 화이버 오리지널 (L)	도미노피자	빵 및 과자류	28.6	232	11	1031	D
피자_블랙앵거스 스테이크 피자 슈퍼시드 화이버 버스트 오리지널 (L)	도미노피자	빵 및 과자류	25.7	278	13.5	1217	D
피자_블랙앵거스 스테이크 피자 더블치즈 페퍼로니 엣지 (L)	도미노피자	빵 및 과자류	23.8	246	12.1	1278	D
피자_블랙앵거스 스테이크 피자 나폴리 (M)	도미노피자	빵 및 과자류	24.2	231	11	520	D
피자_블랙앵거스 스테이크 피자 나폴리 (L)	도미노피자	빵 및 과자류	26.2	233	11.5	822	D
피자_불닭발레전드 피자 (R)	빽보이피자	빵 및 과자류	39	292	12	483	D
피자_불닭발레전드 피자 (L)	빽보이피자	빵 및 과자류	33.8	313	15.7	675	D
피자_불닭고구마 피자	피자스쿨	빵 및 과자류	29.6	254	9.9	850	D
피자_불닭 피자	선명희피자	빵 및 과자류	22.4	225	15.7	1074	D
피자_불고기피자		빵 및 과자류	28.7	286	14.8	680	D
피자_불고기 피자 (L)	피제이피자	빵 및 과자류	26.1	252	14.8	949	D
피자_불고기 피자 (L)	난타5000피자	빵 및 과자류	39.1	314	15.2	600	D
피자_불고기 피자	피자스쿨	빵 및 과자류	28.6	247	14	715	D
피자_불고기 체다 스타라이트 피자 화이버 엣지 오리지널 (M)	도미노피자	빵 및 과자류	26.4	264	12	631	D
피자_불고기 체다 스타라이트 피자 화이버 엣지 오리지널 (L)	도미노피자	빵 및 과자류	26.7	264	12	1050	D
피자_불고기 체다 스타라이트 피자 화이버 버스트 오리지널 (L)	도미노피자	빵 및 과자류	27	254	11.6	1074	D
피자_불고기 체다 스타라이트 피자 치즈버스트 오리지널 (L)	도미노피자	빵 및 과자류	26.6	260	11.9	1077	D
피자_불고기 체다 스타라이트 피자 치즈버스트 나폴리 (L)	도미노피자	빵 및 과자류	20.8	262	12.8	886	D
피자_불고기 체다 스타라이트 피자 오리지널 (M)	도미노피자	빵 및 과자류	28.2	251	11	516	D
피자_불고기 체다 스타라이트 피자 오리지널 (L)	도미노피자	빵 및 과자류	28.2	244	11	877	D
피자_불고기 체다 스타라이트 피자 씬 (L)	도미노피자	빵 및 과자류	21.4	292	12.7	503	D
피자_불고기 체다 스타라이트 피자 슈화 더블치즈 페퍼로니 엣지 (M)	도미노피자	빵 및 과자류	25	268	12.4	651	D
피자_불고기 체다 스타라이트 피자 슈화 더블치즈 페퍼로니 엣지 (L)	도미노피자	빵 및 과자류	26.2	268	12.5	1090	D
피자_불고기 체다 스타라이트 피자 슈퍼시드 화이버 오리지널 (M)	도미노피자	빵 및 과자류	31.7	261	11	497	D
피자_불고기 체다 스타라이트 피자 슈퍼시드 화이버 오리지널 (L)	도미노피자	빵 및 과자류	32.1	244	10	870	D
피자_불고기 체다 스타라이트 피자 더블치즈 페퍼로니 엣지 (M)	도미노피자	빵 및 과자류	23.8	272	13.1	635	D
피자_불고기 체다 스타라이트 피자 더블치즈 페퍼로니 엣지 (L)	도미노피자	빵 및 과자류	23.8	267	12.3	1068	D
피자_불고기 체다 스타라이트 피자 더블치즈 엣지 (M)	도미노피자	빵 및 과자류	25.8	269	12.7	615	D
피자_불고기 체다 스타라이트 피자 더블치즈 엣지 (L)	도미노피자	빵 및 과자류	26.2	263	11.8	1028	D
피자_불고기 체다 스타라이트 피자 나폴리 (M)	도미노피자	빵 및 과자류	25.1	257	12	370	D
피자_불고기 체다 스타라이트 피자 나폴리 (L)	도미노피자	빵 및 과자류	25.4	249	11.9	664	D
피자_복성로 불고기 피자	비스트로피자	빵 및 과자류	41.6	391	20.3	515	D
피자_베이컨할라피뇨 피자	선명희피자	빵 및 과자류	22.9	236	14.5	1046	D
피자_베이컨하와이안피자(R)	노모어피자	빵 및 과자류	26.9	233	11.7	690	D
피자_베이컨하와이안피자(P)	노모어피자	빵 및 과자류	26.9	233	11.7	445	D
피자_베이컨하와이안피자(L)	노모어피자	빵 및 과자류	26.9	233	11.7	1090	D
피자_베이컨포테이토피자(R)	노모어피자	빵 및 과자류	23	234	13.6	660	D
피자_베이컨포테이토피자(P)	노모어피자	빵 및 과자류	23	234	13.6	395	D
피자_베이컨포테이토피자(L)	노모어피자	빵 및 과자류	23	234	13.6	1035	D
피자_베이컨포테이토 피자	선명희피자	빵 및 과자류	24.7	232	12.3	1168	D
피자_베이컨체더치즈 피자 오리지널 (M)	도미노피자	빵 및 과자류	30	267	12.4	516	D
피자_베이컨체더치즈 피자 오리지널 (L)	도미노피자	빵 및 과자류	28.2	275	12.8	902	D
피자_베이컨체더치즈 피자 씬 (M)	도미노피자	빵 및 과자류	20.7	317	16.2	306	D
피자_베이컨체더치즈 피자 더블치즈 페퍼로니 엣지 (M)	도미노피자	빵 및 과자류	23.7	275	15.2	675	D
피자_베이컨체더치즈 피자 더블치즈 페퍼로니 엣지 (L)	도미노피자	빵 및 과자류	22.7	268	13.2	1151	D
피자_베이컨체더치즈 피자 나폴리 (M)	도미노피자	빵 및 과자류	25.2	273	14.5	401	D
피자_베이컨체더치즈 피자 나폴리 (L)	도미노피자	빵 및 과자류	24.6	276	15	711	D
피자_베이컨체더 피자 슈화 더블 치즈 페퍼로니 엣지 (M)	도미노피자	빵 및 과자류	25.8	327	16	651	D
피자_베이컨체더 피자 슈화 더블 치즈 페퍼로니 엣지 (L)	도미노피자	빵 및 과자류	25.8	310	15.7	1124	D
피자_베이컨체더 피자 슈퍼시드 화이버 오리지널 (M)	도미노피자	빵 및 과자류	31.6	264	12	515	D
피자_베이컨체더 피자 슈퍼시드 화이버 오리지널 (L)	도미노피자	빵 및 과자류	30.6	260	12.5	927	D
피자_베이컨체더 피자 슈퍼시드 화이버 버스트 오리지널 (L)	도미노피자	빵 및 과자류	27	310	15.2	1113	D
피자_베이컨체더 피자 더블치즈 엣지 (M)	도미노피자	빵 및 과자류	24	272	14.8	655	D
피자_베이컨체더 피자 더블치즈 엣지 (L)	도미노피자	빵 및 과자류	24.8	264	12.7	1111	D
피자_베이컨소세지 피자	선명희피자	빵 및 과자류	23.5	264	14.4	1052	D
피자_베이컨불고기 피자	선명희피자	빵 및 과자류	25.7	242	14.7	1088	D
피자_베이컨 피자 (L)	난타5000피자	빵 및 과자류	40.4	308	13.8	516	D
피자_베이컨 피자	선명희피자	빵 및 과자류	29.1	290	17.5	826	D
피자_베스트 콰트로 피자 오리지널 (M)	도미노피자	빵 및 과자류	23.9	218	10.7	642	D
피자_베스트 콰트로 피자 오리지널 (L)	도미노피자	빵 및 과자류	24.2	222	10.6	1072	D
피자_베스트 콰트로 피자 씬 (L)	도미노피자	빵 및 과자류	20.1	242	10	736	D
피자_베스트 콰트로 피자 슈화 더블 치즈 페퍼로니 엣지 (M)	도미노피자	빵 및 과자류	26.1	299	13.4	770	D
피자_베스트 콰트로 피자 슈화 더블 치즈 페퍼로니 엣지 (L)	도미노피자	빵 및 과자류	25.6	288	13.9	1227	D
피자_베스트 콰트로 피자 슈퍼시드 화이버 오리지널 (M)	도미노피자	빵 및 과자류	30.8	246	10	634	D
피자_베스트 콰트로 피자 슈퍼시드 화이버 오리지널 (L)	도미노피자	빵 및 과자류	29.9	241	10.9	1030	D
피자_베스트 콰트로 피자 슈퍼시드 화이버 버스트 오리지널 (L)	도미노피자	빵 및 과자류	26.7	288	13.4	1216	D
피자_베스트 콰트로 피자 더블치즈 페퍼로니 엣지 (L)	도미노피자	빵 및 과자류	20.4	239	11.4	1305	D
피자_베스트 콰트로 피자 더블치즈 엣지 (M)	도미노피자	빵 및 과자류	21	237	11.5	785	D
피자_베스트 콰트로 피자 더블치즈 엣지 (L)	도미노피자	빵 및 과자류	21.9	235	10.9	1265	D
피자_베스트 콰트로 피자 나폴리 (M)	도미노피자	빵 및 과자류	20.1	221	10.9	623	D
피자_베스트 콰트로 피자 나폴리 (L)	도미노피자	빵 및 과자류	21.7	218	10	759	D
피자_바질마스카포네뇨끼피자(R)	노모어피자	빵 및 과자류	27.6	292	14.7	577	D
피자_바질마스카포네뇨끼피자(P)	노모어피자	빵 및 과자류	27.6	292	14.7	347	D
피자_바질마스카포네뇨끼피자(L)	노모어피자	빵 및 과자류	27.6	292	14.7	877	D
피자_바싹불고기 피자	선명희피자	빵 및 과자류	26.2	238	17.5	1010	D
피자_바비큐 시카고 딥디쉬 피자	굽네치킨	빵 및 과자류	26.9	308	14	100	D
피자_바베큐치킨 피자	선명희피자	빵 및 과자류	25.7	228	16.2	1084	D
피자_미트치폴레 피자	선명희피자	빵 및 과자류	20.8	238	15.3	1154	D
피자_미트러버 피자	피자스쿨	빵 및 과자류	31.1	308	15	720	D
피자_미니콤비네이션 피자	선명희피자	빵 및 과자류	21.8	259	16.7	313	D
피자_미니바싹불고기 피자	선명희피자	빵 및 과자류	23.5	251	16.1	322	D
피자_미니고구마무스 피자	선명희피자	빵 및 과자류	26.8	216	10.3	386	D
피자_모짜렐라치즈 피자	선명희피자	빵 및 과자류	38.1	289	11.3	772	D
피자_멕시칸바이트 피자	피자스쿨	빵 및 과자류	31.6	255	13.3	785	D
피자_리코타 페퍼로니 킹덤 피자 화이버 엣지 오리지널 (M)	도미노피자	빵 및 과자류	26.7	267	11.9	658	D
피자_리코타 페퍼로니 킹덤 피자 화이버 엣지 오리지널 (L)	도미노피자	빵 및 과자류	25.9	262	10.9	1046	D
피자_리코타 페퍼로니 킹덤 피자 화이버 버스트 오리지널 (L)	도미노피자	빵 및 과자류	28.2	262	11	1083	D
피자_리코타 페퍼로니 킹덤 피자 치즈버스트 오리지널 (L)	도미노피자	빵 및 과자류	24.9	267	11	1085	D
피자_리코타 페퍼로니 킹덤 피자 치즈버스트 나폴리 (L)	도미노피자	빵 및 과자류	22.8	268	11.8	877	D
피자_리코타 페퍼로니 킹덤 피자 오리지널 (M)	도미노피자	빵 및 과자류	29.3	257	10	542	D
피자_리코타 페퍼로니 킹덤 피자 오리지널 (L)	도미노피자	빵 및 과자류	28.3	257	10.9	896	D
피자_리코타 페퍼로니 킹덤 피자 씬 (M)	도미노피자	빵 및 과자류	20.8	300	11.9	315	D
피자_리코타 페퍼로니 킹덤 피자 씬 (L)	도미노피자	빵 및 과자류	21.4	299	11	510	D
피자_리코타 페퍼로니 킹덤 피자 슈화 더블치즈 페퍼로니 엣지 (M)	도미노피자	빵 및 과자류	25	270	12.3	678	D
피자_리코타 페퍼로니 킹덤 피자 슈화 더블치즈 페퍼로니 엣지 (L)	도미노피자	빵 및 과자류	26.5	266	11.4	1086	D
피자_리코타 페퍼로니 킹덤 피자 슈퍼시드 화이버 오리지널 (M)	도미노피자	빵 및 과자류	30.4	260	10.8	542	D
피자_리코타 페퍼로니 킹덤 피자 슈퍼시드 화이버 오리지널 (L)	도미노피자	빵 및 과자류	31.8	259	10	883	D
피자_리코타 페퍼로니 킹덤 피자 더블치즈 페퍼로니 엣지 (M)	도미노피자	빵 및 과자류	23.9	269	11.4	686	D
피자_리코타 페퍼로니 킹덤 피자 더블치즈 페퍼로니 엣지 (L)	도미노피자	빵 및 과자류	24.1	280	12.4	1080	D
피자_리코타 페퍼로니 킹덤 피자 더블치즈 엣지 (M)	도미노피자	빵 및 과자류	25.7	266	11	666	D
피자_리코타 페퍼로니 킹덤 피자 더블치즈 엣지 (L)	도미노피자	빵 및 과자류	25.9	276	11.9	1040	D
피자_리코타 페퍼로니 킹덤 피자 나폴리 (M)	도미노피자	빵 및 과자류	24.9	259	12	417	D
피자_리코타 페퍼로니 킹덤 피자 나폴리 (L)	도미노피자	빵 및 과자류	26.8	259	11	683	D
피자_리치골드 피자 (L)	난타5000피자	빵 및 과자류	37.2	375	20.5	554	D
피자_리얼불고기 피자 치즈버스트 오리지널 (L)	도미노피자	빵 및 과자류	27.5	256	12	1176	D
피자_리얼불고기 피자 치즈버스트 나폴리 (L)	도미노피자	빵 및 과자류	22.9	253	13	968	D
피자_리얼불고기 피자 오리지널 (M)	도미노피자	빵 및 과자류	34.7	258	11.8	508	D
피자_리얼불고기 피자 오리지널 (L)	도미노피자	빵 및 과자류	31.9	251	12.3	922	D
피자_리얼불고기 피자 씬 (M)	도미노피자	빵 및 과자류	26.1	282	13.2	303	D
피자_리얼불고기 피자 씬 (L)	도미노피자	빵 및 과자류	23.9	273	12.5	587	D
피자_리얼불고기 피자 슈화 더블 치즈 페퍼로니 엣지 (M)	도미노피자	빵 및 과자류	25.2	314	14.9	676	D
피자_리얼불고기 피자 슈화 더블 치즈 페퍼로니 엣지 (L)	도미노피자	빵 및 과자류	25.7	302	14.2	1158	D
피자_리얼불고기 피자 슈퍼시드 화이버 오리지널 (M)	도미노피자	빵 및 과자류	30.6	254	11	540	D
피자_리얼불고기 피자 슈퍼시드 화이버 오리지널 (L)	도미노피자	빵 및 과자류	30.3	254	11	961	D
피자_리얼불고기 피자 슈퍼시드 화이버 버스트 오리지널 (L)	도미노피자	빵 및 과자류	26.9	303	13.6	1147	D
피자_리얼불고기 피자 더블치즈 페퍼로니 엣지 (M)	도미노피자	빵 및 과자류	26.6	261	13.5	681	D
피자_리얼불고기 피자 더블치즈 페퍼로니 엣지 (L)	도미노피자	빵 및 과자류	26	260	14.3	1157	D
피자_리얼불고기 피자 더블치즈 엣지 (M)	도미노피자	빵 및 과자류	26.4	258	13.1	661	D
피자_리얼불고기 피자 더블치즈 엣지 (L)	도미노피자	빵 및 과자류	26.8	256	13.9	1117	D
피자_리얼불고기 피자 나폴리 (M)	도미노피자	빵 및 과자류	29.7	252	12.7	392	D
피자_리얼불고기 피자 나폴리 (L)	도미노피자	빵 및 과자류	28.8	253	12.2	700	D
피자_레드불고기 피자 (L)	피제이피자	빵 및 과자류	24.6	241	11.8	986	D
피자_라자냐 시카고 피자	빅스타피자	빵 및 과자류	25.9	257	13	974	D
피자_떡갈비 피자 (L)	난타5000피자	빵 및 과자류	31.7	318	18.8	526	D
피자_딥치즈베이컨 피자	선명희피자	빵 및 과자류	20.8	299	20.8	1192	D
피자_디아블로 피자	탐앤탐스	빵 및 과자류	39.8	317	14.1	191	D
피자_디아블로 (L)	탐앤탐스	빵 및 과자류	22.7	251	14	278	D
피자_도이치바이트 피자	피자스쿨	빵 및 과자류	32.5	258	12.2	755	D
피자_더블포테이토 피자 오리지널 (M)	비스트로피자	빵 및 과자류	24.4	279	10.7	670	D
피자_더블페퍼로니피자(R)	노모어피자	빵 및 과자류	22.1	273	16.9	625	D
피자_더블페퍼로니피자(P)	노모어피자	빵 및 과자류	22.1	273	16.9	399	D
피자_더블페퍼로니피자(L)	노모어피자	빵 및 과자류	22.1	273	16.9	997	D
피자_더블불고기 피자 오리지널 (M)	비스트로피자	빵 및 과자류	38.3	257	12.5	525	D
피자_더블불고기 피자 (L)	프레드피자	빵 및 과자류	26.3	269	14.2	835	D
피자_더블갈릭바베큐 피자	피자스쿨	빵 및 과자류	33.3	271	12.1	660	D
피자_대만 콘 치즈 감자 피자 치즈버스트 오리지널 (L)	도미노피자	빵 및 과자류	28.3	257	9	1210	D
피자_대만 콘 치즈 감자 피자 치즈버스트 나폴리 (L)	도미노피자	빵 및 과자류	24	259	10	1021	D
피자_대만 콘 치즈 감자 피자 오리지널 (L)	도미노피자	빵 및 과자류	30.4	257	9.3	1008	D
피자_대만 콘 치즈 감자 피자 씬 (L)	도미노피자	빵 및 과자류	25.4	261	9	658	D
피자_대만 콘 치즈 감자 피자 슈화 더블치즈 페퍼로니 엣지 (L)	도미노피자	빵 및 과자류	27.9	307	11.6	1199	D
피자_대만 콘 치즈 감자 피자 슈퍼시드 화이버 오리지널 (L)	도미노피자	빵 및 과자류	32.7	260	8.5	1002	D
피자_대만 콘 치즈 감자 피자 슈퍼시드 화이버 버스트 오리지널 (L)	도미노피자	빵 및 과자류	29	307	11	1188	D
피자_대만 콘 치즈 감자 피자 더블치즈 페퍼로니 엣지 (L)	도미노피자	빵 및 과자류	25.6	254	10.3	1226	D
피자_대만 콘 치즈 감자 피자 더블치즈 엣지 (L)	도미노피자	빵 및 과자류	26.5	250	9.8	1186	D
피자_대만 콘 치즈 감자 피자 나폴리 (L)	도미노피자	빵 및 과자류	27.9	253	8.9	793	D
피자_닭안심살 피자	피자스쿨	빵 및 과자류	29.1	234	12.7	880	D
피자_달콤불고기 피자	선명희피자	빵 및 과자류	23.4	205	14.2	1126	D
피자_달콤구마 피자	빅스타피자	빵 및 과자류	29.8	273	13.1	1347	D
피자_뉴욕페퍼로니 피자	피제이피자	빵 및 과자류	36.2	290	14.7	751	D
피자_뉴욕소세지 피자 오리지널 (M)	비스트로피자	빵 및 과자류	28.4	287	13.4	580	D
피자_뉴욕 오리진 피자 치즈버스트 오리지널 (L)	도미노피자	빵 및 과자류	21.3	234	12.5	1374	D
피자_뉴욕 오리진 피자 오리지널 (M)	도미노피자	빵 및 과자류	24.1	250	13.2	663	D
피자_뉴욕 오리진 피자 오리지널 (L)	도미노피자	빵 및 과자류	20	251	12.7	1154	D
피자_뉴욕 오리진 피자 슈화 더블 치즈 페퍼로니 엣지 (L)	도미노피자	빵 및 과자류	20.4	298	14.6	1362	D
피자_뉴욕 오리진 피자 슈퍼시드 화이버 오리지널 (M)	도미노피자	빵 및 과자류	23	255	12.6	661	D
피자_뉴욕 오리진 피자 슈퍼시드 화이버 오리지널 (L)	도미노피자	빵 및 과자류	23.2	257	11.9	1165	D
피자_뉴욕 오리진 피자 슈퍼시드 화이버 버스트 오리지널 (L)	도미노피자	빵 및 과자류	21.4	299	14.1	1351	D
피자_뉴욕 오리진 피자 더블치즈 엣지 (M)	도미노피자	빵 및 과자류	25.8	264	13.8	806	D
피자_뉴욕 오리진 피자 더블치즈 엣지 (L)	도미노피자	빵 및 과자류	21.4	245	12.9	1342	D
피자_뉴욕 오리진 피자 나폴리 (M)	도미노피자	빵 및 과자류	21.3	244	12.9	553	D
피자_뉴욕 오리진 피자 나폴리 (L)	도미노피자	빵 및 과자류	22	249	11.6	945	D
피자_나폴리 피자	피자스쿨	빵 및 과자류	29.7	241	12.3	761	D
피자_꽃길만 감자 피자	피제이피자	빵 및 과자류	25.3	198	8.9	927	D
피자_깐쇼새우 피자	피자스쿨	빵 및 과자류	42.6	305	13.9	864	D
피자_까르보네 피자	피자스쿨	빵 및 과자류	31	253	13.6	740	D
피자_그릴드비프 갈비천왕 피자	굽네치킨	빵 및 과자류	30.5	297	12.3	100	D
피자_골드핫치킨 피자 (L)	난타5000피자	빵 및 과자류	40.6	371	20.8	900	D
피자_골드프리미엄 불고기 피자 (L)	난타5000피자	빵 및 과자류	42.7	377	17.7	792	D
피자_골드스테이크 피자 (L)	난타5000피자	빵 및 과자류	35.5	357	21.2	752	D
피자_골드베이컨 피자 (L)	난타5000피자	빵 및 과자류	45	378	17.1	816	D
피자_골드베스트 피자 (L)	난타5000피자	빵 및 과자류	32.5	266	10.3	810	D
피자_골드바베큐필레 피자 (L)	난타5000피자	빵 및 과자류	35.5	278	11.5	812	D
피자_골드고구마 피자 오리지널 (M)	비스트로피자	빵 및 과자류	25.3	292	17.2	555	D
피자_골드고구마 피자 (L)	난타5000피자	빵 및 과자류	37.8	283	12.5	920	D
피자_고추불고기 피자	선명희피자	빵 및 과자류	24.6	221	14.2	1074	D
피자_고르곤졸라 피자	탐앤탐스	빵 및 과자류	39.7	384	18.1	116	D
피자_고르곤졸라 피자	빅스타피자	빵 및 과자류	32.8	322	16.4	932	D
피자_고르곤졸라 피자	선명희피자	빵 및 과자류	34.4	297	16.7	716	D
피자_고르곤졸라 피자	피자스쿨	빵 및 과자류	36.1	303	16.7	480	D
피자_고르곤졸라 (L)	탐앤탐스	빵 및 과자류	33.9	364	18.9	180	D
피자_고구마무스 피자	선명희피자	빵 및 과자류	30.3	217	7.9	1318	D
피자_고구마 피자 (L)	난타5000피자	빵 및 과자류	37.8	283	12.5	620	D
피자_고구마 피자 (L)	피제이피자	빵 및 과자류	32	271	9.8	905	D
피자_고구마 피자	피자스쿨	빵 및 과자류	45.4	258	11.7	785	D
피자_게살크림 피자	선명희피자	빵 및 과자류	24	222	13.3	1196	D
피자_갈릭스테이크 피자 오리지널 (M)	비스트로피자	빵 및 과자류	30.1	258	10.7	620	D
피자_갈릭쉬림프 피자 오리지널 (M)	비스트로피자	빵 및 과자류	26.2	262	11.8	610	D
피자_간편조리세트_피자(기타)		빵 및 과자류	33.8	249	11.9	964	D
피자_간편조리세트_포테이토피자		빵 및 과자류	31	243	11	1112	D
피자_간편조리세트_페퍼로니피자		빵 및 과자류	34.4	290	16.3	883	D
피자_간편조리세트_콤비네이션피자		빵 및 과자류	27.4	253	13.4	976	D
피자_간편조리세트_치즈피자		빵 및 과자류	33.7	288	16.5	632	D
피자_간편조리세트_스테이크피자		빵 및 과자류	27.3	277	14.2	1000	D
피자_간편조리세트_새우피자		빵 및 과자류	35.3	249	12.6	860	D
피자_간편조리세트_불고기피자		빵 및 과자류	26.2	274	15	910	D
피자_간편조리세트_고구마피자		빵 및 과자류	31.4	237	10.6	1245	D
피자		빵 및 과자류	23.5	231	11.5	558	D
피망볶음		볶음류	11.1	138	1.7	79	D
프레즐_햄치즈 프레첼	롤링핀	빵 및 과자류	41.4	285	11.9	110	D
프레즐_할라피뇨 도그 프레즐	탐앤탐스	빵 및 과자류	26.9	243	10.3	145	D
프레즐_플레인 프레즐	탐앤탐스	빵 및 과자류	50.4	268	11.1	117	D
프레즐_페퍼로니 프레즐	탐앤탐스	빵 및 과자류	23.8	216	13.3	210	D
프레즐_크림치즈 프레즐	탐앤탐스	빵 및 과자류	43.8	272	9.8	153	D
프레즐_콘 프레즐	탐앤탐스	빵 및 과자류	32.2	242	13	208	D
프레즐_콘 샐러드 프레즐	탐앤탐스	빵 및 과자류	32.4	215	10.2	216	D
프레즐_오리지널 프레즐	탐앤탐스	빵 및 과자류	52.1	268	11.1	117	D
프레즐_압구정 프레첼	롤링핀	빵 및 과자류	43.8	470	6.8	200	D
프레즐_불고기 프레즐	탐앤탐스	빵 및 과자류	34.8	267	13.5	207	D
프레즐_도그 프레즐	탐앤탐스	빵 및 과자류	18.5	167	11.1	135	D
프레즐_고구마 프레즐	탐앤탐스	빵 및 과자류	40.1	268	12.7	212	D
프레즐		빵 및 과자류	55.1	312	8.4	100	D
풋마늘무침		생채·무침류	9.6	62	1.8	82	D
풋고추찜		찜류	9.6	55	2.3	150	D
풋고추볶음		볶음류	8.2	70	1.9	100	D
풋고추된장무침_풋고추		생채·무침류	12	124	2.4	100	D
풋고추된장무침		생채·무침류	7.9	45	1.9	50	D
표고버섯볶음		볶음류	4	35	1.7	110	D
폭찹		볶음류	5.7	124	12.2	99	D
페이스트리_프렌치뀐아망	파리바게뜨	빵 및 과자류	50	485	5.9	68	D
페이스트리_페이스트리 앙버터	롤링핀	빵 및 과자류	50.1	449	5.6	310	D
페이스트리_크림치즈데니쉬	파리바게뜨	빵 및 과자류	30.5	384	6.3	95	D
페이스트리_촉촉한몽블랑	파리바게뜨	빵 및 과자류	43.5	397	5.9	170	D
페이스트리_청포도 페이스트리	롤링핀	빵 및 과자류	27.7	276	4.3	190	D
페이스트리_오코노미야키 페이스트리	롤링핀	빵 및 과자류	22.6	241	9	190	D
페이스트리_오렌지 페이스트리	롤링핀	빵 및 과자류	27.6	277	4.5	190	D
페이스트리_미니초코칩트위스트	파리바게뜨	빵 및 과자류	45.5	409	4.5	22	D
페이스트리_미니소시지페스츄리	파리바게뜨	빵 및 과자류	25	396	8.3	24	D
페이스트리_롤링 페이스트리	롤링핀	빵 및 과자류	34.9	383	6.1	130	D
페이스트리		빵 및 과자류	39.4	462	5.3	70	D
팥죽		죽 및 스프류	17.1	83	3	259	D
팥빵_호두통팥	롤링핀	빵 및 과자류	42.3	362	9.7	110	D
팥빵_호두단팥빵	파리바게뜨	빵 및 과자류	45.2	261	7	115	D
팥빵_호두과자	코코호도	빵 및 과자류	43.3	258	15	240	D
팥빵_팥호두과자(8개입)	복호두	빵 및 과자류	49	280	7	160	D
팥빵_팥호두과자(20개입)	복호두	빵 및 과자류	49	280	7	400	D
팥빵_팥앙버터호두과자(8개입)	복호두	빵 및 과자류	46.5	320	7	168	D
팥빵_팥앙버터호두과자(20개입)	복호두	빵 및 과자류	46.5	320	7	420	D
팥빵_팥레몬버터호두과자(8개입)	복호두	빵 및 과자류	46.5	313	6.5	168	D
팥빵_팥레몬버터호두과자(20개입)	복호두	빵 및 과자류	46.5	313	6.5	420	D
팥빵_팥딸기버터호두과자(8개입)	복호두	빵 및 과자류	47.5	307	6.5	168	D
팥빵_팥딸기버터호두과자(20개입)	복호두	빵 및 과자류	47.5	307	6.5	420	D
팥빵_팥 페스츄리 붕어빵	더리터	빵 및 과자류	39.2	262	5.4	130	D
팥빵_추억의 팥절미빵	파리바게뜨	빵 및 과자류	40.4	273	9.1	99	D
팥빵_앙버터호두과자(8개입)	복호두	빵 및 과자류	44	359	7	176	D
팥빵_앙버터호두과자(20개입)	복호두	빵 및 과자류	44	359	7	440	D
팥빵_앙버터레몬버터호두버터(8개입)	복호두	빵 및 과자류	44	353	6.5	176	D
팥빵_앙버터레몬버터호두버터(20개입)	복호두	빵 및 과자류	44	353	6.5	440	D
팥빵_앙버터딸기버터호두과자(8개입)	복호두	빵 및 과자류	45	347	6.5	176	D
팥빵_앙버터딸기버터호두과자(20개입)	복호두	빵 및 과자류	45	347	6.5	440	D
팥빵_소보루단팥빵	롤링핀	빵 및 과자류	50	356	7.1	125	D
팥빵_레몬버터호두과자(8개입)	복호두	빵 및 과자류	44	346	6	176	D
팥빵_레몬버터호두과자(20개입)	복호두	빵 및 과자류	44	346	6	440	D
팥빵_레몬버터딸기버터호두과자(8개입)	복호두	빵 및 과자류	45	340	6	176	D
팥빵_레몬버터딸기버터호두과자(20개입)	복호두	빵 및 과자류	45	340	6	440	D
팥빵_딸기버터호두과자(8개입)	복호두	빵 및 과자류	46	334	6	176	D
팥빵_딸기버터호두과자(20개입)	복호두	빵 및 과자류	46	334	6	440	D
팥빙수		유제품류 및 빙과류	20.8	99	2.4	300	D
팥밥		밥류	25.4	119	2.5	300	D
팟타이_간편조리세트_비프 팟타이	프레시지	면 및 만두류	22.5	231	7	576	D
팟타이		면 및 만두류	18.5	146	4	100	D
팝콘_카라멜		곡류, 서류 제품	69.8	479	5.9	100	D
팝콘		곡류, 서류 제품	58.1	511	8.3	100	D
팔보채		볶음류	3.4	90	12.4	220	D
파전_해물		전·적 및 부침류	18.9	195	10.7	150	D
파전_돼지고기_김치		전·적 및 부침류	13.2	101	5	150	D
파전_굴_김치		전·적 및 부침류	14.2	99	3.9	140	D
파전_감자_김치		전·적 및 부침류	14.5	93	2.8	150	D
파전		전·적 및 부침류	23.2	195	4.6	150	D
파이/만주_클래식애플파이	파리바게뜨	빵 및 과자류	34.7	313	4	75	D
파이/만주_진한크림치즈롤파이	파리바게뜨	빵 및 과자류	34.4	375	6.2	32	D
파이/만주_쌀콩만주	롤링핀	빵 및 과자류	63.3	328	8.5	25	D
파이/만주_생크림 가득 파이	롤링핀	빵 및 과자류	33.9	358	5.4	170	D
파이/만주_사과파이		빵 및 과자류	34.8	185	2.5	100	D
파이/만주_빨미까레 쿠앤크	크로플덕오리아가씨	빵 및 과자류	45	403	6.2	80	D
파이/만주_빨미까레 초코	크로플덕오리아가씨	빵 및 과자류	48.8	455	6.2	80	D
파이/만주_빨미까레 녹차	크로플덕오리아가씨	빵 및 과자류	48.8	438	6.2	80	D
파이/만주_만주		빵 및 과자류	66.9	318	7.3	70	D
파이/만주_로스팅호두로더고소한호두파이 (조각)	파리바게뜨	빵 및 과자류	44.6	402	7.1	56	D
파이/만주_달콤한딸기롤파이 (5개입)	파리바게뜨	빵 및 과자류	51	365	3.2	155	D
파이/만주_달콤한딸기롤파이 (2개입)	파리바게뜨	빵 및 과자류	50	363	3.2	62	D
파이/만주_달콤한딸기롤파이	파리바게뜨	빵 및 과자류	51.6	371	3.2	31	D
파이/만주_다크초콜릿롤	롤링핀	빵 및 과자류	41.9	417	7.3	120	D
파운드케이크_솔트카라멜 파운드 케이크	달콤	빵 및 과자류	50	434	5.6	90	D
파운드케이크_무화과 파운드 케이크	달콤	빵 및 과자류	44.5	404	4.5	110	D
파운드케이크		빵 및 과자류	26.7	226	3.5	170	D
파무침		생채·무침류	5.7	40	1.3	85	D
파래전		전·적 및 부침류	31.8	197	4.7	40	D
파래볶음		볶음류	1.9	61	1.2	51	D
파래무침_파래_무		생채·무침류	4.9	23	1.1	130	D
파래무침_액젓		생채·무침류	2.6	22	1.7	100	D
파래무침_무		생채·무침류	5.3	36	1.8	40	D
파래무침		생채·무침류	8.7	49	3.6	30	D
파김치		김치류	8.5	49	2.5	100	D
파강회		채소, 해조류	6.3	42	1.2	85	D
트위스터 샌드위치		빵 및 과자류	3.5	56	3.6	381	D
톳나물무침		생채·무침류	12.3	75	1.9	90	D
톳나물_두부		나물·숙채류	6.8	52	3.7	60	D
토스트_햄 치즈 프렌치 토스트	커피빈	빵 및 과자류	28.1	312	10	160	D
토스트_카야치즈 토스트	크로플덕오리아가씨	빵 및 과자류	43.2	249	7.4	95	D
토스트_카야버터 토스트	크로플덕오리아가씨	빵 및 과자류	43.2	321	5.3	95	D
토스트_카야 버터치즈 반반 토스트	크로플덕오리아가씨	빵 및 과자류	43.2	285	6.3	95	D
토스트_전여친 생각 토스트	크로플덕오리아가씨	빵 및 과자류	58.8	379	5.9	136	D
토스트_누텔라 바나나 토스트	크로플덕오리아가씨	빵 및 과자류	36.3	208	3.4	146	D
토스트(식빵)		빵 및 과자류	15.6	84	2.5	230	D
토란대나물무침		나물·숙채류	4.2	68	5.1	90	D
토란대나물		나물·숙채류	3.9	32	0.9	50	D
토란국		국 및 탕류	3.6	34	1.9	320	D
탕평채		생채·무침류	6.3	73	2.4	100	D
탕수육_새우		튀김류	13	116	6.7	200	D
탕수육_간편조리세트_김치피자탕수육	GS 리테일 심플리쿡	튀김류	20.5	227	12.4	790	D
탕수육		튀김류	13.1	160	10.6	155	D
탕수어		튀김류	39	281	12.6	114	D
탄탄면_간편조리세트_마라 탄탄면	프레시지	면 및 만두류	21	174	5.7	599	D
탄산음료_체리팡팡 아이스(ICED) (L)	더리터	음료 및 차류	12.8	53	0	946	D
타르트_호두듬뿍타르트	파리바게뜨	빵 및 과자류	42	430	8	50	D
타르트_오렌지타르트	롤링핀	빵 및 과자류	26.3	248	3.8	200	D
타르트_에그타르트	파리바게뜨	빵 및 과자류	28	280	4	50	D
타르트_에그타르트	롤링핀	빵 및 과자류	38.1	297	5.9	70	D
키조개구이		구이류	1.9	75	8.7	100	D
크림빵_쿠키슈 황치즈크림	크로플덕오리아가씨	빵 및 과자류	58.6	386	8.6	70	D
크림빵_쿠키슈 커스터드크림	크로플덕오리아가씨	빵 및 과자류	44.3	377	4.3	70	D
크림빵_쿠키슈 커스터드초코크림	크로플덕오리아가씨	빵 및 과자류	48.6	427	8.6	70	D
크림빵_쿠키슈 생크림	크로플덕오리아가씨	빵 및 과자류	40	343	4.3	70	D
크림빵_커스터드크로칸슈	바나프레소	빵 및 과자류	28.3	356	8.3	120	D
크림빵_추억의 고구마생크림빵	파리바게뜨	빵 및 과자류	42.7	368	6.4	110	D
크림빵_초코 슈스틱	더리터	빵 및 과자류	36.7	333	6.7	60	D
크림빵_인생 딸기생크림빵	파리바게뜨	빵 및 과자류	40	329	5.7	105	D
크림빵_우유크림크로칸슈	바나프레소	빵 및 과자류	34	415	10	100	D
크림빵_우유크림슈	파리바게뜨	빵 및 과자류	21.7	304	4.3	23	D
크림빵_요구르트 슈스틱	공차	빵 및 과자류	21.7	275	5	60	D
크림빵_요구르트 슈스틱	더리터	빵 및 과자류	38.3	325	5	60	D
크림빵_왕구름크림빵	파리바게뜨	빵 및 과자류	45.3	359	6.1	245	D
크림빵_와앙 바닐라 슈크림빵	메가커피	빵 및 과자류	41.7	332	6.1	115	D
크림빵_옥수수콘크림샌드	파리바게뜨	빵 및 과자류	38.3	313	6.1	115	D
크림빵_아이스 허니 와앙 슈	메가커피	빵 및 과자류	34.7	267	5.3	75	D
크림빵_아이스 딸기라떼 와앙슈	메가커피	빵 및 과자류	37.3	287	4	75	D
크림빵_생크림메론크림빵	파리바게뜨	빵 및 과자류	43.1	328	5.2	116	D
크림빵_보슬보슬옥수수크림빵	파리바게뜨	빵 및 과자류	41.1	344	6.7	90	D
크림빵_베이비 슈	요거트아이스크림의정석	빵 및 과자류	39.4	324	3	33	D
크림빵_바닐라 우유 크림슈	파리바게뜨	빵 및 과자류	13	326	4.3	23	D
크림빵_메론크림빵	파리바게뜨	빵 및 과자류	47.1	322	5.8	104	D
크림빵_단팥우유크림빵	달콤	빵 및 과자류	44	320	6.7	75	D
크림빵_단팥생크림빵	파리바게뜨	빵 및 과자류	38.2	297	4.9	123	D
크림빵		빵 및 과자류	47.2	366	8.2	100	D
크로플_황치즈크림위에 뛰노는 큐브치즈 크로플	크로플덕오리아가씨	빵 및 과자류	29.6	260	5.2	115	D
크로플_황치즈크림에 스며든 뽀또 크로플	크로플덕오리아가씨	빵 및 과자류	35.8	268	5.3	95	D
크로플_호호불어 호떡 크로플	크로플덕오리아가씨	빵 및 과자류	38.7	299	6.7	75	D
크로플_플레인 크로플	더리터	빵 및 과자류	45.7	507	7.1	70	D
크로플_티라미수 크로플 커스터드 크림	크로플덕오리아가씨	빵 및 과자류	30	304	10	100	D
크로플_티라미수 크로플 초코커스터드 크림	크로플덕오리아가씨	빵 및 과자류	32	326	10	100	D
크로플_티라미수 크로플 생크림	크로플덕오리아가씨	빵 및 과자류	26	267	10	100	D
크로플_크림치즈&누텔라 크로플	크로플각	빵 및 과자류	28	242	5	100	D
크로플_크림치즈 엎은 누텔라 크로플	크로플덕오리아가씨	빵 및 과자류	29.5	351	7.6	105	D
크로플_쿠앤크 아이스크림 크로플	크로플각	빵 및 과자류	19	233	6	100	D
크로플_쿠앤크 아이스크림 크로플	크로플덕오리아가씨	빵 및 과자류	21.9	182	3.4	205	D
크로플_커스터드에 반한 딸기 크로플 생딸기	크로플덕오리아가씨	빵 및 과자류	33	267	5	100	D
크로플_커스터드에 반한 딸기 크로플 딸기청	크로플덕오리아가씨	빵 및 과자류	35	273	5	100	D
크로플_커스터드 브륄레 크로플	크로플덕오리아가씨	빵 및 과자류	45.6	310	5.6	90	D
크로플_카이막 크로플	크로플각	빵 및 과자류	15	220	6	100	D
크로플_카라멜 크로플	더리터	빵 및 과자류	46.7	493	6.7	75	D
크로플_카라멜 브라운치즈 크로플	크로플덕오리아가씨	빵 및 과자류	42.7	359	8	75	D
크로플_치즈범벅 크로플	크로플각	빵 및 과자류	25	235	5	100	D
크로플_치즈몽땅 크로플	크로플덕오리아가씨	빵 및 과자류	33	300	10.2	88	D
크로플_초코젤라또 크로플	메가커피	빵 및 과자류	39.6	332	6.3	111	D
크로플_초코 크로플	더리터	빵 및 과자류	46.7	493	6.7	75	D
크로플_초코 아이스크림 크로플	크로플각	빵 및 과자류	18.7	234	7	100	D
크로플_초코 아이스크림 크로플	크로플덕오리아가씨	빵 및 과자류	22.9	188	3.4	205	D
크로플_초땅 반반크로스 크로플	크로플덕오리아가씨	빵 및 과자류	64.8	472	8.3	108	D
크로플_체다치즈 크로플	크로플각	빵 및 과자류	18	222	4	100	D
크로플_전여친 생각 크로플 크림치즈	크로플덕오리아가씨	빵 및 과자류	28.2	305	6.4	110	D
크로플_전여친 생각 크로플 생크림	크로플덕오리아가씨	빵 및 과자류	68	360	5	100	D
크로플_인절미 크로플	크로플각	빵 및 과자류	30	230	5	100	D
크로플_인절미 연유 크로플	더리터	빵 및 과자류	47.5	486	7.5	80	D
크로플_인생팥 크로플	크로플각	빵 및 과자류	24.7	239	6.5	100	D
크로플_와플보다 맛있는 플레인 크로플 빵	크로플덕오리아가씨	빵 및 과자류	60	275	7	260	D
크로플_오레오 크로플 커스터드크림	크로플덕오리아가씨	빵 및 과자류	42	289	5	100	D
크로플_오레오 크로플 초코커스터드크림	크로플덕오리아가씨	빵 및 과자류	45	322	5	100	D
크로플_오레오 크로플 생크림	크로플덕오리아가씨	빵 및 과자류	36.4	235	4.5	110	D
크로플_애플사과 시나몬 크로플	크로플덕오리아가씨	빵 및 과자류	46.2	288	5	80	D
크로플_앙증맞은 앙버터 크로플	크로플덕오리아가씨	빵 및 과자류	38.9	431	5.6	90	D
크로플_생크림인절미 크로플	크로플덕오리아가씨	빵 및 과자류	28.2	253	6.4	110	D
크로플_생크림 큐브블루베리 크로스 크로플	크로플덕오리아가씨	빵 및 과자류	30.5	208	3.8	105	D
크로플_생크림 큐브망고 크로스 크로플	크로플덕오리아가씨	빵 및 과자류	30.5	206	3.8	105	D
크로플_생크림 위에 뛰노는 큐브퐁듀 크로플	크로플덕오리아가씨	빵 및 과자류	33.3	275	5	120	D
크로플_생크림 오레오 크로플	크로플각	빵 및 과자류	33	288	5	100	D
크로플_생크림 애플잼 크로플	크로플덕오리아가씨	빵 및 과자류	91	457	4	100	D
크로플_생크림 샤인머스캣 크로플	크로플각	빵 및 과자류	21.2	226	4	100	D
크로플_생크림 블루베리 크로플	크로플각	빵 및 과자류	22.7	215	4	100	D
크로플_생크림 망고치즈케이크 크로플	크로플각	빵 및 과자류	27	253	6	100	D
크로플_생크림 망고 크로플	크로플각	빵 및 과자류	25	219	4	100	D
크로플_생크림 로투스 크로플	크로플각	빵 및 과자류	27.5	265	4.3	100	D
크로플_생크림 딸기잼 크로플	크로플덕오리아가씨	빵 및 과자류	68	360	5	100	D
크로플_생크림 딸기 크로플	크로플각	빵 및 과자류	23	235	4	100	D
크로플_생크림 듬뿍 블루베리 크로플	크로플덕오리아가씨	빵 및 과자류	30	163	3.6	110	D
크로플_생크림 듬뿍 망고 크로플	크로플덕오리아가씨	빵 및 과자류	29.6	160	3.5	115	D
크로플_생크림 듬뿍 딸기 크로플 생딸기	크로플덕오리아가씨	빵 및 과자류	19.4	112	3.2	155	D
크로플_생크림 듬뿍 딸기 크로플 딸기청	크로플덕오리아가씨	빵 및 과자류	28	217	4	100	D
크로플_생크림 돼지바 크로플	크로플각	빵 및 과자류	15.8	220	5	100	D
크로플_생크림 과일폭탄 크로플	크로플각	빵 및 과자류	27.7	245	7.3	100	D
크로플_생크림 고구마구마 크로플	크로플덕오리아가씨	빵 및 과자류	38	244	4	100	D
크로플_사과품은 크로플	크로플각	빵 및 과자류	20	220	4	100	D
크로플_블루베리요거트 아이스크림 크로플	크로플덕오리아가씨	빵 및 과자류	23.4	175	3.4	205	D
크로플_브라운 치즈 크로플	크로플각	빵 및 과자류	20	228	6	100	D
크로플_붕어둥절 붕어싸만코 크로플	크로플덕오리아가씨	빵 및 과자류	38	252	4	100	D
크로플_붕X싸만코 크로플	크로플각	빵 및 과자류	18.5	221	5	100	D
크로플_바닐라 아이스크림 크로플	크로플덕오리아가씨	빵 및 과자류	18.5	168	3.4	205	D
크로플_바닐라 아이스크림 크로플	크로플각	빵 및 과자류	18	231	6.8	100	D
크로플_목구멍이 포도청포도 크로플 커스터드크림	크로플덕오리아가씨	빵 및 과자류	33.6	235	4.5	110	D
크로플_목구멍이 포도 청포도 크로플 생크림	크로플덕오리아가씨	빵 및 과자류	26.4	185	3.6	110	D
크로플_매력무엇 돼지바 크로플	크로플덕오리아가씨	빵 및 과자류	67.5	375	5	120	D
크로플_마약크림 티라미슈 크로플	크로플각	빵 및 과자류	26.5	240	5	100	D
크로플_마약크림 브륄레 크로플	크로플각	빵 및 과자류	21	232	4	100	D
크로플_마약크림 딸기 크로플	크로플각	빵 및 과자류	25	221	4	100	D
크로플_로투스 크로플 커스터드크림	크로플덕오리아가씨	빵 및 과자류	44	323	6	100	D
크로플_로투스 크로플 초코커스터드크림	크로플덕오리아가씨	빵 및 과자류	47	356	6	100	D
크로플_로투스 크로플 생크림	크로플덕오리아가씨	빵 및 과자류	36	267	5	100	D
크로플_땅콩범벅이 고소한 초코 크로플	크로플덕오리아가씨	빵 및 과자류	54.5	458	10.9	165	D
크로플_딸기 아이스크림 크로플	크로플덕오리아가씨	빵 및 과자류	22.9	179	3.4	205	D
크로플_딸기 아이스크림 크로플	크로플각	빵 및 과자류	19.6	235	6.5	100	D
크로플_달콤고소 인절미 크로플	크로플덕오리아가씨	빵 및 과자류	36.2	325	8.8	80	D
크로플_눈꽃 카스텔라 범벅 크로플 커스터드 카스텔라	크로플덕오리아가씨	빵 및 과자류	41.1	301	5.6	90	D
크로플_눈꽃 카스텔라 범벅 크로플 생크림 카스텔라	크로플덕오리아가씨	빵 및 과자류	32.2	239	5.6	90	D
크로플_눈꽃 브라운치즈 크로플	크로플덕오리아가씨	빵 및 과자류	40	361	8.6	70	D
크로플_누텔라 크로플	크로플각	빵 및 과자류	22	225	4	100	D
크로플_누텔라 초코범벅에 미치다 이쁜 너를 위한 생딸기	크로플덕오리아가씨	빵 및 과자류	29.5	251	4.7	190	D
크로플_누텔라 초코범벅에 미치다 생딸기&바나나	크로플덕오리아가씨	빵 및 과자류	28.9	216	4	225	D
크로플_누텔라 초코범벅에 미치다 바나나	크로플덕오리아가씨	빵 및 과자류	31.5	226	4.5	200	D
크로플_누텔라 초코범벅에 미치다 딸기	크로플덕오리아가씨	빵 및 과자류	29.5	251	4.7	190	D
크로플_누텔라 초코범벅에 미치다	크로플덕오리아가씨	빵 및 과자류	35.3	281	6	150	D
크로플_누텔라 초코듬뿍 크로플	크로플덕오리아가씨	빵 및 과자류	46.1	358	7.7	65	D
크로플_누텔라 초코듬뿍 바나나 크로플	크로플덕오리아가씨	빵 및 과자류	33.6	223	4	125	D
크로플_누텔라 초코듬뿍 마시멜로 크로플	크로플덕오리아가씨	빵 및 과자류	54.2	351	6	83	D
크로플_누텔라 초코듬뿍 딸기 크로플 딸기청	크로플덕오리아가씨	빵 및 과자류	43	363	6	100	D
크로플_누텔라 초코 바나나 크로플	크로플각	빵 및 과자류	25	250	5	100	D
크로플_누텔라 초코 딸기 크로플	크로플각	빵 및 과자류	28	255	4	100	D
크로플_누텔라 위에 뛰노는 큐브치즈 크로플	크로플덕오리아가씨	빵 및 과자류	41.1	357	6.7	90	D
크로플_녹차 아이스크림 크로플	크로플덕오리아가씨	빵 및 과자류	21.5	183	3.4	205	D
크로플_내맘담은 종합과자세트 크로플	크로플덕오리아가씨	빵 및 과자류	31.5	237	4.6	260	D
크로플_감당해봐 대왕크로플	크로플덕오리아가씨	빵 및 과자류	38.2	307	7.3	110	D
크로켓(고로케)_화끈한 마라고로케	파리바게뜨	빵 및 과자류	33	310	7	100	D
크로켓(고로케)_하와이안 비프	롤링핀	빵 및 과자류	29.3	233	8.8	180	D
크로켓(고로케)_채소		빵 및 과자류	31.2	301	7.1	130	D
크로켓(고로케)_오븐에구운 고로케	롤링핀	빵 및 과자류	26.6	263	5.7	200	D
크로켓(고로케)_야채감자 고로케	파리바게뜨	빵 및 과자류	32.2	304	6.1	115	D
크로켓(고로케)_명품잡채 고로케	파리바게뜨	빵 및 과자류	30	275	5.8	120	D
크로켓(고로케)_매콤아삭 고로케	파리바게뜨	빵 및 과자류	32.7	273	6.4	110	D
크로켓(고로케)_매콤마라모찌 (6개입)	파리바게뜨	빵 및 과자류	44.4	313	1.4	72	D
크로켓(고로케)_꽃맛살 고로케	파리바게뜨	빵 및 과자류	29.5	295	6.7	105	D
크로와상_프렌치크라상	파리바게뜨	빵 및 과자류	45.3	453	7.5	53	D
크로와상_통팥크로	로띠번	빵 및 과자류	52.4	360	7.3	82	D
크로와상_크랜베리크로	로띠번	빵 및 과자류	59.4	417	6.2	64	D
크로와상_초코트위스트크로	로띠번	빵 및 과자류	53.3	425	8	75	D
크로와상_에그포테이토 크로와상	롤링핀	빵 및 과자류	25.6	228	6.1	170	D
크로와상_에그소시지 크로와상	롤링핀	빵 및 과자류	27.1	267	8	180	D
크로와상_슬라이스햄치즈크로	로띠번	빵 및 과자류	41.5	391	9.8	82	D
크로와상_슈크림크로	로띠번	빵 및 과자류	41	318	5.3	95	D
크로와상_산딸기크로	로띠번	빵 및 과자류	56.8	353	5.3	95	D
크로와상_사과크로	로띠번	빵 및 과자류	55.8	377	5.3	95	D
크로와상_블루베리크로	로띠번	빵 및 과자류	50.5	356	5.3	95	D
크로와상_로띠크로	로띠번	빵 및 과자류	51.7	388	8.3	60	D
크로와상_달콤한크림크라상	파리바게뜨	빵 및 과자류	36.8	405	7.4	95	D
크로와상_누텔라 초코 바나나 크로와상	크로플덕오리아가씨	빵 및 과자류	33.6	201	3.2	125	D
크로와상_기분좋은 초콜릿 크로와상	크로플덕오리아가씨	빵 및 과자류	46.1	358	7.7	65	D
크로와상_고구마크로	로띠번	빵 및 과자류	56.1	341	7.3	82	D
크로와상_AOP버터 프렌치 크루아상	커피빈	빵 및 과자류	36.9	354	6.2	65	D
크로와상		빵 및 과자류	43.3	446	7.5	150	D
콩조림(콩자반)		조림류	34.8	281	18	100	D
콩조림		조림류	22.4	198	13.5	95	D
콩비지찌개		찌개 및 전골류	3.1	42	4	400	D
콩밥_완두콩		밥류	31.2	138	3	200	D
콩밥_검정콩		밥류	34.3	165	4.5	200	D
콩밥_강낭콩		밥류	38	173	4.4	100	D
콩나물찜_해물		찜류	5	56	6.7	200	D
콩나물찌개		찌개 및 전골류	1.1	12	1.6	250	D
콩나물잡채		볶음류	3.8	103	4.8	146	D
콩나물밥_양념장		밥류	20.6	110	3.4	350	D
콩나물밥_소고기		밥류	25.5	131	3.9	350	D
콩나물밥_돼지고기		밥류	17.2	91	3.3	572	D
콩나물밥		밥류	22.4	123	4.7	320	D
콩나물무침_콩나물_고춧가루제외		나물·숙채류	1.5	19	1.6	100	D
콩나물무침_콩나물_고춧가루		나물·숙채류	2.1	23	2	130	D
콩나물무침_시금치		나물·숙채류	1.8	21	2	50	D
콩나물무침_소금		나물·숙채류	2.2	23	1.9	55	D
콩나물무침_부추		나물·숙채류	2.3	23	2.1	50	D
콩나물무침_당근_시금치		나물·숙채류	2.1	23	2.1	50	D
콩나물무침_당근		나물·숙채류	2.9	27	2.3	50	D
콩나물무침_고춧가루		나물·숙채류	2	23	2	90	D
콩나물무침_고추		나물·숙채류	2.6	29	2.6	50	D
콩나물무침		나물·숙채류	3.2	69	3.9	100	D
콩나물냉채_오이		생채·무침류	9.5	58	4	150	D
콩나물냉채		생채·무침류	4	27	2.1	50	D
콩나물국밥		밥류	10.7	60	2.7	830	D
콩나물국_콩나물만		국 및 탕류	1	7	0.8	320	D
콩나물국_콩나물_소고기		국 및 탕류	1.8	31	2.5	220	D
콩나물국_콩나물		국 및 탕류	1	7	0.8	150	D
콩나물국_청양고추		국 및 탕류	1	8	0.9	300	D
콩나물국_바지락		국 및 탕류	0.7	6	0.7	170	D
콩나물국_무		국 및 탕류	0.8	6	0.7	200	D
콩나물국_김치		국 및 탕류	1.1	9	0.9	300	D
콩나물국_고춧가루		국 및 탕류	0.9	7	0.9	300	D
콩나물국_고추		국 및 탕류	1.1	9	1.1	270	D
콩나물국		국 및 탕류	0.6	6	0.7	250	D
콩나물 황태국		국 및 탕류	1	30	4.6	300	D
콩나물 선짓국_낙지		국 및 탕류	1.8	21	3.1	767	D
콩나물 된장국		국 및 탕류	3	26	2.6	320	D
콩나물 느타리무침		생채·무침류	4.3	46	3.1	100	D
콩나물 국밥		밥류	10.7	60	2.6	830	D
콩국수		면 및 만두류	11.7	100	4.6	475	D
콘치즈구이		구이류	15.2	105	2.3	151	D
코코아_핫초코 핫(HOT)	엔제리너스	음료 및 차류	13.9	112	3	403	D
코코아_핫 초코 핫(HOT)	탐앤탐스	음료 및 차류	11.6	114	3.2	310	D
코코아_아이스초코 아이스(ICED)	엔제리너스	음료 및 차류	10.8	83	1.9	463	D
코코아_아이스 초코 아이스(ICED)	탐앤탐스	음료 및 차류	7.6	68	1.7	410	D
코다리찜		찜류	3.7	46	6	200	D
코다리조림_무		조림류	3.5	56	7.8	200	D
코다리조림_간장		조림류	6.7	77	10.5	75	D
코다리조림		조림류	3.9	68	10.1	50	D
케이크_흑임자바스크치즈 케이크	크로플덕오리아가씨	빵 및 과자류	18.5	344	6	200	D
케이크_허니 케이크	롤링핀	빵 및 과자류	42.6	467	7.7	190	D
케이크_파베쇼콜라 케이크	엔제리너스	빵 및 과자류	22.7	259	5.5	110	D
케이크_티라미수 스푼 케이크	엔제리너스	빵 및 과자류	26.6	301	5.1	158	D
케이크_티라미수	롤링핀	빵 및 과자류	26.6	295	5	120	D
케이크_클래식쇼콜라	롤링핀	빵 및 과자류	44.3	429	7.7	530	D
케이크_클래식롤	더리터	빵 및 과자류	55	338	7.5	80	D
케이크_클래식 치즈 케이크 (조각)	파리바게뜨	빵 및 과자류	24.4	306	6.7	90	D
케이크_클래식 고구마 케이크	파리바게뜨	빵 및 과자류	38	315	4	850	D
케이크_쿠키앤크림 아이스박스 케이크	엔제리너스	빵 및 과자류	25.8	395	2.6	190	D
케이크_쿠키 앤 크림 스틱 치즈 케이크	공차	빵 및 과자류	34	350	8	50	D
케이크_치즈케이크		빵 및 과자류	28.6	329	7.2	100	D
케이크_치즈 케이크	메가커피	빵 및 과자류	25	334	6	100	D
케이크_치즈 스틱케이크	요거트아이스크림의정석	빵 및 과자류	48.9	522	4.4	45	D
케이크_초콜릿케이크		빵 및 과자류	43.6	420	5.3	100	D
케이크_초콜릿 칩 브라우니	요거트아이스크림의정석	빵 및 과자류	71.6	458	4.9	81	D
케이크_초코크로넛	롤링핀	빵 및 과자류	43.6	409	8	90	D
케이크_초코생크림뉴욕롤	파리바게뜨	빵 및 과자류	43	436	5.8	86	D
케이크_초코반 딸기반	파리바게뜨	빵 및 과자류	25	290	4	710	D
케이크_초코바닐라 마블쉬폰	파리바게뜨	빵 및 과자류	30	315	4	560	D
케이크_초코 블라썸 케이크	파리바게뜨	빵 및 과자류	28	325	4	350	D
케이크_진한크림치즈 가득 클래식 치즈 케이크	파리바게뜨	빵 및 과자류	26	325	7	790	D
케이크_저당 초코 생크림 케이크	메가커피	빵 및 과자류	32.8	263	6	67	D
케이크_우유퐁당생크림 케이크 2호	파리바게뜨	빵 및 과자류	24	275	4	890	D
케이크_우유퐁당생크림 케이크 1호	파리바게뜨	빵 및 과자류	23	270	4	640	D
케이크_우유듬뿍생크림 케이크(선샤인) 6호	파리바게뜨	빵 및 과자류	21	270	4	1380	D
케이크_우유듬뿍생크림 케이크(선샤인) 3호	파리바게뜨	빵 및 과자류	22	265	4	960	D
케이크_우유듬뿍생크림 케이크(선샤인) 2호	파리바게뜨	빵 및 과자류	21	260	4	720	D
케이크_우유듬뿍생크림 케이크(선샤인) 1호	파리바게뜨	빵 및 과자류	21	260	3	540	D
케이크_우유듬뿍생크림 케이크(블라썸) 3호	파리바게뜨	빵 및 과자류	21	265	4	950	D
케이크_우유듬뿍생크림 케이크(블라썸) 2호	파리바게뜨	빵 및 과자류	21	255	4	710	D
케이크_우유듬뿍생크림 케이크(블라썸) 1호	파리바게뜨	빵 및 과자류	20	260	4	510	D
케이크_우유가득생크림 케이크 2호	파리바게뜨	빵 및 과자류	21	250	4	980	D
케이크_우유가득생크림 케이크 1호	파리바게뜨	빵 및 과자류	21	250	3	690	D
케이크_우유 고구마케이크	엔제리너스	빵 및 과자류	28.7	312	5.2	115	D
케이크_우리쌀 막걸리로 만든 우리 오미자빵	파리바게뜨	빵 및 과자류	47.3	214	4.8	165	D
케이크_우리쌀 막걸리로 만든 강낭콩참쑥빵	파리바게뜨	빵 및 과자류	46.7	211	4.8	165	D
케이크_시나몬크로넛	롤링핀	빵 및 과자류	46.8	397	8	90	D
케이크_스틱 치즈 케이크	공차	빵 및 과자류	30	320	8	50	D
케이크_스트로베리서프라이즈 케이크	파리바게뜨	빵 및 과자류	22	275	3	610	D
케이크_스트로베리 요거트 케이크	엔제리너스	빵 및 과자류	36.7	292	4.4	90	D
케이크_스트로베리 바닐라스푼 케이크	엔제리너스	빵 및 과자류	34.9	313	4	175	D
케이크_스트로베리 굿굿 생크림	파리바게뜨	빵 및 과자류	25	281	3.8	80	D
케이크_스모키 번트 치즈 케이크	커피빈	빵 및 과자류	24.3	341	5.7	280	D
케이크_쇼콜라 그라데이션 케이크	엔제리너스	빵 및 과자류	31.3	349	5.2	115	D
케이크_세븐컬러스 조각 케이크	파리바게뜨	빵 및 과자류	27	320	5	100	D
케이크_생크림케이크		빵 및 과자류	27.6	237	3.5	100	D
케이크_생딸기치즈 케이크	파리바게뜨	빵 및 과자류	18	250	3	610	D
케이크_생딸기요거트 케이크	파리바게뜨	빵 및 과자류	25	265	4	690	D
케이크_생딸기 프레지에	파리바게뜨	빵 및 과자류	21	280	4	550	D
케이크_생딸기 레어치즈 타르트 (조각)	파리바게뜨	빵 및 과자류	22.5	275	4.2	120	D
케이크_상큼한 유자 케이크	엔제리너스	빵 및 과자류	32.2	324	3.5	115	D
케이크_상큼한 블루베리쉬폰	파리바게뜨	빵 및 과자류	29	280	3	810	D
케이크_산딸기크로넛	롤링핀	빵 및 과자류	38.6	390	7	90	D
케이크_사르르 연유수플레	파리바게뜨	빵 및 과자류	30	325	5	40	D
케이크_빅토리아 케이크	롤링핀	빵 및 과자류	44.2	419	4.6	240	D
케이크_블루베리크로넛	롤링핀	빵 및 과자류	39.7	382	7.2	90	D
케이크_블루베리요거트 케이크	파리바게뜨	빵 및 과자류	23	295	4	540	D
케이크_블레싱초코베리 케이크	파리바게뜨	빵 및 과자류	19	240	4	770	D
케이크_블레싱레드베리 (4단)	파리바게뜨	빵 및 과자류	18	200	3	740	D
케이크_블랙포레스트 케이크 (조각)	파리바게뜨	빵 및 과자류	25.6	311	4.4	90	D
케이크_브라우니	롤링핀	빵 및 과자류	39.5	496	8.3	85	D
케이크_보랏빛 블루베리 쉬폰	파리바게뜨	빵 및 과자류	29	265	3	880	D
케이크_번트치즈 케이크	엔제리너스	빵 및 과자류	30	312	5.5	200	D
케이크_바스크치즈 케이크	크로플덕오리아가씨	빵 및 과자류	18.5	337	5.5	200	D
케이크_바스크 치즈 케이크	던킨도너츠	빵 및 과자류	29.9	362	5.4	167	D
케이크_바스크 치즈 케이크	파리바게뜨	빵 및 과자류	21.4	330	5.4	168	D
케이크_밀크티갸또 케이크	엔제리너스	빵 및 과자류	50	378	5	120	D
케이크_무화과파운드	롤링핀	빵 및 과자류	52.7	421	5.1	190	D
케이크_몽쉘 케이크	메가커피	빵 및 과자류	44.6	380	5	101	D
케이크_망고 크레이프 볼	파리바게뜨	빵 및 과자류	20	246	3.9	130	D
케이크_말차갸또 케이크	엔제리너스	빵 및 과자류	45	398	5	120	D
케이크_말렌카 케이크 호두	바나프레소	빵 및 과자류	47	394	6.5	100	D
케이크_말렌카 케이크 코코아	공차	빵 및 과자류	48	408	6.7	100	D
케이크_말렌카 케이크 코코아	바나프레소	빵 및 과자류	48	408	6.7	100	D
케이크_말렌카 케이크 월넛	공차	빵 및 과자류	47	394	6.5	100	D
케이크_마이넘버원	파리바게뜨	빵 및 과자류	24	280	4	700	D
케이크_마스카포네 티라미수	파리바게뜨	빵 및 과자류	23	270	4	530	D
케이크_롤케이크		빵 및 과자류	44	312	7.4	100	D
케이크_레몬 슈가 파운드 케이크	공차	빵 및 과자류	54.4	431	5.6	125	D
케이크_떠먹는 스트로베리 초코크런치 케이크	더리터	빵 및 과자류	35.6	305	4.4	135	D
케이크_떠먹는 마스카포네 티라미수 케이크	더리터	빵 및 과자류	27.4	301	4.4	135	D
케이크_딸기포레누아 케이크	엔제리너스	빵 및 과자류	33.1	311	4.4	160	D
케이크_딸기&치즈 케이크 (조각)	파리바게뜨	빵 및 과자류	25	275	4	100	D
케이크_딸기 블라썸 케이크	파리바게뜨	빵 및 과자류	19	280	3	380	D
케이크_듬뿍생딸기생크림 케이크 (15CM)	파리바게뜨	빵 및 과자류	25	265	3	610	D
케이크_듬뿍생딸기생크림 케이크 (12CM)	파리바게뜨	빵 및 과자류	24	265	3	470	D
케이크_노티드 메가 스마일 우유 케이크	메가커피	빵 및 과자류	34.3	308	5	440	D
케이크_너트 브라우니	공차	빵 및 과자류	48.2	449	5.9	85	D
케이크_꿀고구마 생크림 케이크	파리바게뜨	빵 및 과자류	26	235	3	750	D
케이크_기분이 초코 생크림	파리바게뜨	빵 및 과자류	27.8	328	4.4	90	D
케이크_귀여운 노랑치즈 케이크	엔제리너스	빵 및 과자류	27.5	398	6	200	D
케이크_고구마반생크림반 케이크	파리바게뜨	빵 및 과자류	25	220	3	750	D
케이크_가나슈초콜릿 케이크 (조각)	파리바게뜨	빵 및 과자류	41.1	350	4.4	90	D
커피_흑당 카페라떼 아이스(ICED)	컴포즈커피	음료 및 차류	8.3	50	1	591	D
커피_화이트초콜릿모카 핫(HOT)	바나프레소	음료 및 차류	11.8	86	2.2	500	D
커피_화이트초콜릿모카 아이스(ICED)	바나프레소	음료 및 차류	8.2	53	1.2	650	D
커피_화이트 아메리카노 핫(HOT)	바나프레소	음료 및 차류	1.1	14	0.6	500	D
커피_화이트 아메리카노 아이스(ICED)	바나프레소	음료 및 차류	0.8	11	0.5	650	D
커피_헥사메리카노 핫(HOT)	바나프레소	음료 및 차류	0.3	1	0.1	500	D
커피_헥사메리카노 아이스(ICED)	바나프레소	음료 및 차류	0.2	1	0	650	D
커피_헤이즐넛아메리카노 핫(HOT)	바나프레소	음료 및 차류	6.5	27	0	500	D
커피_헤이즐넛아메리카노 아이스(ICED)	바나프레소	음료 및 차류	5	21	0	650	D
커피_헤이즐넛아메리카노	카페봄봄	음료 및 차류	0.3	2	0.2	100	D
커피_헤이즐넛라떼 핫(HOT)	컴포즈커피	음료 및 차류	5.5	44	1.3	591	D
커피_헤이즐넛라떼 아이스(ICED)	컴포즈커피	음료 및 차류	4.8	34	0.9	591	D
커피_헤이즐넛 아메리카노 핫(HOT)	메가커피	음료 및 차류	3.3	14	0.1	591	D
커피_헤이즐넛 아메리카노 아이스(ICED)	메가커피	음료 및 차류	3.8	16	0.1	710	D
커피_헤이즐넛 라떼 핫(HOT) (ML)	더리터	음료 및 차류	2.4	44	1.4	710	D
커피_헤이즐넛 라떼 핫(HOT)	메가커피	음료 및 차류	5.6	41	1.5	591	D
커피_헤이즐넛 라떼 핫(HOT)	탐앤탐스	음료 및 차류	9.3	75	2.6	310	D
커피_헤이즐넛 라떼 아이스(ICED) (ML)	더리터	음료 및 차류	1.6	34	0.8	710	D
커피_헤이즐넛 라떼 아이스(ICED) (L)	더리터	음료 및 차류	1.6	33	0.9	1000	D
커피_헤이즐넛 라떼 아이스(ICED)	탐앤탐스	음료 및 차류	5.8	39	1	410	D
커피_헤이즐넛 라떼 아이스(ICED)	메가커피	음료 및 차류	6	40	1.2	591	D
커피_헤이즐넛 라떼	카페봄봄	음료 및 차류	1.7	21	1.2	100	D
커피_허니아메리카노 핫(HOT)	바나프레소	음료 및 차류	4.9	20	0	500	D
커피_허니아메리카노 아이스(ICED)	바나프레소	음료 및 차류	3.8	15	0	650	D
커피_할메가커피 아이스(ICED)	메가커피	음료 및 차류	8.3	48	0.3	591	D
커피_할메가 미숫커피 아이스(ICED)	메가커피	음료 및 차류	12.1	70	1.1	591	D
커피_피스타치오 카페 라떼 핫(HOT)	바나프레소	음료 및 차류	13.9	91	1.8	500	D
커피_피스타치오 카페 라떼 아이스(ICED)	바나프레소	음료 및 차류	10	59	0.9	650	D
커피_펌킨스파이스 라떼 핫(HOT)	바나프레소	음료 및 차류	9.3	70	2.1	500	D
커피_펌킨스파이스 라떼 아이스(ICED)	바나프레소	음료 및 차류	6.4	43	1.1	650	D
커피_클래식 밀크커피 핫(HOT)	바나프레소	음료 및 차류	9.6	48	0.5	500	D
커피_클래식 밀크커피 아이스(ICED)	바나프레소	음료 및 차류	7.4	37	0.4	650	D
커피_크리미 라떼 아이스(ICED)	바나프레소	음료 및 차류	5.2	77	0.9	650	D
커피_큐브 라떼 아이스(ICED)	메가커피	음료 및 차류	6.2	52	1.9	591	D
커피_콜드브루라떼 핫(HOT)	메가커피	음료 및 차류	2.2	28	1.5	591	D
커피_콜드브루라떼 아이스(ICED)	메가커피	음료 및 차류	3.3	28	1.2	591	D
커피_콜드브루 핫(HOT)	메가커피	음료 및 차류	0.2	2	0.2	591	D
커피_콜드브루 커피 아이스(ICED)	엔제리너스	음료 및 차류	0.5	2	0.2	420	D
커피_콜드브루 아인슈페너 아이스(ICED)	더리터	음료 및 차류	1	27	0.1	710	D
커피_콜드브루 아이스(ICED)	메가커피	음료 및 차류	0.1	1	0.1	591	D
커피_콜드브루 아이스(ICED)	바나프레소	음료 및 차류	0.3	2	0.2	650	D
커피_콜드브루 바닐라크림 아이스(ICED) (ML)	더리터	음료 및 차류	5.1	50	1.1	710	D
커피_콜드브루 바닐라크림 아이스(ICED) (L)	더리터	음료 및 차류	5.9	55	1.1	946	D
커피_콜드브루 라떼 아이스(ICED) (ML)	더리터	음료 및 차류	1.7	24	1	710	D
커피_콜드브루 라떼 아이스(ICED) (L)	더리터	음료 및 차류	1.7	22	1	1000	D
커피_콜드브루 라떼 아이스(ICED)	바나프레소	음료 및 차류	2.5	32	1.3	650	D
커피_콜드브루	탐앤탐스	음료 및 차류	0.5	5	0.2	410	D
커피_콜드 브루 아메리카노 아이스(ICED)	블루샥	음료 및 차류	0	2	0.3	473	D
커피_코코넛 라떼 핫(HOT)	더리터	음료 및 차류	5.8	65	1.7	710	D
커피_코코넛 라떼 아이스(ICED) (ML)	더리터	음료 및 차류	4.9	55	1.1	710	D
커피_코코넛 라떼 아이스(ICED) (L)	더리터	음료 및 차류	5.2	60	1.2	1000	D
커피_카푸치노 핫(HOT) (ML)	더리터	음료 및 차류	2.7	30	1.4	710	D
커피_카푸치노 핫(HOT)	탐앤탐스	음료 및 차류	4.2	56	2.6	310	D
커피_카푸치노 핫(HOT)	엔제리너스	음료 및 차류	4.1	46	2.5	320	D
커피_카푸치노 핫(HOT)	컴포즈커피	음료 및 차류	2.7	32	1.3	591	D
커피_카푸치노 핫(HOT)	메가커피	음료 및 차류	2.3	25	1.4	591	D
커피_카푸치노 아이스(ICED) (ML)	더리터	음료 및 차류	1.7	19	0.8	710	D
커피_카푸치노 아이스(ICED) (L)	더리터	음료 및 차류	1.7	19	0.9	1000	D
커피_카푸치노 아이스(ICED)	엔제리너스	음료 및 차류	1.8	21	1.3	380	D
커피_카푸치노 아이스(ICED)	메가커피	음료 및 차류	1.9	22	1.2	591	D
커피_카푸치노 아이스(ICED)	탐앤탐스	음료 및 차류	1.9	24	1.2	410	D
커피_카푸치노		음료 및 차류	3.2	54	2.7	100	D
커피_카페모카 핫(HOT) (ML)	더리터	음료 및 차류	7.7	71	1.6	710	D
커피_카페모카 핫(HOT)	엔제리너스	음료 및 차류	9.9	75	2.4	415	D
커피_카페모카 핫(HOT)	탐앤탐스	음료 및 차류	10	102	3.2	310	D
커피_카페모카 핫(HOT)	바나프레소	음료 및 차류	10.7	82	2.3	500	D
커피_카페모카 아이스(ICED) (ML)	더리터	음료 및 차류	6.6	58	1	710	D
커피_카페모카 아이스(ICED) (L)	더리터	음료 및 차류	6.4	54	1	1000	D
커피_카페모카 아이스(ICED)	바나프레소	음료 및 차류	7.3	50	1.2	650	D
커피_카페모카 아이스(ICED)	컴포즈커피	음료 및 차류	6.7	54	0.9	591	D
커피_카페모카 아이스(ICED)	탐앤탐스	음료 및 차류	6.3	59	1.5	410	D
커피_카페모카 아이스(ICED)	엔제리너스	음료 및 차류	8.2	59	1.6	440	D
커피_카페모카	카페봄봄	음료 및 차류	6.4	39	0.9	100	D
커피_카페모카		음료 및 차류	10.5	72	2.8	100	D
커피_카페라떼 핫(HOT)	컴포즈커피	음료 및 차류	2.8	35	1.4	591	D
커피_카페라떼 아이스(ICED)	컴포즈커피	음료 및 차류	2.2	26	1	591	D
커피_카페라떼		음료 및 차류	10.2	70	2.3	435	D
커피_카페 연유다 아이스(ICED)	엔제리너스	음료 및 차류	8.8	53	1.5	410	D
커피_카페 모카 핫(HOT)	메가커피	음료 및 차류	7.8	67	1.7	591	D
커피_카페 모카 아이스(ICED)	메가커피	음료 및 차류	7.8	67	1.7	591	D
커피_카페 라떼 핫(HOT) (ML)	더리터	음료 및 차류	2.4	29	1.4	710	D
커피_카페 라떼 핫(HOT)	메가커피	음료 및 차류	2.6	30	1.7	591	D
커피_카페 라떼 핫(HOT)	엔제리너스	음료 및 차류	4.2	50	2.6	380	D
커피_카페 라떼 핫(HOT)	탐앤탐스	음료 및 차류	4.5	59	2.6	310	D
커피_카페 라떼 핫(HOT)	바나프레소	음료 및 차류	3.9	54	2.3	500	D
커피_카페 라떼 아이스(ICED) (ML)	더리터	음료 및 차류	1.7	21	1	710	D
커피_카페 라떼 아이스(ICED) (L)	더리터	음료 및 차류	1.7	21	1	1000	D
커피_카페 라떼 아이스(ICED)	바나프레소	음료 및 차류	2.2	29	1.3	650	D
커피_카페 라떼 아이스(ICED)	탐앤탐스	음료 및 차류	2.2	26	1.2	410	D
커피_카페 라떼 아이스(ICED)	엔제리너스	음료 및 차류	2.5	29	1.5	470	D
커피_카페 라떼 아이스(ICED)	메가커피	음료 및 차류	2.2	25	1.4	591	D
커피_카페 라떼	카페봄봄	음료 및 차류	1.9	18	1.1	100	D
커피_카테킨 아메리카노 (Venti)	디저트39	음료 및 차류	0	2	0.2	650	D
커피_카라멜마끼아토		음료 및 차류	10.5	69	2.3	532	D
커피_카라멜마끼아또 핫(HOT) (ML)	더리터	음료 및 차류	2.8	48	1.4	710	D
커피_카라멜마끼아또 핫(HOT)	엔제리너스	음료 및 차류	10.2	73	2.5	393	D
커피_카라멜마끼아또 핫(HOT)	컴포즈커피	음료 및 차류	8.2	55	1.3	591	D
커피_카라멜마끼아또 핫(HOT)	메가커피	음료 및 차류	5.8	41	1.5	591	D
커피_카라멜마끼아또 아이스(ICED) (ML)	더리터	음료 및 차류	1.8	37	0.8	710	D
커피_카라멜마끼아또 아이스(ICED) (L)	더리터	음료 및 차류	1.9	36	0.9	1000	D
커피_카라멜마끼아또 아이스(ICED)	컴포즈커피	음료 및 차류	6.8	43	0.9	591	D
커피_카라멜마끼아또 아이스(ICED)	메가커피	음료 및 차류	6.7	41	1.2	591	D
커피_카라멜마끼아또 아이스(ICED)	엔제리너스	음료 및 차류	7.5	50	1.7	468	D
커피_카라멜마끼아또	카페봄봄	음료 및 차류	6	40	2	100	D
커피_카라멜 마끼아또 핫(HOT)	탐앤탐스	음료 및 차류	11	80	2.6	310	D
커피_카라멜 마끼아또 아이스(ICED)	탐앤탐스	음료 및 차류	8.1	59	1.7	410	D
커피_초코 라떼	카페봄봄	음료 및 차류	10.8	65	1.5	100	D
커피_제로슈가 스위트 아메리카노 핫(HOT)	바나프레소	음료 및 차류	3.1	0	0	500	D
커피_제로슈가 스위트 아메리카노 아이스(ICED)	바나프레소	음료 및 차류	2.4	0	0	650	D
커피_왕할메가커피 아이스(ICED)	메가커피	음료 및 차류	8.5	49	0.3	960	D
커피_오리엔탈 라떼 핫(HOT)	탐앤탐스	음료 및 차류	11.6	98	3.5	310	D
커피_오리엔탈 라떼 아이스(ICED)	탐앤탐스	음료 및 차류	7.3	56	1.7	410	D
커피_연유 라떼 핫(HOT)	바나프레소	음료 및 차류	11.2	94	3.1	500	D
커피_연유 라떼 핫(HOT)	메가커피	음료 및 차류	7.3	54	2.2	591	D
커피_연유 라떼 아이스(ICED)	메가커피	음료 및 차류	6	59	2	591	D
커피_연유 라떼 아이스(ICED)	바나프레소	음료 및 차류	7.8	61	2	650	D
커피_에스프레소 핫(HOT)	메가커피	음료 및 차류	0.2	1	0.1	591	D
커피_에스프레소 콘파냐	탐앤탐스	음료 및 차류	4	80	2	50	D
커피_에스프레소 마끼아또	탐앤탐스	음료 및 차류	2.5	30	2.5	40	D
커피_에스프레소 도피오 핫(HOT)	메가커피	음료 및 차류	0.4	3	0.2	591	D
커피_에스프레소	컴포즈커피	음료 및 차류	6.7	33	0	45	D
커피_에스프레소	바나프레소	음료 및 차류	0.9	3	0.3	60	D
커피_어른커피	카페봄봄	음료 및 차류	8.8	51	0.1	100	D
커피_아포가토	롤링핀	음료 및 차류	18.6	181	3.3	155	D
커피_아인슈페너 아이스(ICED)	컴포즈커피	음료 및 차류	4.2	32	0.2	591	D
커피_아인슈페너 라떼 아이스(ICED)	컴포즈커피	음료 및 차류	5.8	51	1	591	D
커피_아메리카노 핫(HOT)	메가커피	음료 및 차류	0.3	2	0.1	591	D
커피_아메리카노 핫(HOT)	바나프레소	음료 및 차류	0.1	0	0	500	D
커피_아메리카노 핫(HOT)	컴포즈커피	음료 및 차류	0.5	3	0	591	D
커피_아메리카노 핫(HOT)	엔제리너스	음료 및 차류	0.5	4	0.5	400	D
커피_아메리카노 프리미엄마일드 (R)	달콤	음료 및 차류	0	2	0.3	355	D
커피_아메리카노 프리미엄마일드 (L)	달콤	음료 및 차류	0	2	0.2	473	D
커피_아메리카노 프리미엄마일드 (K(코끼리))	달콤	음료 및 차류	0	2	0.6	650	D
커피_아메리카노 아이스(ICED) 빽사이즈	빽다방	음료 및 차류	0	2	0.4	946	D
커피_아메리카노 아이스(ICED)	컴포즈커피	음료 및 차류	0.5	3	0	591	D
커피_아메리카노 아이스(ICED)	엔제리너스	음료 및 차류	0.5	3	0.5	416	D
커피_아메리카노 아이스(ICED)	바나프레소	음료 및 차류	0.1	0	0	650	D
커피_아메리카노 아이스(ICED)	메가커피	음료 및 차류	0.2	2	0.1	710	D
커피_아메리카노 디카페인 (R)	달콤	음료 및 차류	0	2	0.3	355	D
커피_아메리카노 디카페인 (L)	달콤	음료 및 차류	0	2	0.2	473	D
커피_아메리카노 디카페인 (K(코끼리))	달콤	음료 및 차류	0	2	0.6	650	D
커피_아메리카노 다크로스트 (R)	달콤	음료 및 차류	0	2	0.3	355	D
커피_아메리카노 다크로스트 (L)	달콤	음료 및 차류	0	2	0.2	473	D
커피_아메리카노 다크로스트 (K(코끼리))	달콤	음료 및 차류	0	2	0.6	650	D
커피_아메리카노		음료 및 차류	0.7	4	0.2	414	D
커피_아메리카노	카페봄봄	음료 및 차류	0.4	2	0.1	100	D
커피_아메리치노 아이스(ICED)	엔제리너스	음료 및 차류	0.5	3	0.5	410	D
커피_아메리치노 라떼 아이스(ICED)	엔제리너스	음료 및 차류	6.7	49	1.8	450	D
커피_싱글오리진 콜롬비아 아이스(ICED)	탐앤탐스	음료 및 차류	0.4	2	0.2	470	D
커피_싱글오리진 콜롬비아	탐앤탐스	음료 및 차류	0.7	3	0.3	310	D
커피_싱글오리진 케냐AA 아이스(ICED)	탐앤탐스	음료 및 차류	0.4	2	0.2	470	D
커피_싱글오리진 케냐 AA	탐앤탐스	음료 및 차류	0.7	3	0.3	310	D
커피_싱글오리진 예가체프 아이스(ICED)	탐앤탐스	음료 및 차류	0.4	2	0.2	470	D
커피_싱글오리진 예가체프	탐앤탐스	음료 및 차류	0.7	3	0.3	310	D
커피_싱글오리진 시다모 아이스(ICED)	탐앤탐스	음료 및 차류	0.4	2	0.2	470	D
커피_싱글오리진 시다모	탐앤탐스	음료 및 차류	0.7	3	0.3	310	D
커피_싱글오리진 스페셜티 아이스(ICED)	탐앤탐스	음료 및 차류	0.4	2	0.2	470	D
커피_싱글오리진 스페셜티	탐앤탐스	음료 및 차류	0.7	3	0.3	310	D
커피_싱글오리진 디카페인 아이스(ICED)	탐앤탐스	음료 및 차류	0.4	2	0.2	470	D
커피_싱글오리진 디카페인	탐앤탐스	음료 및 차류	0.7	3	0.3	310	D
커피_싱글오리진 동티모르 아이스(ICED)	탐앤탐스	음료 및 차류	0.4	2	0.2	470	D
커피_싱글오리진 동티모르	탐앤탐스	음료 및 차류	0.7	3	0.3	310	D
커피_시나몬 라떼 핫(HOT)	바나프레소	음료 및 차류	9.7	73	2	500	D
커피_시나몬 라떼 아이스(ICED)	바나프레소	음료 및 차류	6.7	46	1.1	650	D
커피_시그니처콜드브루 아이스(ICED)	바나프레소	음료 및 차류	0.3	2	0.1	650	D
커피_시그니처아메리카노 핫(HOT)	바나프레소	음료 및 차류	0.1	1	0	500	D
커피_시그니처아메리카노 아이스(ICED)	바나프레소	음료 및 차류	0.1	0	0	650	D
커피_시그니처 아메리카노 핫(HOT)	바나프레소	음료 및 차류	0.1	1	0	500	D
커피_시그니처 아메리카노 아이스(ICED)	바나프레소	음료 및 차류	0.1	0	0	650	D
커피_시그니처 바닐라빈 라떼 핫(HOT)	더리터	음료 및 차류	7.2	52	1.6	710	D
커피_시그니처 바닐라빈 라떼 아이스(ICED) (ML)	더리터	음료 및 차류	6.3	42	1	710	D
커피_시그니처 바닐라빈 라떼 아이스(ICED) (L)	더리터	음료 및 차류	6.7	44	1.1	1000	D
커피_스위티 소금 라떼 핫(HOT)	바나프레소	음료 및 차류	10.8	78	2.1	500	D
커피_스위티 소금 라떼 아이스(ICED)	바나프레소	음료 및 차류	7.4	48	1.1	650	D
커피_샤케아메리카노 아이스(ICED) (L)	달콤	음료 및 차류	0	2	0.2	473	D
커피_빅포즈 아메리카노	컴포즈커피	음료 및 차류	0.6	3	0	946	D
커피_빅바나 클래식밀크커피 아이스(ICED)	바나프레소	음료 및 차류	7.1	36	0.4	940	D
커피_빅바나 크리미 라떼 아이스(ICED)	바나프레소	음료 및 차류	4.9	74	0.9	940	D
커피_빅바나 카페 라떼 아이스(ICED)	바나프레소	음료 및 차류	2.2	30	1.3	940	D
커피_빅바나 바닐라 라떼 아이스(ICED)	바나프레소	음료 및 차류	7	56	1.2	940	D
커피_빅바나 디카페인 크리미 라떼 아이스(ICED)	바나프레소	음료 및 차류	5	74	0.9	940	D
커피_빅바나 디카페인 카페 라떼 아이스(ICED)	바나프레소	음료 및 차류	2.3	30	1.3	940	D
커피_빅바나 디카페인 바닐라 라떼 아이스(ICED)	바나프레소	음료 및 차류	7	56	1.2	940	D
커피_브루잉 콜롬비아	탐앤탐스	음료 및 차류	0.7	3	0.3	300	D
커피_브루잉 케냐AA	탐앤탐스	음료 및 차류	0.7	3	0.3	300	D
커피_브루잉 아리차	탐앤탐스	음료 및 차류	0.7	3	0.3	300	D
커피_브루잉 블랙와인	탐앤탐스	음료 및 차류	0.7	3	0.3	300	D
커피_브루잉 블라썸	탐앤탐스	음료 및 차류	0.7	3	0.3	300	D
커피_버터스카치 라떼 핫(HOT)	탐앤탐스	음료 및 차류	9.8	99	1.7	410	D
커피_버터스카치 라떼 아이스(ICED)	탐앤탐스	음료 및 차류	10.7	102	1.5	410	D
커피_바닐라빈 라떼 핫(HOT)	탐앤탐스	음료 및 차류	11.3	89	2.9	310	D
커피_바닐라빈 라떼 아이스(ICED)	탐앤탐스	음료 및 차류	8.3	64	1.9	410	D
커피_바닐라 콜드브루 아이스(ICED)	바나프레소	음료 및 차류	5	42	1	650	D
커피_바닐라 카페 라떼 핫(HOT)	엔제리너스	음료 및 차류	10.1	69	2.3	385	D
커피_바닐라 카페 라떼 아이스(ICED)	엔제리너스	음료 및 차류	7.4	46	1.3	460	D
커피_바닐라 아메리카노 핫(HOT)	메가커피	음료 및 차류	3.6	17	0.2	591	D
커피_바닐라 아메리카노 아이스(ICED)	메가커피	음료 및 차류	3.8	17	0.2	710	D
커피_바닐라 라떼 핫(HOT) (ML)	더리터	음료 및 차류	2.4	44	1.4	710	D
커피_바닐라 라떼 핫(HOT)	탐앤탐스	음료 및 차류	9	75	2.6	310	D
커피_바닐라 라떼 핫(HOT)	메가커피	음료 및 차류	5.8	40	1.5	591	D
커피_바닐라 라떼 핫(HOT)	바나프레소	음료 및 차류	9.6	85	2.2	500	D
커피_바닐라 라떼 아이스(ICED) (ML)	더리터	음료 및 차류	1.6	34	0.8	710	D
커피_바닐라 라떼 아이스(ICED) (L)	더리터	음료 및 차류	1.6	33	0.9	1000	D
커피_바닐라 라떼 아이스(ICED)	탐앤탐스	음료 및 차류	5.6	38	1	410	D
커피_바닐라 라떼 아이스(ICED)	메가커피	음료 및 차류	6.4	40	1.2	591	D
커피_바닐라 라떼 아이스(ICED)	바나프레소	음료 및 차류	6.6	55	1.3	650	D
커피_바닐라 라떼	카페봄봄	음료 및 차류	5.5	41	1.3	100	D
커피_바나리카노 아이스(ICED)	바나프레소	음료 및 차류	0.1	1	0	940	D
커피_밀크카라멜마키아또 핫(HOT)	바나프레소	음료 및 차류	12.1	93	2	500	D
커피_밀크카라멜마키아또 아이스(ICED)	바나프레소	음료 및 차류	8.6	62	1.1	650	D
커피_밀크 카라멜마키아또 핫(HOT)	바나프레소	음료 및 차류	12.1	93	2	500	D
커피_밀크 카라멜마키아또 아이스(ICED)	바나프레소	음료 및 차류	8.6	62	1.1	650	D
커피_메가리카노 아이스(ICED)	메가커피	음료 및 차류	0.2	2	0.2	960	D
커피_리얼바닐라빈 핫(HOT)	바나프레소	음료 및 차류	9.3	85	2.3	500	D
커피_리얼바닐라빈 아이스(ICED)	바나프레소	음료 및 차류	6.5	55	1.4	650	D
커피_레트로커피 핫(HOT) (ML)	더리터	음료 및 차류	5.8	36	0.3	710	D
커피_레트로커피 아이스(ICED) (ML)	더리터	음료 및 차류	4.7	30	0.3	710	D
커피_레트로커피 아이스(ICED) (L)	더리터	음료 및 차류	5	34	0.2	1000	D
커피_레트로 커피 핫(HOT) (ML)	더리터	음료 및 차류	7.1	50	0.3	591	D
커피_레트로 커피 아이스(ICED) (ML)	더리터	음료 및 차류	4.7	30	0.3	710	D
커피_레트로 커피 아이스(ICED) (L)	더리터	음료 및 차류	5.3	36	0.2	946	D
커피_라이트 바닐라 아몬드 라떼 아이스(ICED)	메가커피	음료 및 차류	2.1	13	0.4	591	D
커피_라떼 달구나 핫(HOT) (ML)	더리터	음료 및 차류	9.3	61	1.7	591	D
커피_라떼 달구나 아이스(ICED) (ML)	더리터	음료 및 차류	7	42	1	710	D
커피_라떼 달구나 아이스(ICED) (L)	더리터	음료 및 차류	7.1	44	1.2	946	D
커피_디카페인커피 핫(HOT)	컴포즈커피	음료 및 차류	0.4	2	0.1	591	D
커피_디카페인커피 아이스(ICED)	컴포즈커피	음료 및 차류	0.4	2	0.1	591	D
커피_디카페인라떼 핫(HOT)	컴포즈커피	음료 및 차류	2.6	33	1.4	591	D
커피_디카페인라떼 아이스(ICED)	컴포즈커피	음료 및 차류	1.7	20	0.9	591	D
커피_디카페인 화이트초콜릿모카 핫(HOT)	바나프레소	음료 및 차류	11.8	86	2.2	500	D
커피_디카페인 화이트초콜릿모카 아이스(ICED)	바나프레소	음료 및 차류	8.2	53	1.1	650	D
커피_디카페인 화이트 아메리카노 핫(HOT)	바나프레소	음료 및 차류	1.1	15	0.6	500	D
커피_디카페인 화이트 아메리카노 아이스(ICED)	바나프레소	음료 및 차류	0.9	11	0.5	650	D
커피_디카페인 헤이즐넛아메리카노 핫(HOT)	바나프레소	음료 및 차류	6.5	27	0	500	D
커피_디카페인 헤이즐넛아메리카노 아이스(ICED)	바나프레소	음료 및 차류	5	21	0	650	D
커피_디카페인 허니아메리카노 핫(HOT)	바나프레소	음료 및 차류	4.9	20	0	500	D
커피_디카페인 허니아메리카노 아이스(ICED)	바나프레소	음료 및 차류	3.8	15	0	650	D
커피_디카페인 피스타치오 카페 라떼 핫(HOT)	바나프레소	음료 및 차류	14	91	1.8	500	D
커피_디카페인 피스타치오 카페 라떼 아이스(ICED)	바나프레소	음료 및 차류	10	60	0.9	650	D
커피_디카페인 펌킨스파이스 라떼 핫(HOT)	바나프레소	음료 및 차류	9.3	70	2	500	D
커피_디카페인 펌킨스파이스 라떼 아이스(ICED)	바나프레소	음료 및 차류	6.4	43	1.1	650	D
커피_디카페인 크리미 라떼 아이스(ICED)	바나프레소	음료 및 차류	5.2	77	0.9	650	D
커피_디카페인 콜드브루 핫(HOT)	메가커피	음료 및 차류	0.2	2	0.1	591	D
커피_디카페인 콜드브루 아인슈페너 아이스(ICED)	더리터	음료 및 차류	1	27	0.1	710	D
커피_디카페인 콜드브루 아이스(ICED) (ML)	더리터	음료 및 차류	0	2	0	710	D
커피_디카페인 콜드브루 아이스(ICED) (L)	더리터	음료 및 차류	0	2	0	946	D
커피_디카페인 콜드브루 아이스(ICED)	메가커피	음료 및 차류	0.1	1	0.1	591	D
커피_디카페인 콜드브루 아이스(ICED)	매머드익스프레스	음료 및 차류	0	1	0	591	D
커피_디카페인 콜드브루 라떼 핫(HOT)	메가커피	음료 및 차류	2.8	26	1.5	591	D
커피_디카페인 콜드브루 라떼 아이스(ICED) (ML)	더리터	음료 및 차류	1.7	21	1	710	D
커피_디카페인 콜드브루 라떼 아이스(ICED) (L)	더리터	음료 및 차류	1.7	22	1	1000	D
커피_디카페인 콜드브루 라떼 아이스(ICED)	메가커피	음료 및 차류	2.2	24	1.3	591	D
커피_디카페인 카페모카 핫(HOT)	바나프레소	음료 및 차류	10.8	82	2.2	500	D
커피_디카페인 카페모카 아이스(ICED)	바나프레소	음료 및 차류	8.3	63	1.7	650	D
커피_디카페인 카페 라떼 핫(HOT)	바나프레소	음료 및 차류	3.9	54	2.3	500	D
커피_디카페인 카페 라떼 아이스(ICED)	바나프레소	음료 및 차류	2.2	30	1.2	650	D
커피_디카페인 제로슈가 스위트 아메리카노 핫(HOT)	바나프레소	음료 및 차류	3.1	1	0	500	D
커피_디카페인 제로슈가 스위트 아메리카노 아이스(ICED)	바나프레소	음료 및 차류	2.4	0	0	650	D
커피_디카페인 연유 라떼 핫(HOT)	바나프레소	음료 및 차류	11.2	94	3.1	500	D
커피_디카페인 연유 라떼 아이스(ICED)	바나프레소	음료 및 차류	7.9	61	1.9	650	D
커피_디카페인 에스프레소 핫(HOT)	바나프레소	음료 및 차류	0.1	1	0	500	D
커피_디카페인 아메리카노 핫(HOT)	바나프레소	음료 및 차류	0.1	1	0	500	D
커피_디카페인 아메리카노 아이스(ICED)	바나프레소	음료 및 차류	0.1	0	0	650	D
커피_디카페인 시나몬라떼 핫(HOT)	바나프레소	음료 및 차류	9.7	73	2	500	D
커피_디카페인 시나몬라떼 아이스(ICED)	바나프레소	음료 및 차류	6.7	46	1.1	650	D
커피_디카페인 시나몬 라떼 핫(HOT)	바나프레소	음료 및 차류	9.7	73	2	500	D
커피_디카페인 시나몬 라떼 아이스(ICED)	바나프레소	음료 및 차류	6.7	46	1.1	650	D
커피_디카페인 스위티 소금 라떼 핫(HOT)	바나프레소	음료 및 차류	10.8	78	2.1	500	D
커피_디카페인 스위티 소금 라떼 아이스(ICED)	바나프레소	음료 및 차류	7.4	48	1.1	650	D
커피_디카페인 바닐라 라떼 핫(HOT)	바나프레소	음료 및 차류	9.3	83	2.2	500	D
커피_디카페인 바닐라 라떼 아이스(ICED)	바나프레소	음료 및 차류	6.4	54	1.3	650	D
커피_디카페인 바나리카노 아이스(ICED)	바나프레소	음료 및 차류	0.2	1	0	650	D
커피_디카페인 밀크카라멜마키아또 핫(HOT)	바나프레소	음료 및 차류	12.1	93	2	500	D
커피_디카페인 밀크카라멜마키아또 아이스(ICED)	바나프레소	음료 및 차류	8.6	62	1.1	650	D
커피_디카페인 밀크 카라멜마키아또 핫(HOT)	바나프레소	음료 및 차류	12.1	93	2	500	D
커피_디카페인 밀크 카라멜마키아또 아이스(ICED)	바나프레소	음료 및 차류	8.6	62	1.1	650	D
커피_디카페인 돌체 콜드브루 아이스(ICED) (ML)	더리터	음료 및 차류	6	41	1.6	710	D
커피_디카페인 돌체 콜드브루 아이스(ICED) (L)	더리터	음료 및 차류	6.7	45	1.6	1000	D
커피_듀얼브루 디카페인 카페 라떼 핫(HOT)	엔제리너스	음료 및 차류	4.7	51	2.6	380	D
커피_듀얼브루 디카페인 카페 라떼 아이스(ICED)	엔제리너스	음료 및 차류	2.8	30	1.5	470	D
커피_듀얼브루 디카페인 아메리카노 핫(HOT)	엔제리너스	음료 및 차류	1	6	0.2	400	D
커피_듀얼브루 디카페인 아메리카노 아이스(ICED)	엔제리너스	음료 및 차류	1	6	0.2	416	D
커피_듀얼브루 디카페인 아메리치노 아이스(ICED)	엔제리너스	음료 및 차류	1	6	0.2	410	D
커피_듀얼브루 디카페인 아메리치노 라떼 아이스(ICED)	엔제리너스	음료 및 차류	7.3	51	1.8	450	D
커피_돌체라떼 아이스(ICED)	컴포즈커피	음료 및 차류	5.7	46	1.4	591	D
커피_돌체 콜드브루 아이스(ICED) (ML)	더리터	음료 및 차류	6	41	1.6	710	D
커피_돌체 콜드브루 아이스(ICED) (L)	더리터	음료 및 차류	6.7	45	1.6	1000	D
커피_돌체 콜드브루 아이스(ICED)	바나프레소	음료 및 차류	7.3	58	1.8	650	D
커피_돌체 라떼 핫(HOT) (ML)	더리터	음료 및 차류	7.9	57	2	710	D
커피_돌체 라떼 핫(HOT)	엔제리너스	음료 및 차류	13.7	103	3.5	425	D
커피_돌체 라떼 아이스(ICED) (ML)	더리터	음료 및 차류	5.1	38	1.3	710	D
커피_돌체 라떼 아이스(ICED) (L)	더리터	음료 및 차류	5.3	41	1.3	1000	D
커피_돌체 라떼 아이스(ICED)	엔제리너스	음료 및 차류	11	77	2.5	480	D
커피_더치커피 핫(HOT)	컴포즈커피	음료 및 차류	0.2	1	0	591	D
커피_더치아메리카노	카페봄봄	음료 및 차류	0.5	3	0.2	100	D
커피_더치라떼 아이스(ICED)	컴포즈커피	음료 및 차류	1.4	19	0.8	591	D
커피_더치 라떼	카페봄봄	음료 및 차류	2.2	21	1	100	D
커피_달고나커피		음료 및 차류	14.1	111	2.5	100	D
커피_꿀아메리카노 핫(HOT)	메가커피	음료 및 차류	7.1	29	0.1	591	D
커피_꿀아메리카노 아이스(ICED)	메가커피	음료 및 차류	5.5	23	0.1	710	D
커피_꼰대 라떼 핫(HOT)	탐앤탐스	음료 및 차류	16.4	94	0.7	310	D
커피_꼰대 라떼 아이스(ICED)	탐앤탐스	음료 및 차류	12.4	71	0.5	410	D
커피(타먹는커피)		음료 및 차류	9.8	51	0.5	100	D
캘리포니아롤		밥류	29.7	163	4.1	300	D
칼국수_해물		면 및 만두류	14.7	78	3.1	1100	D
칼국수_소고기		면 및 만두류	8.1	59	2	1000	D
칼국수_바지락		면 및 만두류	9.4	54	2.4	700	D
칼국수_들깨		면 및 만두류	18.4	113	3.4	1020	D
칼국수_닭고기		면 및 만두류	7.7	53	4.1	515	D
칼국수_간편조리세트_장칼국수	프레시지	면 및 만두류	15.1	80	2.5	1330	D
칼국수_간편조리세트_원주식장칼국수	신세계푸드 피코크	면 및 만두류	15.3	78	2.7	1367	D
칼국수_간편조리세트_세숫대야 바지락칼국수	GS 리테일 심플리쿡	면 및 만두류	9.7	74	2.3	100	D
칼국수_간편조리세트_닭한마리와 칼국수	CJ 쿡킷	면 및 만두류	10.5	94	8	100	D
칼국수		면 및 만두류	20	97	2.7	515	D
카페모카_휘핑크림		음료 및 차류	10.2	93	2.1	355	D
카페모카_카라멜_휘핑크림		음료 및 차류	13.3	105	2.1	355	D
카페모카_카라멜		음료 및 차류	12.7	74	1.9	355	D
카페모카		음료 및 차류	9.6	63	1.9	355	D
카페라떼_카라멜		음료 및 차류	9.2	59	1.7	355	D
카페라떼_시럽		음료 및 차류	6.9	51	1.7	355	D
카페라떼		음료 및 차류	3.6	38	1.7	355	D
카스텔라_클래식 카스테라	바나프레소	빵 및 과자류	39.7	309	11.8	68	D
카스텔라_우유생크림 카스테라	파리바게뜨	빵 및 과자류	37.1	329	5.7	105	D
카스텔라_생크림 카스텔라	던킨도너츠	빵 및 과자류	35.7	349	5.4	112	D
카스텔라_난리난 카스텔라	더리터	빵 및 과자류	41.7	312	6.7	120	D
카스텔라		빵 및 과자류	48	335	10	70	D
카레소스_치킨마크니 찍먹커리	굽네치킨	장류, 양념류	28	172	3.6	100	D
카레소스		장류, 양념류	9.8	70	2.7	290	D
카레라이스_채소		밥류	19	95	2.1	650	D
카레라이스_오징어		밥류	20.7	117	4.3	376	D
카레라이스_소고기		밥류	19.3	113	2.7	572	D
카레라이스_두부		밥류	16.2	104	3.7	513	D
카레라이스_돼지고기_모듬채소		밥류	18.4	99	2.7	600	D
카레라이스_돼지고기		밥류	29	164	4.6	600	D
카레라이스		밥류	20.7	108	3.1	480	D
칠면조구이		구이류	1	207	30.6	43	D
치킨데리야끼		구이류	5.6	142	25.4	151	D
치킨가스		튀김류	22	296	14	200	D
치커리무침		생채·무침류	2.4	16	0.8	151	D
치커리겉절이		생채·무침류	3.5	22	0.7	180	D
치커리 겉절이		생채·무침류	6.2	58	2.9	32	D
치즈스틱		튀김류	24	329	16	100	D
치즈빵_호두아몬드크림치즈빵	파리바게뜨	빵 및 과자류	40.1	332	8.8	137	D
치즈빵_트리플치즈캐슈넛&스위트콘크림치즈	파리바게뜨	빵 및 과자류	33.8	270	8.8	228	D
치즈빵_트리플치즈캐슈넛	파리바게뜨	빵 및 과자류	42	294	10.5	143	D
치즈빵_톡톡콘치즈브레드 (2개입)	파리바게뜨	빵 및 과자류	25	289	8.3	168	D
치즈빵_톡톡콘치즈브레드	파리바게뜨	빵 및 과자류	25	286	8.3	84	D
치즈빵_치즈 푸가스	롤링핀	빵 및 과자류	46.3	324	11.2	160	D
치즈빵_쫀득치즈스틱 (3개입)	파리바게뜨	빵 및 과자류	47.8	356	2.2	90	D
치즈빵_미니호두아몬드크림치즈빵 (5개입)	파리바게뜨	빵 및 과자류	40.1	332	8.8	137	D
치즈빵_고소짭짤 햄치즈브레드	파리바게뜨	빵 및 과자류	35	294	10	80	D
치즈빵_고다치즈와 체다치즈를 넣은 롤치즈빵	파리바게뜨	빵 및 과자류	47.4	311	9.6	135	D
치즈볼_트리플치즈볼 (6개)	호식이두마리치킨	튀김류	33.3	259	9.7	100	D
치즈볼_로제크림치즈볼 (6개)	호식이두마리치킨	튀김류	45.6	357	4.5	100	D
치즈볼		튀김류	28.7	333	9.6	100	D
치즈 스파게티_해물		면 및 만두류	15.2	99	4.5	700	D
치아바타_블랙올리브치즈 치아바타	파리바게뜨	빵 및 과자류	46	276	7.6	185	D
치아바타_멜팅 치즈 바질 치폴레치킨 치아바타	메가커피	빵 및 과자류	23.4	260	10.8	167	D
츄러스_흑임자 링츄	츄러스1500	빵 및 과자류	62.5	414	7	79	D
츄러스_톡톡 슈팅스타 링츄	츄러스1500	빵 및 과자류	60.2	380	7.2	79	D
츄러스_크림치즈 필링 롱츄	츄러스1500	빵 및 과자류	50.4	387	5.5	98	D
츄러스_크리미 인절미 링츄	츄러스1500	빵 및 과자류	55.4	368	8.3	83	D
츄러스_콘소메 스틱츄	츄러스1500	빵 및 과자류	50.8	320	5.4	192	D
츄러스_케이준츄라이	스트릿츄러스	빵 및 과자류	53.3	478	6.1	100	D
츄러스_컵츄볶이	츄러스1500	빵 및 과자류	38.1	273	7.5	158	D
츄러스_치즈츄러스	스트릿츄러스	빵 및 과자류	50	355	5	100	D
츄러스_치즈스틱츄	스트릿츄러스	빵 및 과자류	52	367	5.1	100	D
츄러스_치즈 시즈닝 링츄	츄러스1500	빵 및 과자류	50.6	327	6.4	72	D
츄러스_치즈 스틱츄	츄러스1500	빵 및 과자류	50	334	5.2	192	D
츄러스_츄로독	츄러스1500	빵 및 과자류	27.1	289	9.4	196	D
츄러스_츄러스	스트릿츄러스	빵 및 과자류	50	355	5	100	D
츄러스_츄러스	파리바게뜨	빵 및 과자류	55.6	375	2.8	36	D
츄러스_초콜릿 필링 롱츄	츄러스1500	빵 및 과자류	51.8	313	4.3	103	D
츄러스_초콜릿 스틱츄	츄러스1500	빵 및 과자류	52.2	366	5.6	216	D
츄러스_초코필링츄	스트릿츄러스	빵 및 과자류	55.8	400	5.6	100	D
츄러스_쫀듸기	츄러스1500	빵 및 과자류	67.3	347	7	71	D
츄러스_오리지널 링츄	츄러스1500	빵 및 과자류	70	455	9.1	70	D
츄러스_오리지널 롱츄	츄러스1500	빵 및 과자류	46.3	327	4.8	73	D
츄러스_오레오 초코 링츄	츄러스1500	빵 및 과자류	57	356	1.7	82	D
츄러스_오레오 스틱츄	츄러스1500	빵 및 과자류	50.5	325	5.2	192	D
츄러스_오레오 롱츄	츄러스1500	빵 및 과자류	53.7	350	7	82	D
츄러스_어니언츄라이	스트릿츄러스	빵 및 과자류	50.6	502	6.1	100	D
츄러스_아몬드초코 링츄	츄러스1500	빵 및 과자류	57	406	9.1	90	D
츄러스_시나몬츄라이	스트릿츄러스	빵 및 과자류	55.6	484	5.6	100	D
츄러스_스페셜스틱 세트 (10개입)	츄러스1500	빵 및 과자류	46.6	325	5.5	631	D
츄러스_스페셜링츄 세트 (8개입)	츄러스1500	빵 및 과자류	52.2	325	5.7	489	D
츄러스_스틱츄	스트릿츄러스	빵 및 과자류	51.4	370	5.1	100	D
츄러스_스틱 츄러스	츄러스1500	빵 및 과자류	48.9	316	5.2	180	D
츄러스_슈크림 필링 롱츄	츄러스1500	빵 및 과자류	51	356	5.5	98	D
츄러스_버터 갈릭 스틱츄	츄러스1500	빵 및 과자류	50.1	304	5.1	192	D
츄러스_바삭 후레이크 링츄	츄러스1500	빵 및 과자류	52.9	374	6.7	82	D
츄러스_레인보우 초코 링츄	츄러스1500	빵 및 과자류	59.4	370	6.7	82	D
츄러스_달콤 허니버터 스틱츄	츄러스1500	빵 및 과자류	50.8	322	4.9	192	D
츄러스_고구마 필링 롱츄	츄러스1500	빵 및 과자류	61.5	398	5.2	96	D
츄러스		빵 및 과자류	58.2	361	6.6	140	D
취나물무침_소금		나물·숙채류	12.3	99	3.4	70	D
취나물무침_간장		나물·숙채류	3.6	25	1	180	D
취나물무침		나물·숙채류	6.7	44	2	50	D
취나물_취나물(마른것)		나물·숙채류	6.4	89	3.6	50	D
취나물_된장		나물·숙채류	9.3	59	2.6	90	D
취나물_간장_소금		나물·숙채류	3.7	25	1	180	D
충무김밥		밥류	27.3	146	5.9	400	D
추어탕		찌개 및 전골류	2.7	32	2.3	356	D
총각김치		김치류	7.9	42	1.9	100	D
초콜릿_로스티드 헤이즐넛 초콜릿	커피빈	빵 및 과자류	40	611	9.1	55	D
초코소라빵		빵 및 과자류	51.8	319	3.3	70	D
초밥_한치		밥류	31.2	150	5.5	250	D
초밥_장어		밥류	32.3	195	6.6	250	D
초밥_유부초밥		밥류	29.8	194	5.8	200	D
초밥_연어		밥류	19.6	207	11.2	100	D
초밥_새우		밥류	20.4	130	7.8	100	D
초밥_문어		밥류	32.7	157	5.8	250	D
초밥_모듬		밥류	26.7	160	9.7	380	D
초밥_농어		밥류	31.5	159	7	250	D
초밥_광어		밥류	25.9	151	9	300	D
초당순두부		국 및 탕류	1.8	58	5.5	900	D
초간장		장류, 양념류	11.3	72	6.6	15	D
청포묵무침		생채·무침류	7.5	53	2	90	D
청포묵국		국 및 탕류	2.2	44	2.9	143	D
청포묵 무침		생채·무침류	7.4	53	2	150	D
청어구이		구이류	0.2	129	8.2	200	D
청국장찌개_해물		찌개 및 전골류	3.8	37	3.8	240	D
청국장찌개_배추김치		찌개 및 전골류	2.9	29	2.6	210	D
청국장찌개_모듬		찌개 및 전골류	4.6	42	3.8	240	D
청국장찌개_두부_채소		찌개 및 전골류	2.9	79	6.3	100	D
청국장찌개_간편조리세트_우삼겹 청국장찌개	프레시지	찌개 및 전골류	3.3	80	5.6	801	D
청국장찌개_간편조리세트_영월식 청국장	신세계푸드 피코크	찌개 및 전골류	5.4	74	6.1	909	D
청국장찌개		찌개 및 전골류	1.9	47	5	240	D
청경채나물		나물·숙채류	1.6	14	1.1	100	D
천사채무침		생채·무침류	3	73	3.3	220	D
채소튀김		튀김류	25.4	214	3.4	100	D
채소죽_달걀		죽 및 스프류	9.9	61	1.4	600	D
채소죽		죽 및 스프류	13.3	70	1.1	287	D
채소전		전·적 및 부침류	25.4	204	4.7	132	D
채소밥		밥류	23.1	114	2.6	267	D
채소 꼬치구이		구이류	14.3	91	2.8	150	D
찹쌀죽		죽 및 스프류	13.4	63	1.1	292	D
찹쌀떡_팥		빵 및 과자류	62.9	295	5.1	100	D
찹쌀떡_요아정 카스테라 생크림 찹쌀떡	요거트아이스크림의정석	빵 및 과자류	42.5	250	2.5	40	D
찹쌀떡_요아정 쑥팥크림 찹쌀떡	요거트아이스크림의정석	빵 및 과자류	47.5	263	5	40	D
찹쌀떡_요아정 딸기요거트크림 찹쌀떡	요거트아이스크림의정석	빵 및 과자류	45	238	2.5	40	D
찹쌀떡_요아정 고구마크림 찹쌀떡	요거트아이스크림의정석	빵 및 과자류	45	238	2.5	40	D
찹쌀떡		빵 및 과자류	65.6	277	3.3	100	D
참치회덮밥_양념장		밥류	12.1	76	4.7	600	D
참치찌개		찌개 및 전골류	3	42	5.4	349	D
참치죽		죽 및 스프류	8.4	60	2.4	600	D
참치덮밥		밥류	15.9	108	5.8	580	D
참치구이_머리		구이류	1.4	193	26.6	180	D
참치구이		구이류	0.1	318	33.5	64	D
참치강정		튀김류	23.6	353	30.3	90	D
참치 완자전		전·적 및 부침류	14.8	220	18.8	58	D
참치 샐러드		생채·무침류	2.9	245	17.6	102	D
참치 미역국		국 및 탕류	0.8	28	2.7	320	D
참나물겉절이_고춧가루		생채·무침류	2.9	18	0.7	190	D
참나물 무침_된장		생채·무침류	1.9	15	0.7	50	D
참나물 겉절이_단감		생채·무침류	3.4	22	1	50	D
참나물 겉절이_간장		생채·무침류	2.9	18	0.7	190	D
참나물 겉절이		생채·무침류	2.4	17	0.8	50	D
참나물		나물·숙채류	2.1	17	0.8	80	D
참깨죽		죽 및 스프류	5.9	38	1	100	D
찰시루떡		빵 및 과자류	37.6	181	6.6	100	D
찰밥		밥류	25.8	120	2.2	450	D
찰떡빵_찹쌀고구마	롤링핀	빵 및 과자류	45.5	274	4.8	220	D
찰떡빵_스트로베리 크림치즈 찰떡	더리터	빵 및 과자류	43.3	283	5	60	D
찰떡빵_블루베리 크림치즈 찰떡	더리터	빵 및 과자류	36.7	342	6.7	60	D
찰떡빵_베이크치즈 크림치즈 찰떡	더리터	빵 및 과자류	43.3	283	5	60	D
차조밥		밥류	25.8	119	2.2	290	D
차돌박이구이_소고기		구이류	1.3	488	17.9	100	D
쫄볶이		볶음류	29.4	150	4.7	630	D
쫄면		면 및 만두류	24.7	121	3.4	320	D
짬뽕밥		밥류	11.7	72	3.2	900	D
짬뽕라면		면 및 만두류	12.3	91	3.4	765	D
짬뽕_차돌박이		면 및 만두류	9.8	88	4.6	100	D
짬뽕_삼선		면 및 만두류	11.3	74	4.4	900	D
짬뽕_백짬뽕		면 및 만두류	8.5	63	3.7	100	D
짬뽕_굴		면 및 만두류	12.8	76	3.6	900	D
짬뽕_간편조리세트_통오징어짬뽕탕	GS 리테일 심플리쿡	면 및 만두류	3.6	56	4.2	1204	D
짬뽕_간편조리세트_나가사키 짬뽕탕	GS 리테일 심플리쿡	면 및 만두류	9	62	2.8	100	D
짬뽕		면 및 만두류	11.9	73	2.8	800	D
짜장소스		장류, 양념류	12.9	101	4.3	200	D
짜장밥_오징어		밥류	21.5	136	6.3	100	D
짜장밥		밥류	26.2	139	3.7	450	D
짜장면		면 및 만두류	22.1	117	4	600	D
짜사이무침		생채·무침류	3.7	43	0.4	50	D
지리탕_복		국 및 탕류	1.7	39	7	600	D
지리탕_대구		국 및 탕류	1.6	44	6.9	600	D
증편		빵 및 과자류	44.1	200	3.2	100	D
쥐포튀김		튀김류	42.5	357	9.6	100	D
쥐포조림		조림류	23.1	194	19	50	D
쥐포무침		생채·무침류	36.5	339	29.4	31	D
중식잡채		볶음류	13.6	83	2.3	450	D
중식우동		면 및 만두류	15.3	91	4.7	960	D
죽순볶음_소고기		볶음류	3.8	120	13.7	230	D
죽순볶음		볶음류	6.2	133	4.3	58	D
주먹밥_참치		밥류	21.2	131	4.7	300	D
주먹밥_소고기		밥류	34.7	178	4.8	200	D
주먹밥_배추김치		밥류	20.8	106	2.4	320	D
주먹밥_멸치		밥류	36.2	208	6	150	D
주먹밥_간편조리세트_라이스버거		밥류	30	208	6.6	285	D
주먹밥		밥류	25.5	135	2.3	291	D
주꾸미삼겹살		볶음류	10.7	161	10.1	100	D
주꾸미볶음_채소		볶음류	8	74	6.9	315	D
주꾸미볶음		볶음류	8	74	6.9	315	D
족발		찜류	0.9	233	26	250	D
조미 김구이		구이류	2	52	1.9	50	D
조기튀김		튀김류	3.6	144	13.4	111	D
조기찜		찜류	2.6	71	9.2	242	D
조기찌개		찌개 및 전골류	1.9	23	2.4	240	D
조기조림		조림류	4.3	128	13.7	300	D
조기구이		구이류	0	168	22.2	65	D
조기 오븐구이		구이류	0	40	5.9	80	D
조기 양념구이		구이류	11	219	22.1	70	D
조개탕		국 및 탕류	0.7	12	1.8	300	D
조개젓_양념		젓갈류	12.6	103	8.6	100	D
조개국_바지락		국 및 탕류	1.8	29	4	550	D
조개국		국 및 탕류	0.2	16	1.7	400	D
조개구이_키조개		구이류	10.4	130	17.4	180	D
조개 미역국		국 및 탕류	1	11	1.5	300	D
젤리_트로피컬원더젤리	투썸플레이스	빵 및 과자류	82	328	0	40	D
제육볶음_채소		볶음류	6.5	115	9.8	250	D
제육볶음_오징어		볶음류	6.9	140	8.8	290	D
제육볶음		볶음류	5.7	151	12.2	100	D
제육(돼지고기 수육)		찜류	1.2	150	18.7	80	D
절편_쑥		빵 및 과자류	34.9	192	7.7	100	D
절편		빵 및 과자류	43.6	197	3.8	100	D
전어조림		조림류	1.9	60	9	157	D
전어구이		구이류	0.1	33	5.9	360	D
전복탕		국 및 탕류	2.6	33	4.5	600	D
전복죽		죽 및 스프류	19.1	120	3.1	400	D
전갱이구이		구이류	0.2	226	27.7	56	D
적어조림		조림류	3.3	54	7	204	D
적어구이		구이류	0.3	174	20.9	64	D
쟁반짜장		면 및 만두류	23.6	145	5.8	900	D
쟁반국수		면 및 만두류	18.8	112	4.1	550	D
재첩국		국 및 탕류	4.5	23	0.7	350	D
장조림_우엉		조림류	34.4	149	2.1	100	D
장조림_소고기_메추리알		조림류	15.6	157	11.7	100	D
장조림_소고기		조림류	4.8	69	10.4	100	D
장조림_메추리알		조림류	6.3	203	14.2	100	D
장조림_돼지고기_메추리알		조림류	6.7	127	16.7	150	D
장조림_달걀		조림류	8.7	138	9.8	100	D
장어튀김		튀김류	6.6	209	10.2	67	D
장어탕		국 및 탕류	3.7	67	4.3	800	D
장어매운탕		찌개 및 전골류	4	57	5.7	276	D
장어구이_양념		구이류	5.9	289	20.5	150	D
장어구이_소금		구이류	0.2	137	9.9	185	D
장어구이_붕장어_소금		구이류	11.6	297	26	100	D
장어구이_고추장		구이류	6.2	259	19.8	190	D
장어 초밥		밥류	15	95	3.5	500	D
장어 양념구이_들깨		구이류	14.4	180	14.4	84	D
장어 양념구이		구이류	16.9	331	16.5	69	D
장어 덮밥		밥류	15	95	3.5	500	D
장떡		전·적 및 부침류	27.3	197	3.7	70	D
장국국수		면 및 만두류	21.1	144	6.4	737	D
잣죽		죽 및 스프류	22.2	125	2.7	259	D
잡탕전골		찌개 및 전골류	5	56	4.9	486	D
잡탕밥		밥류	18.6	115	5.5	750	D
잡채밥		밥류	20.4	107	2.8	550	D
잡채_콩나물		볶음류	12.6	67	1.9	230	D
잡채_어묵		볶음류	26.1	148	2.3	280	D
잡채_소고기		볶음류	16.4	112	2.5	119	D
잡채_부추		볶음류	10.4	68	2.6	200	D
잡채_버섯_소고기		볶음류	17.9	129	3.2	98	D
잡채_버섯		볶음류	20.6	107	0.9	180	D
잡채_돼지고기		볶음류	18.8	109	3.2	140	D
잡채_고추		볶음류	13.1	128	5.5	200	D
잡채_간편조리세트_소고기 버섯 잡채	HY 잇츠온	볶음류	20	105	2.2	512	D
잡채_간편조리세트_소고기 버섯 잡채	프레시지	볶음류	22.1	153	2.7	341	D
잡채		볶음류	24.3	146	4.7	200	D
잡곡죽		죽 및 스프류	14.2	81	3.5	325	D
잡곡밥_현미		밥류	27.9	133	3	300	D
잡곡밥_서리태		밥류	27.4	134	3.4	300	D
잡곡밥_보리_흑미		밥류	28.3	135	3	300	D
잡곡밥_보리		밥류	28.8	137	3.1	300	D
잡곡밥		밥류	27.1	131	3.1	250	D
잔치국수		면 및 만두류	11.8	66	2.3	650	D
잔멸치볶음_홍고추_풋고추		볶음류	5.7	228	33.3	50	D
잔멸치볶음_풋고추		볶음류	6	93	9.6	110	D
잔멸치볶음_잔멸치_꽈리고추		볶음류	7.2	90	7.1	70	D
잔멸치볶음_잔멸치_견과류		볶음류	8.2	147	9.8	50	D
잔멸치볶음_잔멸치		볶음류	5.8	118	14.1	40	D
잔멸치볶음_모듬		볶음류	6.6	115	10.6	110	D
잔멸치볶음_꽈리고추		볶음류	13.1	156	12	50	D
잔멸치볶음_고추장		볶음류	17.1	231	17	35	D
잔멸치볶음_견과류		볶음류	7.3	154	10.7	50	D
잔멸치볶음_간장_고추장		볶음류	6.7	109	11.3	110	D
잔멸치볶음_간장		볶음류	10.1	194	14.9	61	D
잔멸치볶음		볶음류	6.7	130	10.4	42	D
잔멸치 튀김		튀김류	2.9	67	4	236	D
자장밥		밥류	24	148	3	500	D
자장면_삼선		면 및 만두류	18.1	115	4.8	700	D
자장면		면 및 만두류	20.6	123	3	600	D
자몽홍차_허니자몽블랙티 핫(HOT)	메가커피	음료 및 차류	12.7	51	0.1	591	D
자몽홍차_허니자몽블랙티 아이스(ICED)	메가커피	음료 및 차류	9.3	37	0.1	710	D
자몽홍차_허니자몽블랙티	카페봄봄	음료 및 차류	13.5	55	0.1	100	D
자몽홍차_자몽허니블랙티 핫(HOT)	바나프레소	음료 및 차류	10.4	43	0.2	500	D
자몽홍차_자몽허니블랙티 아이스(ICED)	컴포즈커피	음료 및 차류	9.6	40	0.1	591	D
자몽홍차_자몽허니블랙티 아이스(ICED)	바나프레소	음료 및 차류	8	33	0.2	650	D
자몽차_허니 자몽티	탐앤탐스	음료 및 차류	12.9	52	0.3	310	D
자몽차_자몽티 핫(HOT)	탐앤탐스	음료 및 차류	7.7	32	0.3	310	D
자몽차_자몽티 핫(HOT)	바나프레소	음료 및 차류	7.4	30	0.1	500	D
자몽차_자몽티 아이스(ICED)	탐앤탐스	음료 및 차류	5.8	24	0.2	410	D
자몽차_자몽티 아이스(ICED)	바나프레소	음료 및 차류	5.7	23	0.1	650	D
자몽차_자몽티	컴포즈커피	음료 및 차류	10	41	0	591	D
자몽차_자몽차 핫(HOT) (ML)	더리터	음료 및 차류	5.6	28	0.2	591	D
자몽차_자몽차 핫(HOT)	메가커피	음료 및 차류	12.4	50	0.1	591	D
자몽차_자몽차 아이스(ICED) (ML)	더리터	음료 및 차류	4.7	24	0.1	710	D
자몽차_자몽차 아이스(ICED) (L)	더리터	음료 및 차류	5.1	24	0.1	946	D
자몽차_자몽차 아이스(ICED)	메가커피	음료 및 차류	10.4	42	0.1	710	D
자몽차_자몽 네이블오렌지	이디야	음료 및 차류	14.8	59	0	230	D
자몽차_시트러스자몽 아이스(ICED)	엔제리너스	음료 및 차류	8.2	33	0	486	D
자몽차_루비자몽 핫(HOT)	엔제리너스	음료 및 차류	16.1	64	0	410	D
자몽차_루비자몽 아이스(ICED)	엔제리너스	음료 및 차류	14	56	0	470	D
자몽차_꿀자몽티	카페봄봄	음료 및 차류	14.3	58	0.1	100	D
잉어 매운탕		찌개 및 전골류	4.1	52	5.7	276	D
임연수튀김		튀김류	17.5	369	26.5	73	D
임연수조림		조림류	7	144	15.9	149	D
임연수구이		구이류	1.4	198	21.5	100	D
인절미_팥고물		빵 및 과자류	44.8	204	4.2	100	D
인절미_콩고물		빵 및 과자류	49.7	231	5.5	100	D
인절미		빵 및 과자류	50.1	242	5.6	100	D
은대구구이		구이류	0	137	9.2	100	D
율무차		음료 및 차류	11.8	66	0.9	100	D
율무죽		죽 및 스프류	13.8	77	3.3	100	D
율무밥		밥류	25.5	118	2.3	270	D
육회비빔밥		밥류	17.7	115	3.9	700	D
육회		수·조·어·육류	13.2	158	9.5	300	D
육개장_소고기		국 및 탕류	2	33	2.6	440	D
육개장_돼지고기		국 및 탕류	3.5	46	5.8	320	D
육개장_닭고기		국 및 탕류	1.2	32	3.3	420	D
육개장		국 및 탕류	1.6	47	3	440	D
유채물김치		김치류	3	17	1	100	D
유채무침		생채·무침류	12.5	60	3.4	79	D
유채나물_된장		나물·숙채류	3.6	30	2.8	80	D
유채나물_간장_소금		나물·숙채류	2.7	22	2.1	160	D
유채나물		나물·숙채류	5.6	50	4.4	90	D
유채김치		김치류	10.1	62	3.5	100	D
유자차_허니유자티 핫(HOT)	바나프레소	음료 및 차류	14.4	58	0.1	500	D
유자차_허니유자티 아이스(ICED)	바나프레소	음료 및 차류	11.1	44	0.1	650	D
유자차_유자티	카페봄봄	음료 및 차류	13.7	56	0.1	100	D
유자차_유자차 핫(HOT) (ML)	더리터	음료 및 차류	9.3	50	0	591	D
유자차_유자차 핫(HOT)	메가커피	음료 및 차류	12.1	48	0.1	591	D
유자차_유자차 아이스(ICED) (ML)	더리터	음료 및 차류	7.8	41	0	710	D
유자차_유자차 아이스(ICED) (L)	더리터	음료 및 차류	7.3	41	0	946	D
유자차_유자차 아이스(ICED)	메가커피	음료 및 차류	10.6	43	0	710	D
유자차_유자 피나콜라다	이디야	음료 및 차류	11.3	45	0	230	D
유자차_고흥유자 핫(HOT)	엔제리너스	음료 및 차류	16.6	66	0	410	D
유자차_고흥유자 아이스(ICED)	엔제리너스	음료 및 차류	14.5	58	0	470	D
유자차_고흥 유자 레몬 캐모마일티	커피빈	음료 및 차류	5.1	21	0	473	D
유산슬		볶음류	4.8	71	9.1	220	D
유부조림		조림류	8	254	13.7	100	D
유부국		국 및 탕류	1.1	17	1.1	190	D
유부 초밥		밥류	27.5	199	5.8	298	D
유부 된장국_무		국 및 탕류	2.7	79	5.2	320	D
유과		빵 및 과자류	74.2	424	2.8	30	D
웨이퍼_크리스피초콜릿웨이퍼	투썸플레이스	빵 및 과자류	55	528	7	50	D
월남쌈_간편조리세트_훈제오리월남쌈	HY 잇츠온	면 및 만두류	15.4	111	5.2	888	D
월남쌈_간편조리세트_소고기야채말이	GS 리테일 심플리쿡	면 및 만두류	6.6	116	10.5	580	D
월남쌈_간편조리세트_불고기월남쌈	GS 리테일 심플리쿡	면 및 만두류	17.1	150	7.2	733	D
월남쌈		면 및 만두류	12.2	118	5.9	250	D
울면		면 및 만두류	14.1	85	4.3	1020	D
우유_딸기		유제품류 및 빙과류	11	73	2	100	D
우엉조림		조림류	16.5	104	3.7	50	D
우엉볶음		볶음류	16.3	160	4.1	81	D
우엉 양념구이		구이류	12.1	67	1.7	216	D
우롱차_피치우롱 핫(HOT)	엔제리너스	음료 및 차류	0.5	3	0.2	400	D
우롱차_피치우롱 아이스(ICED)	엔제리너스	음료 및 차류	0.5	3	0.2	430	D
우롱차_피치 우롱티 핫(HOT) (ML)	더리터	음료 및 차류	7.6	30	0	591	D
우롱차_피치 우롱티 아이스(ICED) (ML)	더리터	음료 및 차류	6.3	25	0	710	D
우롱차_피치 우롱티 아이스(ICED) (L)	더리터	음료 및 차류	4.8	19	0	946	D
우럭회덮밥_양념장		밥류	11.5	67	3.5	750	D
우럭튀김		튀김류	19.2	289	24.7	62	D
우럭구이		구이류	0.5	111	13.5	100	D
우럭 매운탕		찌개 및 전골류	2.6	31	4	700	D
우동볶음		면 및 만두류	24.8	128	2.8	300	D
우동_해물		면 및 만두류	11.8	69	2.9	740	D
우동_중식		면 및 만두류	8.5	65	3	1000	D
우동_일식		면 및 만두류	30.5	158	1.8	800	D
우동_삼선		면 및 만두류	10.6	69	4.8	1000	D
우동_배추김치		면 및 만두류	12.1	65	1.9	770	D
우동_김치		면 및 만두류	12.4	63	1.9	800	D
우동_간편조리세트_쫄우동	GS 리테일 심플리쿡	면 및 만두류	15.7	99	2.6	1138	D
우동_간편조리세트_우동(기본우동)	수유리우동	면 및 만두류	12.9	70	2.1	100	D
우동		면 및 만두류	11.2	61	1.9	630	D
우거지나물무침		나물·숙채류	5.8	86	3	150	D
요구르트(액상)_플레인요거트	카페봄봄	유제품류 및 빙과류	13.2	62	2.2	100	D
요구르트(액상)_블루베리 요거트	카페봄봄	유제품류 및 빙과류	19.2	96	1.5	100	D
요구르트(액상)_망고요거트	카페봄봄	유제품류 및 빙과류	14.8	72	1.6	100	D
요구르트(액상)_마시는요거트 플레인	탐앤탐스	유제품류 및 빙과류	12.2	126	5.2	400	D
요구르트(액상)_마시는요거트 블루베리	탐앤탐스	유제품류 및 빙과류	20.2	154	5.1	410	D
요구르트(액상)_마시는요거트 딸기	탐앤탐스	유제품류 및 빙과류	19	150	5.1	410	D
요구르트(액상)_딸기요거트	카페봄봄	유제품류 및 빙과류	15.8	75	1.7	100	D
요구르트(액상)_그릭요거트	탐앤탐스	유제품류 및 빙과류	14	144	6	400	D
요구르트(액상)_그래놀라 요거트	탐앤탐스	유제품류 및 빙과류	8	61	1.3	390	D
완자조림		조림류	13.3	171	13.9	137	D
완자전_해물		전·적 및 부침류	18	222	11.5	200	D
완자전_참치		전·적 및 부침류	13.6	173	15	200	D
완자전_소고기(동그랑땡/육원전)		전·적 및 부침류	8.4	206	13.1	150	D
완자전_소고기		전·적 및 부침류	4.7	162	18.7	200	D
완자전_돼지고기		전·적 및 부침류	6.5	139	14.8	200	D
완자전		전·적 및 부침류	15.8	313	11	150	D
완두콩밥		밥류	24.5	114	2.2	250	D
와플_호두고구마 와플	와플대학	빵 및 과자류	48	314	5.3	150	D
와플_허니브레드 와플	와플대학	빵 및 과자류	50	302	3.3	120	D
와플_플레인시나몬 크로플	엔제리너스	빵 및 과자류	51.1	388	6.4	94	D
와플_플레인 크로플	탐앤탐스	빵 및 과자류	6.3	45	0.9	550	D
와플_플레인 와플	더리터	빵 및 과자류	38.6	254	2.7	184	D
와플_팥스노우 와플	와플대학	빵 및 과자류	51.2	292	5	160	D
와플_티라미수 와플	와플대학	빵 및 과자류	40	385	3.6	140	D
와플_티라미수 와플	더리터	빵 및 과자류	38.2	276	2.9	170	D
와플_크림젤라또 와플	와플대학	빵 및 과자류	44.1	309	3.2	220	D
와플_크림 와플	와플대학	빵 및 과자류	54.5	415	4.5	110	D
와플_크런치딸기잼젤라또 와플	와플대학	빵 및 과자류	43.8	260	3.4	208	D
와플_크런치딸기잼 와플	와플대학	빵 및 과자류	58.3	334	4.2	120	D
와플_치즈케이크누텔라젤라또 와플	와플대학	빵 및 과자류	40.9	287	4.3	230	D
와플_치즈케이크&크랜베리 와플	와플대학	빵 및 과자류	53.1	388	3.9	130	D
와플_치즈범벅 와플	와플대학	빵 및 과자류	37.9	281	3.3	240	D
와플_초코범벅젤라또 와플	와플대학	빵 및 과자류	41.7	284	3.3	240	D
와플_초코 와플	더리터	빵 및 과자류	38.3	276	2.8	180	D
와플_젤라또약과 와플	와플대학	빵 및 과자류	47	300	3.9	234	D
와플_젤라또 와플	와플대학	빵 및 과자류	39.5	258	3.7	190	D
와플_인절미 와플	더리터	빵 및 과자류	34.7	258	3.5	170	D
와플_와플	카페루앤비	빵 및 과자류	0	180	45	100	D
와플_오레오누텔라젤라또 와플	와플대학	빵 및 과자류	42.4	293	4.3	210	D
와플_오레오누텔라 와플	와플대학	빵 및 과자류	30	293	4.3	210	D
와플_애플시나몬 와플	와플대학	빵 및 과자류	50.8	321	3.1	130	D
와플_아이스크림 크로플	엔제리너스	빵 및 과자류	40.3	339	5.6	144	D
와플_싸만코젤라또 와플	와플대학	빵 및 과자류	41.6	254	4.4	250	D
와플_스노우 와플	와플대학	빵 및 과자류	49.2	372	3.9	130	D
와플_블루베리젤라또 와플	와플대학	빵 및 과자류	39.5	240	3.3	210	D
와플_블루베리잼 와플	더리터	빵 및 과자류	35.5	243	2.5	200	D
와플_블루베리범벅 와플	와플대학	빵 및 과자류	42.5	261	2.9	240	D
와플_블루베리 크림치즈 크로플	탐앤탐스	빵 및 과자류	9.1	63	1.1	540	D
와플_블루베리 크로플	엔제리너스	빵 및 과자류	49.2	340	4.8	124	D
와플_블루베리 와플	와플대학	빵 및 과자류	47.5	305	3.3	120	D
와플_불치플 불고기치즈피자 와플	와플대학	빵 및 과자류	36.2	306	13.8	160	D
와플_복숭아잼 와플	더리터	빵 및 과자류	35	240	2.5	200	D
와플_베치플 베이직치즈피자 와플	와플대학	빵 및 과자류	33.9	320	13.2	174	D
와플_베리베리젤라또 와플	와플대학	빵 및 과자류	40.5	243	3.2	220	D
와플_베리베리 와플	와플대학	빵 및 과자류	47.7	304	3.9	130	D
와플_바나나누텔라 와플	와플대학	빵 및 과자류	40.6	276	3.3	180	D
와플_바나나 와플	와플대학	빵 및 과자류	45.3	235	3.1	159	D
와플_메이플시나몬 와플	와플대학	빵 및 과자류	60	332	4.4	90	D
와플_맥치플 맥앤치즈피자 와플	와플대학	빵 및 과자류	38.8	301	8.1	160	D
와플_망고잼 와플	더리터	빵 및 과자류	36	246	2.5	200	D
와플_망고범벅 와플	와플대학	빵 및 과자류	34.3	223	2.3	300	D
와플_딸기케이크 와플	와플대학	빵 및 과자류	35.6	245	3.1	160	D
와플_딸기잼 와플	더리터	빵 및 과자류	35	240	2.5	200	D
와플_딸기범벅젤라또 와플	와플대학	빵 및 과자류	33.3	227	2.2	270	D
와플_딸기듬뿍 와플	와플대학	빵 및 과자류	33.2	220	1.8	220	D
와플_딸기누텔라젤라또 와플	와플대학	빵 및 과자류	35.6	242	3.6	250	D
와플_딸기누텔라 와플	와플대학	빵 및 과자류	38.8	305	4.1	170	D
와플_딸기 와플	와플대학	빵 및 과자류	40	297	2.7	150	D
와플_THE한 플레인 와플	더리터	빵 및 과자류	39.3	247	2.9	308	D
와플_THE한 티라미수 와플	더리터	빵 및 과자류	39.9	256	3.4	298	D
와플_THE한 초코 와플	더리터	빵 및 과자류	38.3	248	3.3	300	D
와플_THE한 인절미 와플	더리터	빵 및 과자류	42.3	266	3.1	286	D
와플_17곡 와플	와플대학	빵 및 과자류	55.4	300	5.4	130	D
올갱이해장국		국 및 탕류	3.5	41	4	262	D
올갱이국수		면 및 만두류	7.4	38	0.8	1500	D
올갱이국		국 및 탕류	2.2	24	2.3	600	D
옥수수샐러드_햄		생채·무침류	11.4	190	7.7	112	D
옥수수샐러드		생채·무침류	17.5	130	1.4	130	D
옥수수부침		전·적 및 부침류	22.9	176	3	131	D
옥수수밥		밥류	24.3	113	2.1	450	D
옥수수구이_치즈		구이류	13.6	140	4.4	70	D
옥수수구이		구이류	15.4	148	1.4	90	D
옥수수_찐옥수수		찜류	34.2	185	6.7	200	D
옥돔구이		구이류	0.1	39	4.9	230	D
오징어포조림		조림류	13	133	15.5	68	D
오징어튀김		튀김류	10	163	12.2	100	D
오징어탕수		튀김류	13	158	8.3	106	D
오징어채조림		조림류	25.4	240	23.5	50	D
오징어채볶음		볶음류	10.1	163	16.1	100	D
오징어채무침_채소		생채·무침류	13.5	113	11.6	90	D
오징어채무침		생채·무침류	28.4	258	23.6	80	D
오징어찜		찜류	2.6	56	8.5	166	D
오징어찌개		찌개 및 전골류	2.5	27	3.6	349	D
오징어조림		조림류	6.1	66	8.3	154	D
오징어젓_양념		젓갈류	3.4	60	10.1	10	D
오징어순대		찜류	16.7	133	13.1	350	D
오징어산적		전·적 및 부침류	4.5	127	21.7	80	D
오징어불고기		구이류	7.2	123	16.4	232	D
오징어볶음_채소		볶음류	7.7	82	8.5	270	D
오징어볶음		볶음류	7.2	88	10.1	250	D
오징어미역초무침		생채·무침류	5.2	87	15	33	D
오징어무침_채소		생채·무침류	4.9	59	7.7	85	D
오징어무침_미나리		생채·무침류	11	107	13	50	D
오징어무침		생채·무침류	8	83	9.7	70	D
오징어국		국 및 탕류	1.5	24	3.7	300	D
오징어 덮밥_채소		밥류	14.5	91	5.1	900	D
오징어 덮밥		밥류	17.4	94	4.4	708	D
오이지무침_고추		생채·무침류	4.5	28	1	50	D
오이지무침		생채·무침류	8.1	45	1.1	70	D
오이지		장아찌·절임류	2.5	29	0.8	100	D
오이장아찌		장아찌·절임류	7.7	71	1.9	58	D
오이소박이		김치류	5.9	37	1.9	100	D
오이생채_오이만		생채·무침류	6.6	51	1.6	100	D
오이생채_오이_부추		생채·무침류	6.4	36	1.7	60	D
오이생채_오이_달래		생채·무침류	6.7	36	1.2	70	D
오이생채_오이		생채·무침류	6.2	30	1.2	60	D
오이생채_양파		생채·무침류	6.2	30	1.2	130	D
오이생채_부추		생채·무침류	6.4	37	1.7	60	D
오이생채_고추장		생채·무침류	4.4	23	0.9	85	D
오이생채		생채·무침류	9	69	1.8	100	D
오이부추무침		생채·무침류	5.7	26	0.9	50	D
오이무침_양파		생채·무침류	6.7	33	1.3	60	D
오이무침_부추		생채·무침류	5	31	1.9	100	D
오이무침_달래		생채·무침류	6.7	36	1.2	70	D
오이무침		생채·무침류	5.4	35	1.3	108	D
오이모듬무침		생채·무침류	6.9	34	1.4	70	D
오이냉국_미역		국 및 탕류	1.3	7	0.7	134	D
오이냉국		국 및 탕류	3.6	17	0.6	156	D
오이나물		나물·숙채류	2.9	73	1.3	108	D
오이김치		김치류	7.8	39	2.5	70	D
오이고추 된장무침		생채·무침류	5.2	32	1.4	50	D
오이 미역냉국		국 및 탕류	2.9	13	0.7	270	D
오이 물김치		김치류	8.7	51	2.9	100	D
오이 도라지 생채		생채·무침류	8.8	41	1.3	130	D
오븐스파게티		면 및 만두류	16.8	122	5.6	700	D
오미자차_문경오미자티 핫(HOT)	바나프레소	음료 및 차류	11.9	50	0	500	D
오미자차_문경오미자티 아이스(ICED)	바나프레소	음료 및 차류	9.2	39	0	650	D
오믈렛		전·적 및 부침류	2.8	88	6.3	140	D
오므라이스		밥류	18.7	107	2.9	400	D
오리탕		찌개 및 전골류	3.7	104	6.7	237	D
오리죽		죽 및 스프류	19.9	155	7.5	400	D
오리불고기		구이류	9.6	130	14.3	250	D
오리볶음		볶음류	7.3	171	10.5	420	D
오리백숙		찌개 및 전골류	5.6	124	7.4	300	D
오리고기로스		구이류	0.8	169	29.7	43	D
오리고기구이		구이류	4.9	293	24.1	200	D
오리감자죽		죽 및 스프류	15.1	97	3.7	302	D
오리 간장불고기		구이류	6.2	98	12.6	180	D
오곡밥		밥류	34.2	166	4.4	276	D
오겹살구이_돼지고기		구이류	2.7	408	20.2	100	D
영양돌솥밥		밥류	25.3	119	2.4	339	D
열무얼갈이김치		김치류	5.2	35	2.1	50	D
열무물김치		김치류	2.9	18	1.4	100	D
열무나물_된장		나물·숙채류	3.6	36	2.2	90	D
열무나물_간장		나물·숙채류	5.4	34	2.9	42	D
열무나물		나물·숙채류	4.8	82	3.9	90	D
열무김치		김치류	5.9	36	2.4	100	D
열무 비빔밥		밥류	16.9	89	2.3	600	D
열무 된장국		국 및 탕류	2	20	2.1	152	D
열무 겉절이		생채·무침류	4.8	25	1.6	69	D
연포탕		국 및 탕류	2	54	9.5	1000	D
연잎밥		밥류	47	207	4	100	D
연어튀김		튀김류	9.7	149	13.1	71	D
연어롤		밥류	24.8	170	6.2	300	D
연어구이		구이류	0.3	223	26.8	87	D
연두부찜		찜류	3.7	65	5.1	159	D
연두부찌개		찌개 및 전골류	2.6	42	4.8	258	D
연근튀김		튀김류	16.3	156	3.1	120	D
연근조림		조림류	29.4	174	2.7	60	D
연근전		전·적 및 부침류	10.2	82	1.9	161	D
에이드_한라봉 스파클링 에이드	엔제리너스	음료 및 차류	9.1	39	0	420	D
에이드_폭탄 에이드	카페봄봄	음료 및 차류	10.7	44	0.1	100	D
에이드_체리콕	카페봄봄	음료 및 차류	13.9	56	0	100	D
에이드_청포도 에이드 (ML)	더리터	음료 및 차류	8.4	34	0	710	D
에이드_청포도 에이드 (L)	더리터	음료 및 차류	11.2	45	0	946	D
에이드_청포도 에이드	카페봄봄	음료 및 차류	12.7	53	0	100	D
에이드_청포도 에이드	바나프레소	음료 및 차류	5.9	24	0.1	650	D
에이드_제주청귤 에이드	바나프레소	음료 및 차류	8.2	34	0.1	650	D
에이드_제주 한라봉 크러쉬드 에이드	탐앤탐스	음료 및 차류	21.1	86	0.2	410	D
에이드_자몽 에이드 (ML)	더리터	음료 및 차류	9	41	0	710	D
에이드_자몽 에이드 (L)	더리터	음료 및 차류	9.9	47	0.1	946	D
에이드_자몽 에이드	카페봄봄	음료 및 차류	9	38	0.3	100	D
에이드_자몽 에이드	바나프레소	음료 및 차류	5.7	23	0.1	650	D
에이드_유자레이드	카페봄봄	음료 및 차류	12.4	51	0.2	100	D
에이드_유자 에이드 (ML)	더리터	음료 및 차류	10.6	58	0	710	D
에이드_유자 에이드 (L)	더리터	음료 및 차류	11.5	62	0	946	D
에이드_오렌지 크러쉬드 에이드	탐앤탐스	음료 및 차류	7.6	31	0.2	410	D
에이드_스파클링 제주 레몬 스웨디쉬	커피빈	음료 및 차류	12.5	50	0	473	D
에이드_스파클링 망고 캐모마일	커피빈	음료 및 차류	11	45	0	473	D
에이드_스파클링 고흥유자 레몬 캐모마일	커피빈	음료 및 차류	5.1	21	0	473	D
에이드_샤인머스캣 스파클링 에이드	엔제리너스	음료 및 차류	9.9	39	0	506	D
에이드_살구 에이드 (ML)	더리터	음료 및 차류	4.7	28	0.1	710	D
에이드_살구 에이드 (L)	더리터	음료 및 차류	5	33	0.1	1000	D
에이드_블루베리 에이드	카페봄봄	음료 및 차류	14.5	59	0.1	100	D
에이드_블루레몬 에이드	카페봄봄	음료 및 차류	11.1	45	0.1	100	D
에이드_복숭아 에이드	바나프레소	음료 및 차류	4.2	17	0	650	D
에이드_레몬 에이드 (ML)	더리터	음료 및 차류	7.6	31	0	710	D
에이드_레몬 에이드 (L)	더리터	음료 및 차류	10.6	43	0	946	D
에이드_레몬 에이드	바나프레소	음료 및 차류	6.6	26	0.1	650	D
에이드_레몬 에이드	카페봄봄	음료 및 차류	9.8	40	0.1	100	D
에이드_레드자몽 스파클링 에이드	엔제리너스	음료 및 차류	6.4	25	0	422	D
에이드_라임 에이드	카페봄봄	음료 및 차류	10.4	42	0	100	D
에이드_라임 모히또 (ML)	더리터	음료 및 차류	8.2	33	0	710	D
에이드_라임 모히또 (L)	더리터	음료 및 차류	12.8	52	0	946	D
에이드_딸기레몬 에이드	카페봄봄	음료 및 차류	12.2	49	0	100	D
에이드_딸기 스파클링 에이드	엔제리너스	음료 및 차류	8.5	33	0	506	D
얼갈이배추김치		김치류	10.9	63	1.6	100	D
얼갈이겉절이		생채·무침류	4.1	25	1.1	110	D
얼갈이 된장국		국 및 탕류	1.7	13	0.9	300	D
얼갈이 나물		나물·숙채류	4	48	1.9	100	D
얼갈이 겉절이		생채·무침류	4.1	22	1.3	100	D
어탕		국 및 탕류	1.2	57	8.5	150	D
어죽		죽 및 스프류	12.6	69	2.5	800	D
어육소시지전		전·적 및 부침류	12.7	177	8.2	80	D
어묵튀김		튀김류	15.8	179	8.4	94	D
어묵탕_고춧가루		국 및 탕류	4.6	36	2.5	600	D
어묵탕		국 및 탕류	3.9	30	2.1	600	D
어묵조림_풋고추		조림류	21.2	173	9.3	82	D
어묵조림		조림류	17.7	166	8.4	95	D
어묵전		전·적 및 부침류	35.5	334	15.3	71	D
어묵잡채		볶음류	10.1	128	6.7	238	D
어묵볶음_채소		볶음류	9.9	81	4.2	100	D
어묵볶음_어묵_채소		볶음류	9.9	80	4.2	150	D
어묵볶음_어묵		볶음류	11	89	5.1	100	D
어묵볶음		볶음류	15.4	125	7.3	53	D
어묵국물		국 및 탕류	1.1	7	0.5	300	D
어묵국(어묵탕)_고춧가루 제외		국 및 탕류	3.4	25	1.7	320	D
어묵국(어묵탕)_고춧가루		국 및 탕류	4.3	30	1.9	230	D
어묵국(어묵탕)_간편조리세트_프리미엄 이자카야어묵탕	GS 리테일 심플리쿡	국 및 탕류	11	69	3.5	1383	D
어묵국(어묵탕)		국 및 탕류	3.8	31	1.5	350	D
어묵국		국 및 탕류	5.5	43	3.3	210	D
어묵 우동		면 및 만두류	11.2	61	1.9	630	D
어묵 오이무침		생채·무침류	18.2	127	7.7	106	D
어묵 매운탕		찌개 및 전골류	5.9	40	2.8	282	D
어묵 감자볶음		볶음류	23.7	208	8.2	80	D
양파장아찌		장아찌·절임류	16.1	63	0.6	50	D
양파볶음		볶음류	4.7	67	0.9	105	D
양파링튀김		튀김류	43.6	411	3.9	100	D
양파 소고기전		전·적 및 부침류	8.9	155	5	82	D
양태구이		구이류	0.1	107	14	100	D
양장피		생채·무침류	5.3	81	10.7	344	D
양송이버섯볶음_소고기		볶음류	5.2	102	4.7	118	D
양송이 덮밥		밥류	19.6	93	1.9	572	D
양상추 샐러드		생채·무침류	4.7	79	1.7	85	D
양배추오이  샐러드		생채·무침류	8.2	188	1.8	34	D
양배추부추무침		생채·무침류	8	41	2.2	91	D
양배추나물		나물·숙채류	8.7	71	2.2	40	D
양배추김치		김치류	8.3	39	2.2	55	D
양배추 초나물		나물·숙채류	9.4	66	2	113	D
양배추 샐러드		생채·무침류	4.3	99	0.9	122	D
양배추 사과 샐러드		생채·무침류	10.1	136	0.8	55	D
양배추 된장국		국 및 탕류	3.9	34	2.9	184	D
양배추 겉절이		생채·무침류	7.9	46	2	115	D
양미리조림		조림류	5.6	143	18.1	123	D
양념초장		장류, 양념류	21.8	134	10.4	5	D
양념채김치		김치류	7.5	53	3.3	190	D
양념두부		볶음류	3	68	6.2	66	D
양념 오징어젓_낙지		젓갈류	5.3	66	8.2	15	D
양념 오징어젓		젓갈류	15.7	112	5.1	69	D
양념 새우젓		젓갈류	6.8	67	7.3	15	D
양념 바지락젓		젓갈류	2.1	50	5.8	12	D
양념 돼지고기튀김		튀김류	13.9	189	12.9	192	D
양념 도토리묵		생채·무침류	9.9	55	1.1	117	D
약식		빵 및 과자류	45.4	220	4.4	100	D
약과		빵 및 과자류	84.9	399	4.2	30	D
액상커피_커피가루_설탕_크림(중량12g)		음료 및 차류	10.1	51	0.4	100	D
액상커피_커피가루_설탕(중량2.7g)		음료 및 차류	4	17	0.2	100	D
액상커피_커피가루(중량1g)		음료 및 차류	0.7	4	0.2	100	D
애호박찜		찜류	5	41	2	129	D
애호박찌개_두부		찌개 및 전골류	3.8	39	3.7	222	D
애호박찌개_감자		찌개 및 전골류	3.9	38	3.7	305	D
애호박찌개		찌개 및 전골류	3.5	17	0.9	227	D
애호박죽		죽 및 스프류	15	77	1.4	172	D
애호박전		전·적 및 부침류	6.7	122	4.3	70	D
애호박부침개_새우		전·적 및 부침류	16.2	141	6.4	120	D
애호박부침개		전·적 및 부침류	19.4	159	4.6	53	D
애호박볶음		볶음류	5.3	59	1.3	50	D
애호박나물		나물·숙채류	5.5	37	1.3	50	D
애호박 볶음		볶음류	4.2	64	1.1	49	D
애호박 된장국		국 및 탕류	3.2	23	2	320	D
애호박 감자된장국_바지락		국 및 탕류	3.2	23	1.9	222	D
앙금빵_앙버터빵		빵 및 과자류	41.6	372	7	100	D
앙금빵_앙금빵의 정석 메론	커피베이	빵 및 과자류	65	298	6.7	60	D
앙금빵_앙금빵의 정석 망고	커피베이	빵 및 과자류	63.3	298	6.7	60	D
알탕_해물		찌개 및 전골류	2.3	46	6.8	940	D
알탕		찌개 및 전골류	1.7	39	6.4	520	D
알밥_간편조리세트_갑오징어알뚝밥	GS 리테일 심플리쿡	밥류	10.2	124	9.8	355	D
알밥		밥류	16.2	86	2.4	500	D
아이스티_플러스 망고홍차 아이스티	바나프레소	음료 및 차류	8.6	34	0.1	650	D
아이스티_제로슈가 체리 아이스티	바나프레소	음료 및 차류	0	2	0	650	D
아이스티_제로슈가 복숭아 아이스티	바나프레소	음료 및 차류	0	1	0	650	D
아이스티_제로슈가 레몬아이스티	바나프레소	음료 및 차류	0.1	3	0.1	650	D
아이스티_제로 복숭아 아이스티	메가커피	음료 및 차류	3.2	4	0	710	D
아이스티_왕메가아이스티	메가커피	음료 및 차류	12.3	49	0	960	D
아이스티_빅바나 제로슈가 복숭아 아이스티	바나프레소	음료 및 차류	0	1	0	940	D
아이스티_빅바나 제로슈가 레몬 아이스티	바나프레소	음료 및 차류	0.1	3	0	940	D
아이스티_복숭아아이스티	메가커피	음료 및 차류	10.4	42	0	710	D
아이스티_복숭아숭숭 아이스(ICED) (L)	더리터	음료 및 차류	8.6	38	0	946	D
아이스티_복숭아 아이스티	카페봄봄	음료 및 차류	12.4	51	0.1	100	D
아이스티_망고홍차 아이스티	바나프레소	음료 및 차류	6.2	25	0	650	D
아이스티_NEW복숭아아이스티	바나프레소	음료 및 차류	7.5	31	0	650	D
아이스티_NEW 복숭아 아이스티	바나프레소	음료 및 차류	2.1	9	0	650	D
아이스티		음료 및 차류	11.1	45	0.1	710	D
아이스크림_흑백쿠키의 정석	요거트아이스크림의정석	유제품류 및 빙과류	36.9	239	3	271	D
아이스크림_흑당아츄 아이스크림	스트릿츄러스	유제품류 및 빙과류	37.4	202	2.6	100	D
아이스크림_흑당 아이스크림	스트릿츄러스	유제품류 및 빙과류	34.2	162	1.9	100	D
아이스크림_행운 찰떡의 정석	요거트아이스크림의정석	유제품류 및 빙과류	39.6	200	3.8	240	D
아이스크림_피치 요거트 아이스크림	배스킨라빈스	유제품류 및 빙과류	38.3	192	1.7	115	D
아이스크림_피스타치오아몬드 아이스크림	배스킨라빈스	유제품류 및 빙과류	24.4	263	6.1	115	D
아이스크림_피나콜라다 아이스크림	배스킨라빈스	유제품류 및 빙과류	36.5	173	0.9	115	D
아이스크림_프릳츠 커피 아이스크림	배스킨라빈스	유제품류 및 빙과류	27	227	4.3	115	D
아이스크림_팝핑 스타 라이즈 아이스크림	배스킨라빈스	유제품류 및 빙과류	33	210	1.7	115	D
아이스크림_파핑파핑 바나나 아이스크림	배스킨라빈스	유제품류 및 빙과류	25.2	205	2.6	115	D
아이스크림_트윈베리 아사이볼	요거트아이스크림의정석	유제품류 및 빙과류	33.2	151	2.1	280	D
아이스크림_투둠초콜릿 프레첼 아이스크림	배스킨라빈스	유제품류 및 빙과류	30.4	237	3.5	115	D
아이스크림_쿠키앤크림 아이스크림	배스킨라빈스	유제품류 및 빙과류	21.7	198	4.3	115	D
아이스크림_콘 아이스크림	츄러스1500	유제품류 및 빙과류	49.9	323	5.3	98	D
아이스크림_컬러후레이크 아이스크림	츄러스1500	유제품류 및 빙과류	61.5	398	5.2	96	D
아이스크림_캠핑 앤 스모어 아이스크림	배스킨라빈스	유제품류 및 빙과류	32.2	244	3.5	115	D
아이스크림_카카오맘보 아사이볼	요거트아이스크림의정석	유제품류 및 빙과류	34	182	2.6	303	D
아이스크림_카라멜 아이스크림	츄러스1500	유제품류 및 빙과류	50.4	387	5.5	98	D
아이스크림_춘식이가 반할수박에 아이스크림	배스킨라빈스	유제품류 및 빙과류	33.9	143	0	115	D
아이스크림_초콜릿무스 아이스크림	배스킨라빈스	유제품류 및 빙과류	29.6	277	4.3	115	D
아이스크림_초콜릿 칩 아이스크림	배스킨라빈스	유제품류 및 빙과류	23.5	233	3.5	115	D
아이스크림_초콜릿 아이스크림	배스킨라빈스	유제품류 및 빙과류	27.8	238	4.3	115	D
아이스크림_초코자몽의 정석	요거트아이스크림의정석	유제품류 및 빙과류	27.4	144	1.9	310	D
아이스크림_초코에 반한 오자몽의 정석	요거트아이스크림의정석	유제품류 및 빙과류	27	176	2.5	470	D
아이스크림_초코에 반한 딸기의 정석	요거트아이스크림의정석	유제품류 및 빙과류	25.3	204	3	300	D
아이스크림_초코야 민트해 아이스크림	배스킨라빈스	유제품류 및 빙과류	32.2	283	3.5	115	D
아이스크림_초코아츄 아이스크림	스트릿츄러스	유제품류 및 빙과류	30.3	201	3.6	100	D
아이스크림_초코넛 마카다미아 아이스크림	배스킨라빈스	유제품류 및 빙과류	27.8	235	3.5	115	D
아이스크림_초코나무숲 아이스크림	배스킨라빈스	유제품류 및 빙과류	29.6	252	6.1	115	D
아이스크림_초코 퐁당 쿠키런 아이스크림	배스킨라빈스	유제품류 및 빙과류	31.3	280	3.5	115	D
아이스크림_초코 아이스크림	츄러스1500	유제품류 및 빙과류	53.7	350	7	82	D
아이스크림_초코 아이스크림	스트릿츄러스	유제품류 및 빙과류	24	152	3.2	100	D
아이스크림_초코 아몬드 봉봉 아이스크림	배스킨라빈스	유제품류 및 빙과류	30.4	268	5.2	115	D
아이스크림_체리쥬빌레 아이스크림	배스킨라빈스	유제품류 및 빙과류	27.8	208	2.6	115	D
아이스크림_찰떡이구마 아이스크림	배스킨라빈스	유제품류 및 빙과류	31.3	210	3.5	115	D
아이스크림_쫀떡궁합 아이스크림	배스킨라빈스	유제품류 및 빙과류	29.6	245	4.3	115	D
아이스크림_자몽허니콤보초코링 아사이볼	요거트아이스크림의정석	유제품류 및 빙과류	23.3	131	1.7	300	D
아이스크림_자모카아몬드훠지 아이스크림	배스킨라빈스	유제품류 및 빙과류	29.6	237	4.3	115	D
아이스크림_인절미 아츄	츄러스1500	유제품류 및 빙과류	44.6	298	6.4	305	D
아이스크림_이상한나라의솜사탕 아이스크림	배스킨라빈스	유제품류 및 빙과류	28.7	250	4.3	115	D
아이스크림_월넛 아이스크림	배스킨라빈스	유제품류 및 빙과류	28.7	240	7.8	115	D
아이스크림_요아정 아이스크림	요거트아이스크림의 정석	유제품류 및 빙과류	23.4	123	3.1	150	D
아이스크림_요아정 시그니처 벌집꿀+그래놀라	요거트아이스크림의정석	유제품류 및 빙과류	41.3	206	2.2	230	D
아이스크림_요아정 스쿱볼의 정석	요거트아이스크림의정석	유제품류 및 빙과류	23.2	122	1.8	220	D
아이스크림_요아 팥빙의 정석	요거트아이스크림의정석	유제품류 및 빙과류	47.4	216	3.5	340	D
아이스크림_오자몽의 정석	요거트아이스크림의정석	유제품류 및 빙과류	20.5	98	2.1	380	D
아이스크림_오몽코코 아사이볼	요거트아이스크림의정석	유제품류 및 빙과류	29.1	131	1.7	295	D
아이스크림_오망고볼의 정석	요거트아이스크림의정석	유제품류 및 빙과류	25.7	125	2	350	D
아이스크림_오렌지말차초코링 아사이볼	요거트아이스크림의정석	유제품류 및 빙과류	20.7	129	1.8	285	D
아이스크림_오레오 쿠키 앤 크림치즈 아이스크림	배스킨라빈스	유제품류 및 빙과류	28.7	265	4.3	115	D
아이스크림_오레오 아츄	츄러스1500	유제품류 및 빙과류	55.9	345	5.4	315	D
아이스크림_에스프레소 앤 크림 아이스크림	배스킨라빈스	유제품류 및 빙과류	22.6	178	4.3	115	D
아이스크림_엄마는외계인 아이스크림	배스킨라빈스	유제품류 및 빙과류	28.7	257	4.3	115	D
아이스크림_애플 민트 아이스크림	배스킨라빈스	유제품류 및 빙과류	26.1	164	5.2	115	D
아이스크림_알폰소 망고 아이스크림	배스킨라빈스	유제품류 및 빙과류	29.6	215	2.6	115	D
아이스크림_아포가토	탐앤탐스	유제품류 및 빙과류	8.9	97	1.7	180	D
아이스크림_아츄 아이스크림	스트릿츄러스	유제품류 및 빙과류	27.5	173	3.1	100	D
아이스크림_아이스크림츄러스	츄러스1500	유제품류 및 빙과류	29.5	189	3.7	297	D
아이스크림_아이스크림	스트릿츄러스	유제품류 및 빙과류	20	113	2.5	100	D
아이스크림_아이스 노티드 클래식 바닐라 아이스크림	배스킨라빈스	유제품류 및 빙과류	27.8	196	3.5	115	D
아이스크림_아이스 노티드 우유 생크림 아이스크림	배스킨라빈스	유제품류 및 빙과류	26.1	236	3.5	115	D
아이스크림_아몬드봉봉 아이스크림	배스킨라빈스	유제품류 및 빙과류	32.2	271	4.3	115	D
아이스크림_썬대		유제품류 및 빙과류	30.4	196	3.2	100	D
아이스크림_시카고팝콘 아이스크림	배스킨라빈스	유제품류 및 빙과류	25.2	232	3.5	115	D
아이스크림_슈팅스타 아이스크림	배스킨라빈스	유제품류 및 빙과류	30.4	226	2.6	115	D
아이스크림_수퍼 펭귄 시리얼 아이스크림	배스킨라빈스	유제품류 및 빙과류	28.7	262	3.5	115	D
아이스크림_소프트 아이스크림	츄러스1500	유제품류 및 빙과류	21.6	139	3	210	D
아이스크림_새콤달콤의 정석	요거트아이스크림의정석	유제품류 및 빙과류	21.8	104	1.9	363	D
아이스크림_사랑에 빠진 딸기 아이스크림	배스킨라빈스	유제품류 및 빙과류	28.7	254	3.5	115	D
아이스크림_빠작 바나나 브륄레	요거트아이스크림의정석	유제품류 및 빙과류	28.1	133	1.9	270	D
아이스크림_빠삭말차 초코쉘의 정석	요거트아이스크림의정석	유제품류 및 빙과류	30	249	4.3	210	D
아이스크림_빠삭 두바이 초코쉘	요거트아이스크림의정석	유제품류 및 빙과류	26	237	3.5	200	D
아이스크림_블루베리의 정석	요거트아이스크림의정석	유제품류 및 빙과류	34.6	175	2.1	240	D
아이스크림_블랙 소르베 아이스크림	배스킨라빈스	유제품류 및 빙과류	30.4	122	0	115	D
아이스크림_보늬밤 열린 말차숲의 정석	요거트아이스크림의정석	유제품류 및 빙과류	41.5	216	3.7	325	D
아이스크림_베리베리스트로베리 아이스크림	배스킨라빈스	유제품류 및 빙과류	23.5	198	2.6	115	D
아이스크림_벅스 버니버니 당근당근 아이스크림	배스킨라빈스	유제품류 및 빙과류	27.8	227	3.5	115	D
아이스크림_바람과함께사라지다 아이스크림	배스킨라빈스	유제품류 및 빙과류	29.6	234	3.5	115	D
아이스크림_바닐라아몬드 크런치 아이스크림	배스킨라빈스	유제품류 및 빙과류	27	218	6.1	115	D
아이스크림_바닐라 아이스크림	배스킨라빈스	유제품류 및 빙과류	22.6	214	3.5	115	D
아이스크림_바나나쥬빌레 아이스크림	배스킨라빈스	유제품류 및 빙과류	24.4	217	2.6	115	D
아이스크림_밀크 아이스크림	엔제리너스	유제품류 및 빙과류	17.3	188	4	150	D
아이스크림_민트초콜릿칩 아이스크림	배스킨라빈스	유제품류 및 빙과류	23.5	225	3.5	115	D
아이스크림_민초의 정석	요거트아이스크림의정석	유제품류 및 빙과류	41.7	288	4.1	290	D
아이스크림_무지개요아정	요거트아이스크림의정석	유제품류 및 빙과류	25.3	204	3.1	360	D
아이스크림_멜론의 정석	요거트아이스크림의정석	유제품류 및 빙과류	28.7	145	1.9	310	D
아이스크림_메이플아츄	츄러스1500	유제품류 및 빙과류	51.7	296	4.3	311	D
아이스크림_망고탱고 아이스크림	배스킨라빈스	유제품류 및 빙과류	27	173	2.6	115	D
아이스크림_망고차차 아사이볼	요거트아이스크림의정석	유제품류 및 빙과류	31.6	155	2.1	285	D
아이스크림_망고의 정석	요거트아이스크림의정석	유제품류 및 빙과류	26.2	148	1.9	320	D
아이스크림_말차숲 오렌지의 정석	요거트아이스크림의정석	유제품류 및 빙과류	24.3	139	3	300	D
아이스크림_마시는 요거트	요거트아이스크림의 정석	유제품류 및 빙과류	4	65	3	100	D
아이스크림_마법사의 할로윈 아이스크림	배스킨라빈스	유제품류 및 빙과류	28.7	254	3.5	115	D
아이스크림_레인보우샤베트 아이스크림	배스킨라빈스	유제품류 및 빙과류	28.7	141	2.6	115	D
아이스크림_레드 라즈베리 소르베 아이스크림	배스킨라빈스	유제품류 및 빙과류	32.2	129	0	115	D
아이스크림_러브미 아이스크림	배스킨라빈스	유제품류 및 빙과류	25.2	217	3.5	115	D
아이스크림_라이언망고 마카롱 아이스크림	배스킨라빈스	유제품류 및 빙과류	30.4	195	2.6	115	D
아이스크림_딸기의 정석	요거트아이스크림의정석	유제품류 및 빙과류	24.1	158	3	270	D
아이스크림_디노 젤리 아이스크림	배스킨라빈스	유제품류 및 빙과류	28.7	223	3.5	115	D
아이스크림_데코콘 아이스크림	츄러스1500	유제품류 및 빙과류	49.9	323	5.3	98	D
아이스크림_달콤청포도의 정석	요거트아이스크림의정석	유제품류 및 빙과류	31	147	1.9	310	D
아이스크림_달콤모닝의 정석	요거트아이스크림의정석	유제품류 및 빙과류	43.8	205	2	400	D
아이스크림_달콤멜론볼의 정석	요거트아이스크림의정석	유제품류 및 빙과류	26.9	175	1.8	380	D
아이스크림_달콤과일의 정석	요거트아이스크림의정석	유제품류 및 빙과류	22.6	136	2	500	D
아이스크림_달달자몽의 정석	요거트아이스크림의정석	유제품류 및 빙과류	32.4	159	2.1	340	D
아이스크림_다크 초코 나이트 아이스크림	배스킨라빈스	유제품류 및 빙과류	33.9	302	4.3	115	D
아이스크림_뉴욕치즈케이크아츄	츄러스1500	유제품류 및 빙과류	47.6	382	6.2	317	D
아이스크림_뉴욕치즈 케이크 아이스크림	배스킨라빈스	유제품류 및 빙과류	29.6	257	5.2	115	D
아이스크림_녹차 아이스크림	츄러스1500	유제품류 및 빙과류	51.8	313	4.3	103	D
아이스크림_넛츠리 아사이볼	요거트아이스크림의정석	유제품류 및 빙과류	25.1	179	3.2	315	D
아이스크림_그린티 아이스크림	배스킨라빈스	유제품류 및 빙과류	23.5	213	4.3	115	D
아이스크림_그릭통통 복숭아	요거트아이스크림의정석	유제품류 및 빙과류	16.4	117	2.8	390	D
아이스크림_그릭요거트	요거트아이스크림의 정석	유제품류 및 빙과류	7.5	135	6.7	100	D
아이스크림_그레이프베리 아사이볼	요거트아이스크림의정석	유제품류 및 빙과류	33.8	152	1.7	290	D
아이스크림_구름 속 시나모롤 아이스크림	배스킨라빈스	유제품류 및 빙과류	31.3	233	3.5	115	D
아이스크림_골드과일의 정석	요거트아이스크림의정석	유제품류 및 빙과류	21.6	130	2.2	403	D
아이스크림_31요거트 아이스크림	배스킨라빈스	유제품류 및 빙과류	27	172	4.3	115	D
아이스크림_31 올스타 아이스크림	배스킨라빈스	유제품류 및 빙과류	30.4	253	3.5	115	D
아이스 카페모카_휘핑크림		음료 및 차류	10.2	89	1.8	355	D
아이스 카페모카_카라멜_휘핑크림		음료 및 차류	14.2	104	1.8	355	D
아이스 카페모카_카라멜		음료 및 차류	13.7	73	1.6	355	D
아이스 카페모카		음료 및 차류	9.7	58	1.6	355	D
아이스 카페라떼_카라멜		음료 및 차류	9.3	55	1.4	355	D
아이스 카페라떼_시럽		음료 및 차류	6.7	46	1.4	355	D
아이스 카페라떼		음료 및 차류	3	31	1.4	355	D
아욱 된장국_건새우		국 및 탕류	2.8	19	1.7	188	D
아욱 된장국		국 및 탕류	2.5	16	1.2	230	D
아귀찜_간편조리세트_쫀득쫀득아귀찜	GS 리테일 심플리쿡	찜류	6.4	77	6.7	100	D
아귀찜		찜류	2.2	30	4.1	300	D
아귀지리		찌개 및 전골류	0.9	21	4	540	D
아귀 매운탕		찌개 및 전골류	3.6	37	4.6	333	D
아구탕		국 및 탕류	2.1	41	6.3	600	D
씀바귀나물무침		나물·숙채류	16.6	97	3.9	90	D
씀바귀나물		나물·숙채류	6.5	38	1.5	60	D
쑥튀김		튀김류	19.9	234	6.6	60	D
쑥전(부침개)		구이류	13.4	127	4.8	96	D
쑥떡		빵 및 과자류	57.9	249	3.4	100	D
쑥갓오이무침		생채·무침류	5.6	37	1.9	126	D
쑥갓무침		생채·무침류	4	40	2.5	34	D
쑥갓나물무침		생채·무침류	4.4	64	3	150	D
쑥갓나물_소금		나물·숙채류	3.3	26	1.8	70	D
쑥갓나물_모듬채소		나물·숙채류	2.1	25	2.1	50	D
쑥갓나물_두부		나물·숙채류	2.2	33	3.1	50	D
쑥갓나물_고춧가루		나물·숙채류	4.4	45	2.7	45	D
쑥갓나물		나물·숙채류	1.9	19	1.3	50	D
쑥 된장국		국 및 탕류	2.8	25	2.2	208	D
쌍화차_대추쌍화차 핫(HOT)	바나프레소	음료 및 차류	12.9	51	0	500	D
쌍화차_대추쌍화차 아이스(ICED)	바나프레소	음료 및 차류	9.9	40	0	650	D
쌈장		장류, 양념류	20.1	142	6.5	22	D
쌀죽(흰죽)_칠분도미		죽 및 스프류	15.6	68	1.1	100	D
쌀죽(흰죽)_오대		죽 및 스프류	11.2	52	1	100	D
쌀죽(흰죽)_신동진		죽 및 스프류	11.4	53	1	100	D
쌀죽(흰죽)_새일미		죽 및 스프류	11.7	55	1.1	100	D
쌀죽(흰죽)_삼광		죽 및 스프류	11.5	53	0.9	100	D
쌀죽(흰죽)		죽 및 스프류	11.4	53	1	100	D
쌀밥		밥류	25.8	120	2.2	250	D
쌀국수		면 및 만두류	12.7	66	2.2	560	D
식혜_얼음동동 식혜	바나프레소	음료 및 차류	10.8	44	0.1	650	D
식혜_식혜 아이스(ICED) (L)	더리터	음료 및 차류	11.4	46	0.1	1000	D
식혜_빅바나 얼음동동 식혜	바나프레소	음료 및 차류	11.7	47	0.1	940	D
식혜_단호박 식혜	카페봄봄	음료 및 차류	11.7	48	0.2	100	D
식혜		음료 및 차류	16.2	87	1.5	150	D
식빵튀김		튀김류	37	262	6	42	D
식빵_통밀식빵		빵 및 과자류	48.6	279	9.3	100	D
식빵_통밀 씨드 식빵	롤링핀	빵 및 과자류	41.5	336	12.1	280	D
식빵_크랜베리캄파뉴 식빵	롤링핀	빵 및 과자류	47.7	271	7.1	300	D
식빵_카야넛 쌀식빵	롤링핀	빵 및 과자류	49.5	333	10.2	210	D
식빵_촉촉함을 담은 쫄깃한 식빵	파리바게뜨	빵 및 과자류	47	280	9	430	D
식빵_인생 식빵	롤링핀	빵 및 과자류	48.8	269	9.4	160	D
식빵_오렌지 크림치즈롤	롤링핀	빵 및 과자류	38.5	303	6.7	110	D
식빵_시나몬모닝토스트	파리바게뜨	빵 및 과자류	50	385	7	405	D
식빵_스윗 밀크 브레드	롤링핀	빵 및 과자류	48	351	8.6	170	D
식빵_소화가 잘되는 식빵	롤링핀	빵 및 과자류	47.9	311	9.1	470	D
식빵_블랙올리브탕종식빵	파리바게뜨	빵 및 과자류	43.6	258	7.1	211	D
식빵_버터버터 뜯어먹는 식빵	메가커피	빵 및 과자류	28.3	358	6.7	60	D
식빵_무화과깜빠뉴 식빵	롤링핀	빵 및 과자류	54.2	253	6.5	370	D
식빵_모카크림식빵 (H)	파리바게뜨	빵 및 과자류	47.3	393	6	150	D
식빵_모카크림식빵	파리바게뜨	빵 및 과자류	47	395	6	300	D
식빵_뜯어먹는롤치즈브레드 (H)	파리바게뜨	빵 및 과자류	36.7	287	9.1	275	D
식빵_뜯어먹는롤치즈브레드	파리바게뜨	빵 및 과자류	36.7	286	8.9	550	D
식빵_담백하고 쫄깃한 뜯어먹는 식빵 (H)	파리바게뜨	빵 및 과자류	44	265	7	218	D
식빵_담백하고 쫄깃한 뜯어먹는 식빵	파리바게뜨	빵 및 과자류	44	265	7	435	D
식빵_달콤향긋한시나몬식빵	파리바게뜨	빵 및 과자류	53	362	6	134	D
식빵_고소한 소보루데니쉬식빵 (H)	파리바게뜨	빵 및 과자류	51.9	353	7.5	160	D
식빵_고소한 소보루데니쉬식빵	파리바게뜨	빵 및 과자류	52.2	352	7.2	320	D
식빵_고구마슈크림식빵	파리바게뜨	빵 및 과자류	36.1	222	5.4	277	D
식빵_NEW 모닝토스트	파리바게뜨	빵 및 과자류	48	370	8	405	D
식빵		빵 및 과자류	50.9	264	9.3	100	D
시리얼_우유		빵 및 과자류	13.2	85	2.9	190	D
시루떡_녹두		빵 및 과자류	48.1	246	7.7	100	D
시루떡		빵 및 과자류	48.1	224	3.8	100	D
시래기나물무침		나물·숙채류	7.7	114	4.3	50	D
시래기나물_간장_소금		나물·숙채류	2.6	30	0.9	75	D
시래기나물		나물·숙채류	10.6	60	2.1	100	D
시래기 된장국		국 및 탕류	2.3	17	1.1	300	D
시금치나물_소금		나물·숙채류	5.3	49	3.8	70	D
시금치나물_당근		나물·숙채류	2.8	23	1.6	50	D
시금치나물_고추장		나물·숙채류	5.8	35	1.7	50	D
시금치나물_간장_소금		나물·숙채류	3.1	27	1.6	60	D
시금치나물_간장		나물·숙채류	5.7	41	3	55	D
시금치나물		나물·숙채류	3	27	1.6	60	D
시금치 된장국		국 및 탕류	2.4	15	1.1	270	D
시금치 겉절이		생채·무침류	6.3	54	3	81	D
스프_크림		죽 및 스프류	7	45	0.6	100	D
스프_옥수수		죽 및 스프류	7.3	46	0.8	100	D
스프_양송이버섯		죽 및 스프류	8.1	105	2.4	100	D
스프_소고기		죽 및 스프류	6.9	40	1.1	100	D
스프_감자		죽 및 스프류	7.9	98	1.9	100	D
스파게티_해물_토마토소스		면 및 만두류	17.4	117	5.6	500	D
스파게티_해물_크림소스		면 및 만두류	17.4	184	6.1	500	D
스파게티_토마토소스		면 및 만두류	18.6	129	4.9	500	D
스파게티_크림소스		면 및 만두류	18.4	209	5.5	400	D
스파게티_치즈오븐토마토파스타	노모어피자	면 및 만두류	22.1	273	16.9	491	D
스파게티_치즈오븐쉬림프로제파스타	노모어피자	면 및 만두류	23.6	207	6.2	461	D
스파게티_치즈오븐베이컨에멘탈크림	노모어피자	면 및 만두류	31.4	260	7.9	471	D
스파게티_치즈오븐마라로제파스타	노모어피자	면 및 만두류	26.6	214	7.5	467	D
스파게티_옥수수바질치즈크림뇨끼	노모어피자	면 및 만두류	22.1	273	16.9	318	D
스파게티_오일소스		면 및 만두류	22.4	162	4.9	400	D
스파게티_쉬림프 로제 파스타	탐앤탐스	면 및 만두류	29.6	247	6.1	297	D
스파게티_베이컨 크림 파스타	탐앤탐스	면 및 만두류	29	231	5.4	297	D
스파게티_미트소스		면 및 만두류	18.6	108	4.3	350	D
스파게티_미트볼		면 및 만두류	17.6	180	7.3	500	D
스파게티_미트 토마토 파스타	탐앤탐스	면 및 만두류	30.2	185	3.1	288	D
스파게티_로제소스		면 및 만두류	17.3	171	5.2	100	D
스파게티_뇨끼	롤링핀	면 및 만두류	18.8	172	4.7	550	D
스파게티_까르보나라소스		면 및 만두류	19.6	235	5.7	100	D
스파게티_간편조리세트_해장파스타	GS 리테일 심플리쿡	면 및 만두류	15.8	98	4.1	769	D
스파게티_간편조리세트_핫매콤크림파스타	GS 리테일 심플리쿡	면 및 만두류	22.2	179	5.1	854	D
스파게티_간편조리세트_할라피뇨베이컨파스타	GS 리테일 심플리쿡	면 및 만두류	19.3	200	4.6	851	D
스파게티_간편조리세트_트러플 크림 파스타	프레시지	면 및 만두류	16.9	152	4.3	653	D
스파게티_간편조리세트_톡톡크림 빠네 파스타	GS 리테일 심플리쿡	면 및 만두류	13.4	233	6	943	D
스파게티_간편조리세트_오마이갓파스타	GS 리테일 심플리쿡	면 및 만두류	18.4	161	5.9	822	D
스파게티_간편조리세트_에그인헬파스타	GS 리테일 심플리쿡	면 및 만두류	15.2	128	5.3	964	D
스파게티_간편조리세트_알리오올리오파스타	HY 잇츠온	면 및 만두류	26.7	313	6.5	406	D
스파게티_간편조리세트_쉬림프 크림파스타	HY 잇츠온	면 및 만두류	13.1	226	4.8	790	D
스파게티_간편조리세트_쉬림프 로제파스타	프레시지	면 및 만두류	19.7	172	4.9	593	D
스파게티_간편조리세트_쉬림프 로제파스타	HY 잇츠온	면 및 만두류	14.8	144	4.2	901	D
스파게티_간편조리세트_볼로네제라구파스타	프레시지	면 및 만두류	16.9	179	8.1	757	D
스파게티_간편조리세트_베이컨까르보나라	GS 리테일 심플리쿡	면 및 만두류	18.3	159	4	915	D
스파게티_간편조리세트_바질크림 빠네 파스타	프레시지	면 및 만두류	27.3	215	5.4	776	D
스파게티_간편조리세트_감바스알리오올리오	프레시지	면 및 만두류	21.3	171	4.8	680	D
스파게티		면 및 만두류	26.2	163	5.4	395	D
스테이크_소안심		구이류	0.1	183	34.8	200	D
스테이크_소등심		구이류	0.1	194	30.2	200	D
스테이크_간편조리세트_프라임스테이크 부채살	HY 잇츠온	구이류	5.6	186	10.8	633	D
스테이크_간편조리세트_파빌리온 양갈비 스테이크	프레시지	구이류	13.1	151	9.5	555	D
스테이크_간편조리세트_시그니처찹스테이크	GS 리테일 심플리쿡	구이류	7.9	130	10.5	502	D
스테이크_간편조리세트_시그니처 스테이크 부채살	GS 리테일 심플리쿡	구이류	7.5	140	11.4	429	D
스테이크_간편조리세트_비프찹스테이크	HY 잇츠온	구이류	7.2	147	7.8	538	D
스테이크_간편조리세트_블랙라벨 스테이크 부채살	프레시지	구이류	5.7	155	13.1	496	D
스테이크_간편조리세트_부채살 찹스테이크	CJ 쿡킷	구이류	5.9	176	11.1	435	D
스테이크_간편조리세트_뉴욕스테이크&크림뇨끼	GS 리테일 심플리쿡	구이류	15.4	176	8.7	445	D
스테이크_간편조리세트_그레이프 소스 스테이크	프레시지	구이류	8.5	153	11.1	477	D
스크램블드에그		전·적 및 부침류	0.8	164	12.7	100	D
스콘_치즈 넛츠 스콘	커피빈	빵 및 과자류	51.1	480	11.1	90	D
스콘_제주봄빛말차 스콘	롤링핀	빵 및 과자류	48	441	6.7	90	D
스콘_블루베리 스콘	롤링핀	빵 및 과자류	47.6	412	4.9	90	D
스콘_버터버터 소보로 스콘	메가커피	빵 및 과자류	62.1	380	7.4	95	D
스콘_리얼초코 스콘	롤링핀	빵 및 과자류	48	446	6.5	80	D
스콘_라즈베리 스콘	롤링핀	빵 및 과자류	45.8	408	5.1	90	D
스콘_고메버터 스콘	롤링핀	빵 및 과자류	46.3	428	5.4	80	D
스무디_허니 월넛치노	탐앤탐스	음료 및 차류	24.5	147	3.8	470	D
스무디_한라봉 스노우	엔제리너스	음료 및 차류	18	79	0.2	500	D
스무디_하츄핑 딸기 밀크 쉐이크	메가커피	음료 및 차류	14.2	87	1	591	D
스무디_피스타치오 프라페 (ML)	더리터	음료 및 차류	13.8	88	1.1	710	D
스무디_피스타치오 프라페 (L)	더리터	음료 및 차류	13.1	81	1.1	1000	D
스무디_피스타치오 코코 스무디	바나프레소	음료 및 차류	18	99	1.3	650	D
스무디_플레인요거트스무디	컴포즈커피	음료 및 차류	14	75	1	591	D
스무디_플레인요거트 스무디	바나프레소	음료 및 차류	16.5	92	2.1	650	D
스무디_플레인 퐁크러쉬	메가커피	음료 및 차류	14.4	79	1.8	591	D
스무디_플레인 요거트 코코 스무디	바나프레소	음료 및 차류	18.3	101	2.3	650	D
스무디_플레인 요거트 스무디	메가커피	음료 및 차류	18.4	87	1.3	591	D
스무디_플레인 요거트 스무디	탐앤탐스	음료 및 차류	17.1	86	1.7	410	D
스무디_플레인 요거트 드링크	바나프레소	음료 및 차류	7.6	56	1.7	650	D
스무디_플레인 요거스 아이스(ICED) (ML)	더리터	음료 및 차류	12	62	1	710	D
스무디_플레인 요거스 아이스(ICED) (L)	더리터	음료 및 차류	11.6	61	0.9	946	D
스무디_플레인 요거스 (ML)	더리터	음료 및 차류	11.8	62	1	710	D
스무디_플레인 요거스 (L)	더리터	음료 및 차류	10.5	56	0.9	1000	D
스무디_플레인 밀크쉐이크	컴포즈커피	음료 및 차류	11.6	95	1	591	D
스무디_폭탄 프라페	카페봄봄	음료 및 차류	14	110	1.1	100	D
스무디_쿠키초코프라페	컴포즈커피	음료 및 차류	11	87	1.3	591	D
스무디_쿠키앤크림 탐앤치노	탐앤탐스	음료 및 차류	15.7	83	1.3	470	D
스무디_쿠키&크림 스노우	엔제리너스	음료 및 차류	20.7	111	1.7	531	D
스무디_쿠키 프라페	메가커피	음료 및 차류	19.5	123	1.8	591	D
스무디_쿠키 밀크쉐이크	컴포즈커피	음료 및 차류	15.7	114	1.1	591	D
스무디_쿠앤크바나치노	바나프레소	음료 및 차류	15.4	141	1.2	650	D
스무디_쿠앤크 프라페 (ML)	더리터	음료 및 차류	12.2	95	1.8	710	D
스무디_쿠앤크 프라페 (L)	더리터	음료 및 차류	11.5	87	1.7	1000	D
스무디_쿠앤크 바나치노	바나프레소	음료 및 차류	15.4	141	1.1	650	D
스무디_쿠앤크 리터치노 아이스(ICED) (ML)	더리터	음료 및 차류	14.4	94	1.3	710	D
스무디_쿠앤크 리터치노 아이스(ICED) (L)	더리터	음료 및 차류	14.8	98	1.3	946	D
스무디_콜라겐 요거트스무디	탐앤탐스	음료 및 차류	16.2	85	1.9	470	D
스무디_코코넛커피 프라페 (ML)	더리터	음료 및 차류	8	80	1.3	710	D
스무디_코코넛커피 프라페 (L)	더리터	음료 및 차류	7.8	77	1.2	1000	D
스무디_코코넛커피 스무디	메가커피	음료 및 차류	16.4	126	1.6	591	D
스무디_커피 프라페	메가커피	음료 및 차류	11.4	71	1.1	591	D
스무디_커피 쉐이크 (ML)	더리터	음료 및 차류	10.6	75	1.3	710	D
스무디_커피 쉐이크 (L)	더리터	음료 및 차류	10	74	1.2	946	D
스무디_커피 밀크쉐이크	컴포즈커피	음료 및 차류	12.5	96	1	591	D
스무디_캔디소다 밀크쉐이크	컴포즈커피	음료 및 차류	13.5	99	0.9	591	D
스무디_카페 코코다	엔제리너스	음료 및 차류	10.4	71	0.7	462	D
스무디_초코허니 퐁크러쉬	메가커피	음료 및 차류	18.5	101	2	591	D
스무디_초코 프라페 (ML)	더리터	음료 및 차류	13.4	91	1.4	710	D
스무디_초코 프라페 (L)	더리터	음료 및 차류	12.4	81	1.3	1000	D
스무디_초코 쉐이크	바나프레소	음료 및 차류	16.5	87	2.8	650	D
스무디_초코 눈송이 피스타치오 프라페	메가커피	음료 및 차류	14.4	88	1.9	591	D
스무디_제주청귤레몬 스무디	바나프레소	음료 및 차류	13.9	57	0.1	650	D
스무디_자바칩바나치노	바나프레소	음료 및 차류	17.6	116	2.3	650	D
스무디_자바칩 탐앤치노	탐앤탐스	음료 및 차류	18.5	114	1.5	410	D
스무디_자바칩 바나치노	바나프레소	음료 및 차류	17.6	116	1.8	650	D
스무디_자바 초코렛 칩 스노우	엔제리너스	음료 및 차류	19.6	97	1.5	545	D
스무디_자바 리터치노 아이스(ICED) (ML)	더리터	음료 및 차류	11.3	76	1.4	710	D
스무디_자바 리터치노 아이스(ICED) (L)	더리터	음료 및 차류	12.8	85	1.4	946	D
스무디_유자스무디	컴포즈커피	음료 및 차류	11.3	45	0	591	D
스무디_유자스무디	카페봄봄	음료 및 차류	16.5	78	1.2	100	D
스무디_유자 요거스 아이스(ICED) (ML)	더리터	음료 및 차류	16.2	80	1	710	D
스무디_유자 요거스 아이스(ICED) (L)	더리터	음료 및 차류	15.9	78	0.9	946	D
스무디_유니콘 프라페	메가커피	음료 및 차류	13.9	81	1.1	591	D
스무디_월넛 탐앤치노	탐앤탐스	음료 및 차류	22.4	134	3.2	410	D
스무디_요거트 스노우	엔제리너스	음료 및 차류	18	84	1.1	472	D
스무디_옥수수 바나치노	바나프레소	음료 및 차류	15	109	0.9	650	D
스무디_엑스트라 자바칩 탐앤치노	탐앤탐스	음료 및 차류	20.6	121	1.5	470	D
스무디_얼음수박	카페봄봄	음료 및 차류	7.9	34	0.5	100	D
스무디_어른커피 쉐이크	카페봄봄	음료 및 차류	14.4	78	0.1	100	D
스무디_애플망고 요거스 (ML)	더리터	음료 및 차류	14.1	72	1	710	D
스무디_애플망고 요거스 (L)	더리터	음료 및 차류	12.4	64	0.9	1000	D
스무디_아임파인	카페봄봄	음료 및 차류	12.4	51	0.5	100	D
스무디_씨솔트 카라멜 블렌디드	더리터	음료 및 차류	13.9	93	0.8	710	D
스무디_시나몬 진저 블렌디드	더리터	음료 및 차류	12	85	1.3	710	D
스무디_스트로베리 치즈홀릭	메가커피	음료 및 차류	15.8	96	1.3	591	D
스무디_수박 슬러피 아이스(ICED) (ML)	더리터	음료 및 차류	21	88	0.1	710	D
스무디_수박 슬러피 아이스(ICED) (L)	더리터	음료 및 차류	23.8	98	0.1	946	D
스무디_소다 프라페 (ML)	더리터	음료 및 차류	12.2	61	0.8	710	D
스무디_소다 프라페 (L)	더리터	음료 및 차류	11.9	59	0.7	1000	D
스무디_소다 쉐이크 (ML)	더리터	음료 및 차류	12.4	65	0.8	710	D
스무디_소다 쉐이크 (L)	더리터	음료 및 차류	11.7	65	0.7	946	D
스무디_석류 콜라겐 요거트스무디	탐앤탐스	음료 및 차류	16.8	84	1.5	470	D
스무디_샤인머스캣 요거트 스노우	엔제리너스	음료 및 차류	16.7	80	1.2	430	D
스무디_살구 요거스 (ML)	더리터	음료 및 차류	14.4	73	1	710	D
스무디_살구 요거스 (L)	더리터	음료 및 차류	12.6	65	0.9	1000	D
스무디_빤짝핑 망고 밀크 쉐이크	메가커피	음료 및 차류	7.6	55	0.8	591	D
스무디_블루베리요거트스무디	컴포즈커피	음료 및 차류	14.9	76	0.9	591	D
스무디_블루베리스무디	컴포즈커피	음료 및 차류	19.1	89	0.7	591	D
스무디_블루베리 요거트 스무디	탐앤탐스	음료 및 차류	14.4	64	0.5	410	D
스무디_블루베리 요거스 아이스(ICED) (ML)	더리터	음료 및 차류	14.4	72	1	710	D
스무디_블루베리 요거스 아이스(ICED) (L)	더리터	음료 및 차류	13.7	69	0.9	946	D
스무디_블루베리 요거스 (ML)	더리터	음료 및 차류	13.9	70	1	710	D
스무디_블루베리 요거스 (L)	더리터	음료 및 차류	12.2	63	0.9	1000	D
스무디_블루베리 스노우	엔제리너스	음료 및 차류	13	65	1	484	D
스무디_복숭아 요거트 드링크	바나프레소	음료 및 차류	10.6	67	1.6	650	D
스무디_복숭아 요거스 아이스(ICED) (ML)	더리터	음료 및 차류	14.2	71	1	710	D
스무디_복숭아 요거스 아이스(ICED) (L)	더리터	음료 및 차류	13.5	69	0.9	946	D
스무디_배 슬러피 아이스(ICED) (ML)	더리터	음료 및 차류	14.2	64	0	710	D
스무디_배 슬러피 아이스(ICED) (L)	더리터	음료 및 차류	17.9	78	0	946	D
스무디_밤 카라멜 리터치노 아이스(ICED) (ML)	더리터	음료 및 차류	14.1	92	1.3	710	D
스무디_밤 카라멜 리터치노 아이스(ICED) (L)	더리터	음료 및 차류	13.6	89	1.3	946	D
스무디_바닐라빈 프라페 (ML)	더리터	음료 및 차류	12.2	82	1.1	710	D
스무디_바닐라빈 프라페 (L)	더리터	음료 및 차류	11.6	74	1.1	1000	D
스무디_바닐라 탐앤치노	탐앤탐스	음료 및 차류	15.4	87	1	410	D
스무디_바닐라 쉐이크	바나프레소	음료 및 차류	13.9	88	2.3	650	D
스무디_바나나 퐁크러쉬	메가커피	음료 및 차류	20.6	100	1.8	591	D
스무디_밀크 프라페 (ML)	더리터	음료 및 차류	10.4	67	1	710	D
스무디_밀크 프라페 (L)	더리터	음료 및 차류	10.1	65	1	1000	D
스무디_밀크 쉐이크 (ML)	더리터	음료 및 차류	10.6	77	1	710	D
스무디_밀크 쉐이크 (L)	더리터	음료 및 차류	9.9	75	0.9	946	D
스무디_밀크 쉐이크	카페봄봄	음료 및 차류	11.3	83	1.8	100	D
스무디_민트초코오레오프라페	컴포즈커피	음료 및 차류	11.3	93	1.1	591	D
스무디_민트초코 프라페 (ML)	더리터	음료 및 차류	12.5	89	1.1	710	D
스무디_민트초코 프라페 (L)	더리터	음료 및 차류	11.7	80	1	1000	D
스무디_민트초코 스노우	엔제리너스	음료 및 차류	17.6	97	0.9	527	D
스무디_민트 프라페	카페봄봄	음료 및 차류	11	91	1	100	D
스무디_민트 프라페	메가커피	음료 및 차류	17.9	105	1	591	D
스무디_무안 군고구마 프라페 (ML)	더리터	음료 및 차류	11.1	56	1	710	D
스무디_무안 군고구마 프라페 (L)	더리터	음료 및 차류	10.8	54	1	1000	D
스무디_모카자바칩프라페	컴포즈커피	음료 및 차류	12.5	94	1.1	591	D
스무디_모카 프라페	카페봄봄	음료 및 차류	12.1	97	1.5	100	D
스무디_멜론 쉐이크 (ML)	더리터	음료 및 차류	11.4	66	1.1	710	D
스무디_멜론 쉐이크 (L)	더리터	음료 및 차류	10.9	66	1.1	946	D
스무디_메론 쉐이크	카페봄봄	음료 및 차류	10.8	64	1.5	100	D
스무디_망고요거트스무디	컴포즈커피	음료 및 차류	14.7	79	0.9	591	D
스무디_망고요거트 스무디	바나프레소	음료 및 차류	19.9	101	1.5	650	D
스무디_망고스무디	컴포즈커피	음료 및 차류	20.1	92	0.7	591	D
스무디_망고 요거트 스무디	메가커피	음료 및 차류	12.5	62	1	591	D
스무디_망고 요거트 스무디	탐앤탐스	음료 및 차류	17.8	73	0.5	410	D
스무디_망고 요거스 아이스(ICED) (ML)	더리터	음료 및 차류	14.7	73	1	710	D
스무디_망고 요거스 아이스(ICED) (L)	더리터	음료 및 차류	13.9	70	0.9	946	D
스무디_망고 스무디	카페봄봄	음료 및 차류	12.2	58	0.8	100	D
스무디_망고 스무디	탐앤탐스	음료 및 차류	16.8	69	0.2	410	D
스무디_망고 스무디	바나프레소	음료 및 차류	13.7	54	0.2	650	D
스무디_망고 스노우	엔제리너스	음료 및 차류	17.4	71	0	500	D
스무디_말차 프라페 (ML)	더리터	음료 및 차류	12.5	81	1.6	710	D
스무디_말차 프라페 (L)	더리터	음료 및 차류	11.8	73	1.4	1000	D
스무디_리얼초코자바칩프라페	컴포즈커피	음료 및 차류	12.4	97	1.3	591	D
스무디_리얼초코 프라페	메가커피	음료 및 차류	19.6	111	1.3	591	D
스무디_리얼 초코 블렌디드	더리터	음료 및 차류	12.1	78	1.3	710	D
스무디_로투스 비스코프 스노우	엔제리너스	음료 및 차류	18.2	116	1.7	534	D
스무디_레트로커피 프라페 (ML)	더리터	음료 및 차류	10.4	66	1.3	710	D
스무디_레트로커피 프라페 (L)	더리터	음료 및 차류	10.2	64	1.2	1000	D
스무디_레몬요거트 스무디	바나프레소	음료 및 차류	14.3	78	1.5	650	D
스무디_레몬 요거트 스무디	바나프레소	음료 및 차류	14.3	78	1.5	650	D
스무디_레몬 딸기 스무디	바나프레소	음료 및 차류	11.6	46	0.1	650	D
스무디_딸기쿠키 프라페	카페봄봄	음료 및 차류	28.9	171	1.7	100	D
스무디_딸기쿠키 프라페	메가커피	음료 및 차류	16.2	97	1.2	591	D
스무디_딸기치즈 프라페	카페봄봄	음료 및 차류	15.2	116	1.5	100	D
스무디_딸기요거트스무디	컴포즈커피	음료 및 차류	14.6	75	0.9	591	D
스무디_딸기스무디	바나프레소	음료 및 차류	18.2	88	0.9	650	D
스무디_딸기스무디	컴포즈커피	음료 및 차류	22	101	0.7	591	D
스무디_딸기복숭아 스무디	바나프레소	음료 및 차류	8.3	34	0.1	650	D
스무디_딸기 퐁크러쉬	메가커피	음료 및 차류	16.4	91	1.8	591	D
스무디_딸기 코코 스무디	바나프레소	음료 및 차류	19.3	98	2.2	650	D
스무디_딸기 요거트 스무디	탐앤탐스	음료 및 차류	13.9	59	0.5	410	D
스무디_딸기 요거트 스무디	메가커피	음료 및 차류	13.7	66	1	591	D
스무디_딸기 요거트 드링크	바나프레소	음료 및 차류	10	63	1.5	650	D
스무디_딸기 요거스 아이스(ICED) (ML)	더리터	음료 및 차류	14.2	71	1	710	D
스무디_딸기 요거스 아이스(ICED) (L)	더리터	음료 및 차류	13.5	69	0.9	946	D
스무디_딸기 요거스 (ML)	더리터	음료 및 차류	14.1	71	1	710	D
스무디_딸기 요거스 (L)	더리터	음료 및 차류	12.4	64	0.9	1000	D
스무디_딸기 스무디	바나프레소	음료 및 차류	18.2	88	0.9	650	D
스무디_딸기 스무디	탐앤탐스	음료 및 차류	10.2	43	0.2	410	D
스무디_딸기 스무디	카페봄봄	음료 및 차류	12.2	65	0.7	100	D
스무디_딸기 스노우	엔제리너스	음료 및 차류	15.2	62	0.2	460	D
스무디_딸기 복숭아 스무디	바나프레소	음료 및 차류	8.9	35	0	650	D
스무디_더블초코 리터치노 아이스(ICED) (ML)	더리터	음료 및 차류	10.8	68	1	710	D
스무디_더블초코 리터치노 아이스(ICED) (L)	더리터	음료 및 차류	13	80	1.1	946	D
스무디_더블자바칩 프라페 (ML)	더리터	음료 및 차류	12.2	95	1.8	710	D
스무디_더블자바칩 프라페 (L)	더리터	음료 및 차류	11.5	87	1.7	1000	D
스무디_녹차바나치노	바나프레소	음료 및 차류	16.3	89	1.5	650	D
스무디_녹차 프라페	메가커피	음료 및 차류	17.9	99	0.9	591	D
스무디_녹차 프라페	카페봄봄	음료 및 차류	12.3	71	1.6	100	D
스무디_녹차 바나치노	바나프레소	음료 및 차류	16.3	89	1.5	650	D
스무디_녹차 리터치노 아이스(ICED) (ML)	더리터	음료 및 차류	14.9	83	1.3	710	D
스무디_녹차 리터치노 아이스(ICED) (L)	더리터	음료 및 차류	14.9	84	1.2	946	D
스무디_그린티프라페	컴포즈커피	음료 및 차류	16.3	88	1.1	591	D
스무디_그린티 탐앤치노	탐앤탐스	음료 및 차류	15.8	87	1	410	D
스무디_그린티 초코칩 탐앤치노	탐앤탐스	음료 및 차류	17.4	94	1.5	470	D
스무디_그린티 스노우	엔제리너스	음료 및 차류	17.5	97	1.4	497	D
스무디_그린민트 초코 탐앤치노	탐앤탐스	음료 및 차류	19.8	119	1.2	410	D
스무디_골드망고 스무디	메가커피	음료 및 차류	8.6	35	0.1	591	D
스무디_곡성 멜론 스무디	탐앤탐스	음료 및 차류	17.2	80	0.8	470	D
숭어 매운탕		찌개 및 전골류	4.1	51	6.8	276	D
순두부찌개_해물		찌개 및 전골류	1.4	29	4.1	190	D
순두부찌개_배추김치_돼지고기		찌개 및 전골류	1.6	29	3.5	190	D
순두부찌개_모듬		찌개 및 전골류	1.4	25	3	150	D
순두부찌개_김치		찌개 및 전골류	2.2	35	3	200	D
순두부찌개_간편조리세트_해물짬뽕순두부	GS 리테일 심플리쿡	찌개 및 전골류	3.5	53	3.3	100	D
순두부찌개_간편조리세트_짬뽕순두부찌개	프레시지	찌개 및 전골류	3.2	51	3.8	1359	D
순두부찌개_간편조리세트_우삼겹 순두부찌개	HY 잇츠온	찌개 및 전골류	2.4	43	3.5	100	D
순두부찌개_간편조리세트_우삼겹 순두부찌개	프레시지	찌개 및 전골류	3.1	47	3.8	881	D
순두부찌개_간편조리세트_강릉식 짬뽕 순두부	신세계푸드 피코크	찌개 및 전골류	2.8	42	3.8	912	D
순대전골		찌개 및 전골류	6.3	76	5.6	450	D
순대볶음_채소		볶음류	17.3	99	2	300	D
순대볶음_백순대		볶음류	22.4	196	3.6	100	D
순대볶음_떡		볶음류	13.3	92	2.7	350	D
순대볶음_곱창		볶음류	13.2	115	5.5	625	D
순대볶음_간편조리세트_신림동 백순대볶음	HY 잇츠온	볶음류	21.1	210	4.6	813	D
순대볶음_간편조리세트_신림동 백순대볶음	프레시지	볶음류	23.4	150	2.9	532	D
순대볶음_간편조리세트_매콤 깻잎 순대볶음	프레시지	볶음류	22.5	166	2.9	579	D
순대볶음		볶음류	12.3	101	3.2	220	D
순대국_간편조리세트_얼큰순대국	일품양평해장국	국 및 탕류	0	9	1.7	100	D
순대국		국 및 탕류	7	55	2.9	600	D
순대		찜류	19.4	181	6.5	69	D
순 현미밥		밥류	27.6	129	2.6	250	D
숙주미나리나물		나물·숙채류	2	18	1.1	80	D
숙주나물_숙주_채소		나물·숙채류	1.9	19	1.1	170	D
숙주나물_숙주_게맛살		나물·숙채류	3.7	28	1.8	90	D
숙주나물_숙주		나물·숙채류	1.6	17	1.1	70	D
숙주나물_미나리		나물·숙채류	2	18	1.1	170	D
숙주나물		나물·숙채류	2.5	23	1.7	55	D
수제비_김치		면 및 만두류	12.8	67	2.6	320	D
수제비_감자		면 및 만두류	17.6	88	2.9	248	D
수제비_간편조리세트_해물 백짬뽕 수제비	GS 리테일 심플리쿡	면 및 만두류	10.8	79	3.6	100	D
수제비_간편조리세트_우삼겹 짬뽕 수제비	GS 리테일 심플리쿡	면 및 만두류	13.5	110	3.6	1415	D
수제비_간편조리세트_들깨버섯 수제비	GS 리테일 심플리쿡	면 및 만두류	14.8	83	2.9	1494	D
수제비		면 및 만두류	11.1	58	2.3	650	D
수육_소고기_꼬리		찜류	0	84	6	180	D
수육_소고기		찜류	2	166	28.4	300	D
수수팥떡		빵 및 과자류	43	204	6.7	100	D
수수부꾸미		빵 및 과자류	42.1	248	5.7	100	D
수수밥		밥류	26.4	121	2.2	290	D
수수경단		빵 및 과자류	43.1	218	8.2	100	D
수박화채		음료 및 차류	7.8	42	1.2	200	D
수란_중탕		찜류	0.2	145	12.3	100	D
송편_팥		빵 및 과자류	43.6	200	5.4	100	D
송편_콩		빵 및 과자류	41.7	194	5.2	100	D
송편_깨		빵 및 과자류	45	224	4.9	100	D
송편_검정콩		빵 및 과자류	41.2	200	6.9	100	D
송어 매운탕		찌개 및 전골류	4	54	6.6	276	D
소탕		국 및 탕류	1.3	58	5.1	150	D
소안심스테이크		구이류	2.6	197	16.6	232	D
소시지튀김		튀김류	19.7	309	13.8	76	D
소시지조림_어묵		조림류	16	223	10.8	72	D
소시지조림		조림류	12.9	234	11.9	62	D
소시지볶음_채소		볶음류	6.2	134	7	170	D
소시지볶음		볶음류	9	136	6.5	200	D
소시지 케첩볶음		볶음류	12.9	252	11.5	99	D
소스/드레싱_간편조리세트_오야꼬동 (밥제외)	GS 리테일 심플리쿡	장류, 양념류	7.7	116	8.9	768	D
소세지빵_허니마요 소세지	롤링핀	빵 및 과자류	26.6	321	11	175	D
소세지빵_탱글탱글 뽀드득 소시지	파리바게뜨	빵 및 과자류	24.6	250	10.4	134	D
소세지빵_소시지소프트프랑스	파리바게뜨	빵 및 과자류	25.3	315	9.9	162	D
소세지빵_소시지빵	바나프레소	빵 및 과자류	28.8	204	6.2	80	D
소세지빵		빵 및 과자류	26	346	9.7	136	D
소사태찜		찜류	10.4	137	12.6	95	D
소불고기_버섯		구이류	4.7	88	7.5	270	D
소불고기		구이류	6.7	186	10.3	100	D
소보로빵_소보루생크림빵	파리바게뜨	빵 및 과자류	40	355	6.4	110	D
소보로빵_소보로빵	롤링핀	빵 및 과자류	54.2	356	9.3	60	D
소보로빵_밤소보루맘모스 (H)	파리바게뜨	빵 및 과자류	47.9	289	6.4	140	D
소보로빵_밤소보루맘모스	파리바게뜨	빵 및 과자류	48.2	288	7.1	280	D
소보로빵_맘모스빵		빵 및 과자류	46.5	354	5.1	167	D
소보로빵_PB정통소보루	파리바게뜨	빵 및 과자류	55	388	8.8	80	D
소보로빵_PB달콤한크림정통소보루	파리바게뜨	빵 및 과자류	46.4	364	7.3	110	D
소보로빵		빵 및 과자류	60.2	396	9	70	D
소라산적		전·적 및 부침류	8.1	150	22.4	80	D
소라무침		생채·무침류	7.5	122	18.7	91	D
소등심구이		구이류	0.3	320	15.9	128	D
소등심 스테이크		구이류	3.3	229	10.6	91	D
소내장구이		구이류	0.8	92	6.8	260	D
소금빵_앙버터 소금빵 (L)	롤링핀	빵 및 과자류	47.7	381	7.7	145	D
소금빵_앙버터 소금빵	롤링핀	빵 및 과자류	47.6	376	7.6	80	D
소금빵_버터버터 소금빵	메가커피	빵 및 과자류	48	448	6.7	75	D
소금빵_버터리 소금빵	바나프레소	빵 및 과자류	48	376	8	75	D
소금빵_발효버터 명란소금빵	파리바게뜨	빵 및 과자류	41.5	392	7.7	65	D
소금빵_고짠고짠소금버터링	파리바게뜨	빵 및 과자류	46.7	325	8.3	60	D
소곱창 볶음		볶음류	5	178	9	99	D
소곱창 구이		구이류	3.7	171	8.8	66	D
소고기튀김		튀김류	10.1	258	10.4	114	D
소고기채소볶음		볶음류	7.2	198	8.4	192	D
소고기찜		찜류	5.2	121	5.5	197	D
소고기전골_간편조리세트_평양식 어복쟁반	CJ 쿡킷	찌개 및 전골류	5.3	76	7	100	D
소고기전골_간편조리세트_파빌리온 얼큰 소고기 전골	프레시지	찌개 및 전골류	2.7	73	4.4	1228	D
소고기전골_간편조리세트_어복쟁반	GS 리테일 심플리쿡	찌개 및 전골류	1.4	37	3.4	100	D
소고기전골		찌개 및 전골류	4.2	46	2.6	359	D
소고기육개장		국 및 탕류	1.4	26	2.1	220	D
소고기스튜		찜류	9.2	187	10.1	128	D
소고기샤브샤브		찌개 및 전골류	4.1	46	3	930	D
소고기산적		전·적 및 부침류	3.7	227	24.2	200	D
소고기볶음_채소		볶음류	6.4	126	12.8	230	D
소고기볶음_버섯		볶음류	4.3	97	6.1	180	D
소고기볶음_고추장		볶음류	7	157	5.7	174	D
소고기볶음_간편조리세트_차돌박이숙주볶음	프레시지	볶음류	6.4	193	7.3	369	D
소고기볶음		볶음류	3.1	163	7	148	D
소고기버섯죽		죽 및 스프류	14.9	100	2.8	259	D
소고기국_무_당면		국 및 탕류	2.9	34	1.8	563	D
소고기 장조림_메추리알		조림류	6.2	152	14.4	50	D
소고기 장조림_꽈리고추		조림류	8.2	132	14.7	87	D
소고기 장조림		조림류	5.1	230	29.6	57	D
소고기 완자전		전·적 및 부침류	10.1	318	14.1	78	D
소고기 샤브샤브		찌개 및 전골류	4.1	47	3	930	D
소고기 샌드위치		빵 및 과자류	19.7	203	6.9	250	D
소고기 미역국_바지락		국 및 탕류	0.9	11	1.1	300	D
소고기 미역국_떡		국 및 탕류	1.1	24	1.7	190	D
소고기 미역국		국 및 탕류	0.9	21	1.6	300	D
소고기 무국_콩나물		국 및 탕류	1.1	27	1.9	170	D
소고기 무국		국 및 탕류	0.5	23	1.6	252	D
소고기 떡찜		찜류	32.2	303	10.6	78	D
소고기 두부국		국 및 탕류	0.6	34	2.8	320	D
소고기 덮밥		밥류	18.9	120	3.3	388	D
소고기 국밥_내장		밥류	18.6	104	3.7	932	D
소고기 국밥		밥류	12.5	66	2.3	809	D
소고기 감자죽		죽 및 스프류	13.7	88	3.1	320	D
소갈비찜_해물		찜류	8.7	137	11.4	1120	D
소갈비찜		찜류	6.7	235	12.2	225	D
소갈비 구이		구이류	6.3	210	10.2	141	D
소간 채소볶음		볶음류	7.7	120	10.5	104	D
세발낙지찜		찜류	3.8	74	5.5	600	D
세발낙지볶음		볶음류	7.9	68	4.7	256	D
세발나물무침		나물·숙채류	7	78	3	100	D
설렁탕		국 및 탕류	4.1	37	2.1	500	D
선짓국_내장		국 및 탕류	2	45	5.4	600	D
선짓국		국 및 탕류	3.5	40	3.4	320	D
선지해장국_내장		국 및 탕류	2.1	34	4.4	600	D
섞어찌개(모듬찌개)		찌개 및 전골류	5.6	47	3.7	481	D
섞박지		김치류	7.4	41	2.3	94	D
서대구이		구이류	0.7	161	25.1	79	D
샤브샤브_소고기		찌개 및 전골류	2.5	44	4.8	600	D
샤브샤브_버섯		찌개 및 전골류	1.6	30	3.9	350	D
샤브샤브_간편조리세트_일호식 스키야키	신세계푸드 피코크	찌개 및 전골류	3.6	51	3.4	1234	D
샤브샤브_간편조리세트_소고기스키야키	GS 리테일 심플리쿡	찌개 및 전골류	8.7	76	6.2	1024	D
샤브샤브_간편조리세트_소고기 샤브샤브	프레시지	찌개 및 전골류	3	34	2.7	100	D
샤베트_와인 샤베트	탐앤탐스	유제품류 및 빙과류	17.7	74	0.2	470	D
샤베트_블루파인 샤베트	탐앤탐스	유제품류 및 빙과류	9.4	40	0.2	470	D
샤베트_메론코코샤베트	탐앤탐스	유제품류 및 빙과류	11.1	45	0.1	470	D
생선전_동태		전·적 및 부침류	7	179	15.1	150	D
생선전_가자미		전·적 및 부침류	4.6	154	17.2	150	D
생선까스_소스		튀김류	7.2	232	7.6	220	D
생선까스		튀김류	10.9	198	15.3	77	D
샐러드_트리플 치즈 샐러드	커피빈	생채·무침류	15.3	164	5.9	203	D
샐러드_치킨콥 샐러드	롤링핀	생채·무침류	6.4	124	5.8	410	D
샐러드_채소		생채·무침류	5.1	145	1.2	160	D
샐러드_참치		생채·무침류	7.5	151	10.8	150	D
샐러드_옥수수		생채·무침류	12.7	166	2	160	D
샐러드_양상추		생채·무침류	3.4	126	4.9	150	D
샐러드_양배추_코올슬로		생채·무침류	14.9	153	0.9	100	D
샐러드_양배추		생채·무침류	8.5	150	2.7	150	D
샐러드_시저치킨 샐러드	롤링핀	생채·무침류	2.2	126	15	270	D
샐러드_새싹		생채·무침류	5	74	2.8	100	D
샐러드_마카로니		생채·무침류	13.8	140	2.4	170	D
샐러드_닭가슴살		생채·무침류	5.4	135	7.2	205	D
샐러드_단호박		생채·무침류	18.8	162	1.5	150	D
샐러드_과일리코타 샐러드	롤링핀	생채·무침류	11.4	111	3.2	260	D
샐러드_고구마		생채·무침류	26.8	185	1.8	100	D
샐러드_감자		생채·무침류	15.6	163	2.8	150	D
샐러드_간편조리세트_콥샐러드&시저드레싱	GS 리테일 심플리쿡	생채·무침류	4.5	129	8.8	486	D
샌드위치_훈제베이컨에그 반미 샌드위치	엔제리너스	빵 및 과자류	22.1	218	11.1	262	D
샌드위치_햄치토 크로와상 샌드위치	크로플덕오리아가씨	빵 및 과자류	12.6	137	3.5	230	D
샌드위치_햄치즈잉글리시머핀 샌드위치	바나프레소	빵 및 과자류	25	259	11.7	120	D
샌드위치_햄치즈잉글리시 머핀	바나프레소	빵 및 과자류	43.1	314	12.1	110	D
샌드위치_햄치즈 샌드위치	탐앤탐스	빵 및 과자류	27.6	185	5.5	254	D
샌드위치_햄치즈 리터샌드	더리터	빵 및 과자류	30.7	323	6.7	75	D
샌드위치_햄_치즈_채소		빵 및 과자류	21.6	214	8.7	100	D
샌드위치_햄_치즈		빵 및 과자류	26.9	284	8.6	100	D
샌드위치_햄_달걀		빵 및 과자류	15.6	220	12.4	200	D
샌드위치_햄&에그 반미 샌드위치	엔제리너스	빵 및 과자류	21.9	164	7.8	269	D
샌드위치_핫치킨 파니니	바나프레소	빵 및 과자류	37.5	289	14.7	120	D
샌드위치_핫치킨 바게트샌드	더리터	빵 및 과자류	30.7	294	12.9	140	D
샌드위치_포테이토 사라다빵	더리터	빵 및 과자류	36.7	266	5	120	D
샌드위치_페퍼로니 파니니	바나프레소	빵 및 과자류	34.3	305	9.1	120	D
샌드위치_토마토아이올리 샌드위치	롤링핀	빵 및 과자류	20.5	221	9.5	195	D
샌드위치_토마토모짜렐라 샌드위치	투썸플레이스	빵 및 과자류	18.5	247	10.7	178	D
샌드위치_크로크무슈	메가커피	빵 및 과자류	25.7	260	11.4	140	D
샌드위치_크랜베리치킨 샌드위치	투썸플레이스	빵 및 과자류	20.9	197	7.8	244	D
샌드위치_콰트로치즈 파니니	바나프레소	빵 및 과자류	37.4	285	13.8	120	D
샌드위치_카야크림 리터샌드	더리터	빵 및 과자류	36.2	289	6.2	80	D
샌드위치_채소		빵 및 과자류	23.8	244	4.1	180	D
샌드위치_참치		빵 및 과자류	14.6	222	9.3	250	D
샌드위치_잉글리쉬 머핀 샌드위치	공차	빵 및 과자류	24.2	218	11.7	120	D
샌드위치_오리지널 불고기 반미 샌드위치	엔제리너스	빵 및 과자류	21.5	182	9.6	302	D
샌드위치_여봉 잠봉뵈르 먹어 크로와상 샌드위치	크로플덕오리아가씨	빵 및 과자류	22	367	13	100	D
샌드위치_에그마요 반미 샌드위치	엔제리너스	빵 및 과자류	20.9	237	8	302	D
샌드위치_에그듬뿍모닝 샌드위치	바나프레소	빵 및 과자류	12.5	189	5.5	90	D
샌드위치_에그 사라다빵	더리터	빵 및 과자류	26.7	298	9.2	120	D
샌드위치_소시지		빵 및 과자류	23.7	276	10.3	100	D
샌드위치_소고기		빵 및 과자류	22.2	244	15.2	100	D
샌드위치_생선		빵 및 과자류	26.7	257	10.3	100	D
샌드위치_살라미에멘탈 샌드위치	롤링핀	빵 및 과자류	25.1	208	7.7	180	D
샌드위치_블루베리 리터샌드	더리터	빵 및 과자류	38.6	353	5.7	70	D
샌드위치_버터품은 설탕치즈 크로와상 샌드위치	크로플덕오리아가씨	빵 및 과자류	32.5	293	8.8	80	D
샌드위치_버터버터 에그베이컨 샌드위치	메가커피	빵 및 과자류	17.4	281	7.8	115	D
샌드위치_버터버터 마늘 크로크무슈	메가커피	빵 및 과자류	34.7	294	12.7	150	D
샌드위치_바베큐치킨 바게트샌드	더리터	빵 및 과자류	31.4	269	12.9	140	D
샌드위치_모듬		빵 및 과자류	8.4	193	9.5	220	D
샌드위치_리터샌드	더리터	빵 및 과자류	37.5	381	10	80	D
샌드위치_닭고기		빵 및 과자류	20.9	250	16.3	175	D
샌드위치_닭가슴살		빵 및 과자류	21	240	12.2	230	D
샌드위치_단호박크림치즈 샌드위치	투썸플레이스	빵 및 과자류	23.4	181	4.4	274	D
샌드위치_꽃살크래미 반미 샌드위치	엔제리너스	빵 및 과자류	25.3	181	5.6	269	D
샌드위치_그릭치킨 샌드위치	커피빈	빵 및 과자류	22.2	184	12.2	180	D
샌드위치_게살듬뿍모닝 샌드위치	바나프레소	빵 및 과자류	9.3	140	3.6	90	D
샌드위치_간편조리세트_닭고기또띠아샌드위치		빵 및 과자류	25.4	251	10.4	112	D
샌드위치_B.L.T 샌드위치	탐앤탐스	빵 및 과자류	30.3	225	8.3	241	D
샌드위치_B.E.L.T. 샌드위치	투썸플레이스	빵 및 과자류	25.4	222	8	264	D
샌드위치		빵 및 과자류	19.1	206	4.3	155	D
새우튀김롤		밥류	32.1	202	4.8	300	D
새우튀김		튀김류	16.5	145	7.1	118	D
새우탕_간편조리세트_전복민물새우탕	GS 리테일 심플리쿡	국 및 탕류	10.1	56	2.9	100	D
새우탕		국 및 탕류	2.5	40	6.2	760	D
새우조림		조림류	3.6	72	8.8	322	D
새우젓국		국 및 탕류	2.3	23	2	320	D
새우젓_양념		젓갈류	6	69	7.1	10	D
새우전		전·적 및 부침류	13.5	264	23.1	66	D
새우볶음		볶음류	6	83	9.9	200	D
새우무침		생채·무침류	15.5	321	37	27	D
새우구이		구이류	2.8	145	23.4	300	D
새우 탕수		튀김류	19.9	248	18.2	106	D
새싹 샐러드		생채·무침류	5	117	1.4	104	D
새송이버섯전		전·적 및 부침류	5.9	63	3.2	95	D
새송이버섯볶음_새송이버섯_채소		볶음류	4.1	32	1.4	170	D
새송이버섯 구이		구이류	4.2	58	1.6	75	D
상추겉절이		생채·무침류	4	29	1.2	100	D
상추 겉절이		생채·무침류	3.9	24	1.1	150	D
삼치튀김		튀김류	3.7	136	13.7	115	D
삼치찌개		찌개 및 전골류	3.4	50	6.2	297	D
삼치조림		조림류	2.6	125	15.9	95	D
삼치구이		구이류	1.8	81	9.2	200	D
삼치 카레구이		구이류	3.7	213	27.1	76	D
삼치 양념구이		구이류	15.4	189	22.8	69	D
삼색냉채		생채·무침류	7.2	68	5.6	150	D
삼색 오이냉국		국 및 탕류	3.5	17	0.6	160	D
삼계탕		국 및 탕류	3.5	80	7.3	832	D
삼겹살볶음_세발낙지		볶음류	8.9	241	9.9	186	D
삼겹살볶음_묵은지김치		볶음류	8.4	151	5.8	200	D
삼겹살볶음_낙지		볶음류	10	235	11.3	186	D
삼겹살구이_고추장		구이류	12.6	403	14.2	200	D
삼겹살구이		구이류	0.3	467	22.6	200	D
삼각김밥_참치마요네즈		밥류	25.4	199	5.9	200	D
삼각김밥_숯불갈비		밥류	32.5	161	4	100	D
삼각김밥_고추장불고기		밥류	34.1	165	3.7	100	D
삼각김밥		밥류	30.6	185	4.8	94	D
삶은 땅콩 조림		조림류	21.1	190	6.8	66	D
산적_돼지고기		전·적 및 부침류	1.6	200	29.1	170	D
산자		빵 및 과자류	82.2	366	2.3	30	D
사태찜_소고기		찜류	3.7	110	12.1	300	D
사과차_석류 애플라임	이디야	음료 및 차류	14.8	59	0	230	D
사골국		국 및 탕류	2.9	35	1.8	563	D
뼈다귀해장국		국 및 탕류	1	21	2.7	650	D
빙수_팥빙수	크로플덕오리아가씨	유제품류 및 빙과류	50.2	269	4.4	225	D
빙수_팥_우유얼음		유제품류 및 빙과류	31.5	146	3.2	100	D
빙수_치즈 컵빙수	카페봄봄	유제품류 및 빙과류	18.2	109	1	100	D
빙수_초코 씨리얼 빙수	탐앤탐스	유제품류 및 빙과류	24.6	159	6.4	545	D
빙수_제주 한라봉 빙수	탐앤탐스	유제품류 및 빙과류	23.9	145	6.8	670	D
빙수_인절미_우유얼음		유제품류 및 빙과류	19.6	141	6	100	D
빙수_오리지널 팥빙수	엔제리너스	유제품류 및 빙과류	24	156	4	658	D
빙수_오리지널 눈꽃 빙수	엔제리너스	유제품류 및 빙과류	24.2	138	4.7	405	D
빙수_옛날 컵빙수	카페봄봄	유제품류 및 빙과류	23.4	117	1.7	100	D
빙수_옛날 컵빙수	탐앤탐스	유제품류 및 빙과류	30.4	203	8.8	233	D
빙수_소르베 망고 빙수	엔제리너스	유제품류 및 빙과류	17.2	100	1.1	571	D
빙수_딸기 컵빙수	카페봄봄	유제품류 및 빙과류	19.7	98	1.2	100	D
빙수_딸기 요거트 컵빙수	탐앤탐스	유제품류 및 빙과류	31.4	159	3	242	D
빙수_딸기 요거트 빙수	탐앤탐스	유제품류 및 빙과류	24.3	140	5	690	D
빙수_달고나 컵빙수	카페봄봄	유제품류 및 빙과류	19.5	100	1.3	100	D
빙떡(메밀전병)		빵 및 과자류	21.6	168	6.2	100	D
비프까스		튀김류	12.2	208	8.1	275	D
비스킷/쿠키/크래커_흑임자호두 쿠키	바나프레소	빵 및 과자류	67.8	545	7.6	62	D
비스킷/쿠키/크래커_황치즈 티그레	바나프레소	빵 및 과자류	42.8	522	8.8	32	D
비스킷/쿠키/크래커_현미누룽지칩	투썸플레이스	빵 및 과자류	87.3	403	8	30	D
비스킷/쿠키/크래커_허쉬 화이트 칩 위드 아몬드 쿠키	더리터	빵 및 과자류	66	494	8	50	D
비스킷/쿠키/크래커_허쉬 초콜릿 칩 싱글 쿠키	더리터	빵 및 과자류	68	372	4	50	D
비스킷/쿠키/크래커_허쉬 초코 멜로 쿠키	더리터	빵 및 과자류	66.7	522	8.9	45	D
비스킷/쿠키/크래커_퍼지월넛 쿠키	파리바게뜨	빵 및 과자류	53.3	450	6.7	30	D
비스킷/쿠키/크래커_통약과 쿠키	더리터	빵 및 과자류	49.6	416	0	115	D
비스킷/쿠키/크래커_크로켄트 (L)	롤링핀	빵 및 과자류	47.3	556	10.2	70	D
비스킷/쿠키/크래커_크랜베리월넛 쿠키	파리바게뜨	빵 및 과자류	60	433	6.7	30	D
비스킷/쿠키/크래커_크랜베리아몬드 쿠키	바나프레소	빵 및 과자류	72.8	518	6.4	62	D
비스킷/쿠키/크래커_쿠키의 정석 피넛버터	커피베이	빵 및 과자류	57.9	526	10.5	38	D
비스킷/쿠키/크래커_쿠키의 정석 퍼지브라우니	커피베이	빵 및 과자류	63.2	487	5.3	38	D
비스킷/쿠키/크래커_쿠키의 정석 초콜릿청크	커피베이	빵 및 과자류	65.8	526	5.3	38	D
비스킷/쿠키/크래커_쿠키의 정석 오트밀레이즌	커피베이	빵 및 과자류	65.8	447	5.3	38	D
비스킷/쿠키/크래커_코코아망 (L)	롤링핀	빵 및 과자류	46.3	563	9.5	70	D
비스킷/쿠키/크래커_코코넛 로쉐	롤링핀	빵 및 과자류	62.9	516	6.7	95	D
비스킷/쿠키/크래커_초콜릿칩 쿠키	메가커피	빵 및 과자류	55.7	456	4.3	70	D
비스킷/쿠키/크래커_초코칩 쿠키	바나프레소	빵 및 과자류	73.5	548	5.9	62	D
비스킷/쿠키/크래커_초코 스모어 쿠키	메가커피	빵 및 과자류	69	512	8.8	113	D
비스킷/쿠키/크래커_잉글리쉬토피 쿠키	파리바게뜨	빵 및 과자류	60	450	3.3	30	D
비스킷/쿠키/크래커_오트밀크랜베리 쿠키	바나프레소	빵 및 과자류	67.1	420	5.7	70	D
비스킷/쿠키/크래커_오레오스모어 쿠키	더리터	빵 및 과자류	57	440	6	100	D
비스킷/쿠키/크래커_약과 쿠키	크로플덕오리아가씨	빵 및 과자류	78.5	452	4.6	130	D
비스킷/쿠키/크래커_알콘칩스	호식이두마리치킨	빵 및 과자류	47.5	375	4.4	100	D
비스킷/쿠키/크래커_아몬드 로쉐	롤링핀	빵 및 과자류	54	512	16.2	95	D
비스킷/쿠키/크래커_아메리칸 쿠키	바나프레소	빵 및 과자류	64.3	460	5.7	70	D
비스킷/쿠키/크래커_베어베터 쿠키	커피빈	빵 및 과자류	65.5	495	6.2	55	D
비스킷/쿠키/크래커_말차 스모어 쿠키	메가커피	빵 및 과자류	68.2	517	8.8	113	D
비스킷/쿠키/크래커_마카다미아 쿠키	메가커피	빵 및 과자류	58.6	454	7.1	70	D
비스킷/쿠키/크래커_돼지바 쿠키	크로플덕오리아가씨	빵 및 과자류	37.5	384	5.8	120	D
비스킷/쿠키/크래커_더블퍼지 쿠키	파리바게뜨	빵 및 과자류	60	433	6.7	30	D
비스킷/쿠키/크래커_더블초코칩 쿠키	바나프레소	빵 및 과자류	64.3	441	4.3	70	D
비스킷/쿠키/크래커_다크초콜릿마카다미아 쿠키	파리바게뜨	빵 및 과자류	56.7	450	3.3	30	D
비스킷/쿠키/크래커_꿀오란다	이디야	빵 및 과자류	53.3	500	13.3	30	D
비스킷/쿠키/크래커_그릭요거트그래놀라바	투썸플레이스	빵 및 과자류	71.4	429	5.7	35	D
비스킷/쿠키/크래커_갈레트브르통 (L)	롤링핀	빵 및 과자류	50.6	591	5.9	70	D
비스킷/쿠키/크래커		빵 및 과자류	52.3	440	7.1	70	D
비빔밥_참치_양념장		밥류	15.7	83	3.3	600	D
비빔밥_참치		밥류	15.6	122	5.4	510	D
비빔밥_육회		밥류	22.9	147	6.4	300	D
비빔밥_열무_양념장		밥류	22.1	114	3.3	390	D
비빔밥_열무		밥류	24.3	144	3.5	259	D
비빔밥_약초		밥류	20.1	128	3	400	D
비빔밥_소고기_양념장		밥류	15.7	87	2.8	590	D
비빔밥_묵_양념장		밥류	16.3	96	3.1	580	D
비빔밥_멍게		밥류	22.7	137	4.2	400	D
비빔밥_돼지고기_양념장		밥류	16.2	90	3.3	600	D
비빔밥_돌솥		밥류	24.7	147	5.4	380	D
비빔밥_간편조리세트_꼬막비빔밥	GS 리테일 심플리쿡	밥류	11	103	7.3	347	D
비빔밥		밥류	22.5	142	4.5	450	D
비빔면_간편조리세트_매콤제육비빔면	신세계푸드 피코크	면 및 만두류	20.2	153	5.7	1154	D
비빔막국수		면 및 만두류	21.5	104	3.1	700	D
비빔냉면		면 및 만두류	16.8	96	4.2	600	D
비빔국수		면 및 만두류	20.9	113	3.2	197	D
비빔 잡곡밥		밥류	25.7	138	3.6	300	D
비름나물무침		나물·숙채류	5.7	73	3.5	80	D
비름나물_소금		나물·숙채류	4.4	47	2.7	48	D
비름나물_된장		나물·숙채류	3.6	28	2.2	50	D
비름나물_고추장		나물·숙채류	8.3	64	4	70	D
비름나물_간장		나물·숙채류	2.8	24	1.7	50	D
비름나물		나물·숙채류	4.1	28	1.9	50	D
브로콜리볶음		볶음류	5.5	51	4.4	90	D
브로콜리무침		생채·무침류	7	32	1.6	50	D
브로콜리 채소무침		생채·무침류	7.2	34	1.7	50	D
브로콜리 버섯볶음		볶음류	3	24	1.3	50	D
브로콜리 두부무침		생채·무침류	6.2	35	2	50	D
붕어찜		찜류	6.5	76	4.9	1100	D
붕어 매운탕		찌개 및 전골류	1.1	23	3.1	600	D
불낙전골_해물		찌개 및 전골류	3.5	49	4.3	660	D
불낙전골_간편조리세트_이게불낙이야	GS 리테일 심플리쿡	찌개 및 전골류	5.3	63	6.6	1114	D
불낙전골		찌개 및 전골류	4.9	61	4.6	400	D
불고기전골_간편조리세트_서울식불고기전골	프레시지	찌개 및 전골류	9.8	114	6.5	537	D
불고기전골_간편조리세트_서울식불고기전골	GS 리테일 심플리쿡	찌개 및 전골류	4.9	41	3.7	100	D
불고기전골_간편조리세트_서울식 육수불고기	CJ 쿡킷	찌개 및 전골류	12.5	96	6.7	997	D
불고기전골_간편조리세트_서울식 소불고기전골	HY 잇츠온	찌개 및 전골류	10.4	104	6	803	D
분짜		면 및 만두류	19.8	136	5.9	100	D
북어채무침		생채·무침류	12.1	188	28.4	150	D
북어채 고추장 무침		생채·무침류	14.1	296	36.6	31	D
북어찜		찜류	12	157	18.7	650	D
북어조림		조림류	17.1	182	20.8	100	D
북어양념구이		구이류	6.6	137	20.3	170	D
북어국_콩나물		국 및 탕류	1.1	18	2.4	300	D
북어국_무_두부		국 및 탕류	0.7	20	2.6	214	D
북어국_무		국 및 탕류	1	30	4.5	300	D
북어국_달걀		국 및 탕류	0.9	32	4.9	300	D
북어국		국 및 탕류	0.8	28	3.9	400	D
북어구이		구이류	10.5	287	46.5	41	D
북어강정_고추장양념		튀김류	25.8	379	19.2	100	D
북어강정		튀김류	42.5	478	20.9	32	D
부추전_해물		전·적 및 부침류	25.5	215	9.4	89	D
부추전		전·적 및 부침류	34.1	240	6.8	150	D
부추잡채		볶음류	3.9	75	4.9	86	D
부추무침_채소		생채·무침류	4.4	30	1.2	120	D
부추무침_양파		생채·무침류	4	24	1	100	D
부추무침_부추만		생채·무침류	11.6	70	3.2	100	D
부추무침_부추_채소		생채·무침류	4.4	30	1.2	120	D
부추무침_부추		생채·무침류	4	24	1	110	D
부추무침		생채·무침류	8.3	59	2.9	91	D
부추나물		나물·숙채류	2	18	1.2	50	D
부추김치		김치류	6.4	47	2.7	100	D
부추 초무침		생채·무침류	3.7	23	1.1	50	D
부추 채소무침		생채·무침류	4	22	1.1	50	D
부추 겉절이		생채·무침류	3.4	24	1.3	50	D
부대찌개_간편조리세트_햄듬뿍부대찌개	GS 리테일 심플리쿡	찌개 및 전골류	8.6	94	4.9	897	D
부대찌개_간편조리세트_의정부식부대찌개	신세계푸드 피코크	찌개 및 전골류	10.7	106	3.4	1276	D
부대찌개_간편조리세트_오뎅식당 부대찌개	프레시지	찌개 및 전골류	6.8	145	6.3	1173	D
부대찌개		찌개 및 전골류	6.6	67	3.1	600	D
볼락 매운탕		찌개 및 전골류	2.9	30	3.5	356	D
볶음밥_햄		밥류	37.6	204	5.1	221	D
볶음밥_해물		밥류	15.4	106	5.3	500	D
볶음밥_표고버섯		밥류	31.8	184	3.4	300	D
볶음밥_채소		밥류	21.4	115	2.9	300	D
볶음밥_참치_김치		밥류	22.8	150	7.2	281	D
볶음밥_참치		밥류	32.9	180	4.6	510	D
볶음밥_소고기		밥류	17.4	121	3.2	359	D
볶음밥_새우		밥류	15.4	105	4.9	444	D
볶음밥_삼선		밥류	21.4	172	6.6	400	D
볶음밥_볼케이노 치즈 치밥	굽네치킨	밥류	20.7	198	12.8	100	D
볶음밥_배추김치_참치		밥류	14.6	105	5.1	510	D
볶음밥_배추김치_소고기		밥류	20.6	118	3.5	250	D
볶음밥_배추김치_돼지고기		밥류	20.2	116	3.7	400	D
볶음밥_맛살		밥류	24.3	134	3.5	400	D
볶음밥_돼지고기		밥류	17.9	113	3.8	461	D
볶음밥_김치_돼지고기		밥류	35.2	193	5.2	438	D
볶음밥_김치		밥류	23.2	167	4.2	330	D
볶음밥_계란		밥류	27	164	5.7	300	D
볶음밥_갈비천왕 치즈 치밥	굽네치킨	밥류	22	208	11	100	D
볶음밥_간편조리세트_돼지불백깍둑볶음누룽밥	GS 리테일 심플리쿡	밥류	17.9	186	10.8	598	D
볶음밥		밥류	22.5	193	6.9	350	D
볶음면_간편조리세트_소고기 야끼소바	프레시지	면 및 만두류	13.8	190	6.5	470	D
볶음 우동		면 및 만두류	9.7	80	3.3	707	D
복찜		찜류	4.1	36	3.5	510	D
복지리		찌개 및 전골류	1.5	30	5.6	600	D
복죽		죽 및 스프류	16.8	107	2.7	259	D
복어튀김		튀김류	22.9	320	13.8	100	D
복 매운탕		찌개 및 전골류	2.2	31	5.1	600	D
보쌈김치		김치류	6.6	47	2.5	70	D
보신탕		찌개 및 전골류	2.1	42	3	600	D
보리밥		밥류	25.7	118	2.3	280	D
병어찌개		찌개 및 전골류	3.4	54	5.3	299	D
병어조림		조림류	4.9	112	12.5	191	D
병어구이		구이류	0.5	244	21.4	50	D
베이컨채소볶음		볶음류	10.1	142	6.3	129	D
베이컨떡말이구이		구이류	29.9	240	6.3	127	D
베이글_플레인 베이글(파베이크)	파리바게뜨	빵 및 과자류	54.2	300	8.3	120	D
베이글_플레인 베이글&허니월넛크림치즈(파베이크)	파리바게뜨	빵 및 과자류	51.2	290	7.9	164	D
베이글_플레인 베이글&솔티드카라멜크림치즈(파베이크)	파리바게뜨	빵 및 과자류	39.7	327	7.5	199	D
베이글_플레인 베이글&솔티드카라멜크림치즈	파리바게뜨	빵 및 과자류	36.9	300	7.2	195	D
베이글_플레인 베이글	파리바게뜨	빵 및 과자류	50	267	7.8	116	D
베이글_플레인 베이글	던킨도너츠	빵 및 과자류	54.5	273	10	110	D
베이글_플레인 베이글	탐앤탐스	빵 및 과자류	55.5	277	9.1	110	D
베이글_플레인 베이글	바나프레소	빵 및 과자류	51	260	12	100	D
베이글_트러플치즈 베이글	던킨도너츠	빵 및 과자류	50	273	10	110	D
베이글_콘치즈피자 베이글	파리바게뜨	빵 및 과자류	28.5	226	8.3	144	D
베이글_쫀득쫀득소시지 베이글	파리바게뜨	빵 및 과자류	20.7	284	12.6	111	D
베이글_쪽파 베이컨 크림치즈 베이글	롤링핀	빵 및 과자류	35	297	9.2	136	D
베이글_에그 햄 치즈 베이글	커피빈	빵 및 과자류	33.3	227	11.4	210	D
베이글_어니언 베이글&고추장아찌크림치즈	파리바게뜨	빵 및 과자류	35.5	258	7	200	D
베이글_어니언 베이글	탐앤탐스	빵 및 과자류	58.2	291	10	110	D
베이글_어니언 베이글	파리바게뜨	빵 및 과자류	48.3	280	7.8	116	D
베이글_어니언 베이글	바나프레소	빵 및 과자류	52	280	11	100	D
베이글_씨앗 베이글&솔티드카라멜크림치즈	파리바게뜨	빵 및 과자류	40	305	8	200	D
베이글_씨앗 베이글	파리바게뜨	빵 및 과자류	48	289	8.9	123	D
베이글_시금치바질&토마토크림치즈	파리바게뜨	빵 및 과자류	38.5	271	7.3	205	D
베이글_시금치바질 베이글&플레인크림치즈(파베이크)	파리바게뜨	빵 및 과자류	38.7	284	7.5	199	D
베이글_시금치바질 베이글&플레인크림치즈	파리바게뜨	빵 및 과자류	38.5	273	7.5	200	D
베이글_블루베리 베이글&허니월넛크림치즈	파리바게뜨	빵 및 과자류	49.1	273	6.8	161	D
베이글_블루베리 베이글	던킨도너츠	빵 및 과자류	52.7	318	10	110	D
베이글_블루베리 베이글	탐앤탐스	빵 및 과자류	58.2	291	9.1	110	D
베이글_블랙올리브치즈 베이글	파리바게뜨	빵 및 과자류	44.4	274	7.9	126	D
베이글_블랙올리브 베이글(파베이크)	파리바게뜨	빵 및 과자류	50	288	7.5	120	D
베이글_블랙올리브 베이글&어니언부추크림치즈(파베이크)	파리바게뜨	빵 및 과자류	37.5	292	7.3	192	D
베이글_블랙올리브 베이글&어니언부추크림치즈	파리바게뜨	빵 및 과자류	34.2	279	7.5	199	D
베이글_베이컨갈릭크림치즈	롤링핀	빵 및 과자류	34.4	325	11	220	D
베이글_베이글 크랜베리·호두	크로플덕오리아가씨	빵 및 과자류	47.6	286	13.3	105	D
베이글_베이글 먹물치즈	크로플덕오리아가씨	빵 및 과자류	49.5	249	9.5	105	D
베이글_버터 베이글	바나프레소	빵 및 과자류	58	353	10	100	D
베이글_바질 베이글	던킨도너츠	빵 및 과자류	50.9	268	10	110	D
베이글_바질 베이글	바나프레소	빵 및 과자류	59	339	10	100	D
베이글_무화과 크림치즈 베이글	롤링핀	빵 및 과자류	45.7	285	6.7	144	D
베이글_메이플피칸 베이글	파리바게뜨	빵 및 과자류	44.8	276	7.8	116	D
베이글_멀티그레인 베이글&허니월넛크림치즈	파리바게뜨	빵 및 과자류	46.1	296	8.4	167	D
베이글_멀티그레인 베이글	파리바게뜨	빵 및 과자류	45.9	303	9	122	D
베이글_깜빠뉴 베이글	던킨도너츠	빵 및 과자류	52.7	328	10.9	110	D
베이글_갈릭크림치즈 베이글(파베이크)	파리바게뜨	빵 및 과자류	44.3	329	7.1	140	D
베이글_갈릭크림치즈 베이글	파리바게뜨	빵 및 과자류	45.6	320	7.3	136	D
베이글		빵 및 과자류	53.5	306	10	120	D
번데기탕		찌개 및 전골류	0.4	23	2.2	200	D
번_호두카야번	로띠번	빵 및 과자류	55.2	401	8.6	105	D
번_플레이번 바닐라	로띠번	빵 및 과자류	54	343	9.2	87	D
번_플레이번 모카	로띠번	빵 및 과자류	54	337	9.2	87	D
번_크림치즈번	로띠번	빵 및 과자류	55.2	359	8.6	105	D
번_카페모카빵 (소)	파리바게뜨	빵 및 과자류	60.2	329	7.4	108	D
번_카페모카빵	파리바게뜨	빵 및 과자류	59.7	331	7.4	216	D
번_초코번	로띠번	빵 및 과자류	53.7	396	8.4	95	D
번_옥수수콘크림번	파리바게뜨	빵 및 과자류	37.9	316	5.8	87	D
번_악마의 크림번	엔제리너스	빵 및 과자류	41	304	5.7	105	D
번_악마의 초코번	엔제리너스	빵 및 과자류	40.6	304	5.7	106	D
번_바닐라번	로띠번	빵 및 과자류	53.7	360	8.4	95	D
번_로띠번	로띠번	빵 및 과자류	53.7	369	9.5	95	D
번_딸기번	로띠번	빵 및 과자류	62.1	424	8.4	95	D
버터크림빵		빵 및 과자류	46.2	383	8.2	60	D
버터빵_버터롤	파리바게뜨	빵 및 과자류	48	320	8	100	D
버터빵		빵 및 과자류	50.7	357	7.9	62	D
버섯찌개		찌개 및 전골류	3.9	42	3.7	270	D
버섯조림		조림류	6.2	60	4.4	150	D
버섯전골_소고기		찌개 및 전골류	4.7	59	4.1	400	D
버섯전골_간편조리세트_남도식 들깨 버섯전골	GS 리테일 심플리쿡	찌개 및 전골류	4.5	40	2.1	968	D
버섯전골		찌개 및 전골류	3.2	36	2.6	300	D
버섯전_표고버섯		전·적 및 부침류	12.7	181	10.1	150	D
버섯전		전·적 및 부침류	20.5	164	5.4	50	D
버섯볶음_표고버섯		볶음류	10.5	95	3	150	D
버섯볶음_양송이버섯		볶음류	7.3	91	3	150	D
버섯볶음_새송이버섯		볶음류	9.3	121	3	120	D
버섯볶음_느타리버섯		볶음류	6.8	94	2.8	50	D
버섯무침_느타리버섯		생채·무침류	3.4	59	2.7	150	D
버섯국		국 및 탕류	2.7	42	3.3	320	D
버섯구이표고버섯		구이류	18.1	100	4.3	80	D
버섯구이_새송이버섯		구이류	11.7	84	4.3	80	D
버섯구이		구이류	4.8	52	5.2	80	D
버섯 잡채		볶음류	6.3	149	4.8	200	D
버섯 샤브샤브		찌개 및 전골류	2.5	27	2	488	D
버섯 매운탕		찌개 및 전골류	6.9	45	2.4	800	D
버섯 덮밥		밥류	18.5	101	2.6	572	D
버거_휠렛 버거	맘스터치	빵 및 과자류	15.6	203	13.5	288	D
버거_화이트갈릭싸이 버거	맘스터치	빵 및 과자류	19	289	14.1	263	D
버거_화이트갈릭 버거	맘스터치	빵 및 과자류	16.8	235	15.1	298	D
버거_햄버거	맥도날드	빵 및 과자류	32.7	263	12.9	101	D
버거_할라피뇨통살 버거	맘스터치	빵 및 과자류	18.7	236	10.1	267	D
버거_페퍼로니피자 치킨 버거	노브랜드버거	빵 및 과자류	16.6	240	12.2	247	D
버거_트리플치즈 버거	맥도날드	빵 및 과자류	19.6	283	16.4	219	D
버거_트리플딥치즈싸이 버거	맘스터치	빵 및 과자류	19.9	242	11.4	272	D
버거_트리플딥치즈비프 버거	맘스터치	빵 및 과자류	15.5	251	13.6	251	D
버거_투머치 베이컨 버거	노브랜드버거	빵 및 과자류	13.4	235	13	261	D
버거_통새우 버거	맘스터치	빵 및 과자류	30.3	252	6.7	178	D
버거_탄두리싸이 버거	맘스터치	빵 및 과자류	18.3	250	12.2	262	D
버거_타워 버거	KFC	빵 및 과자류	18.2	220	11.9	286	D
버거_쿼터파운더치즈 버거	맥도날드	빵 및 과자류	21.2	271	15.7	198	D
버거_콰트로 맥앤치즈 버거	노브랜드버거	빵 및 과자류	20.6	282	10.8	223	D
버거_코울슬로치킨 버거	노브랜드버거	빵 및 과자류	22	255	11	218	D
버거_케이준비프 스낵랩	맥도날드	빵 및 과자류	22.6	302	10.8	102	D
버거_칠리새우 버거	맘스터치	빵 및 과자류	27.5	245	7	200	D
버거_치플레핫치킨 버거	노브랜드버거	빵 및 과자류	21	234	9.2	195	D
버거_치즈 버거	맥도날드	빵 및 과자류	30.4	277	13.9	115	D
버거_청양마요미트볼 버거	맘스터치	빵 및 과자류	21.6	265	12	301	D
버거_창녕갈릭치킨 버거	맥도날드	빵 및 과자류	24.2	232	8.4	298	D
버거_창녕갈릭비프 버거	맥도날드	빵 및 과자류	23	250	10	270	D
버거_징거 더블다운맥스 버거	KFC	빵 및 과자류	9	216	16.6	349	D
버거_징거 BLT 버거	KFC	빵 및 과자류	15.1	210	13.5	259	D
버거_인크레더블 버거	맘스터치	빵 및 과자류	19.2	240	12.2	312	D
버거_오리지널미트볼 버거	맘스터치	빵 및 과자류	20.1	269	11.2	303	D
버거_에그불고기 버거	맥도날드	빵 및 과자류	19.8	221	9.5	222	D
버거_언빌리버블 버거	맘스터치	빵 및 과자류	17.2	228	13.3	338	D
버거_아라비아따치즈 버거	맘스터치	빵 및 과자류	21.4	256	13.3	309	D
버거_싸이플렉스 버거	맘스터치	빵 및 과자류	19.2	244	10.8	406	D
버거_싸이 버거	맘스터치	빵 및 과자류	19.1	258	12.2	230	D
버거_스파이시치킨 스낵랩	맥도날드	빵 및 과자류	23.2	271	10.7	112	D
버거_스콜쳐 버거 플러스	KFC	빵 및 과자류	22.3	271	8.9	292	D
버거_스모키살사 버거	노브랜드버거	빵 및 과자류	17.2	209	8.8	215	D
버거_스리라차치킨 버거	노브랜드버거	빵 및 과자류	23.9	239	11.5	218	D
버거_슈슈 버거	맥도날드	빵 및 과자류	26.8	183	5.4	224	D
버거_슈비 버거	맥도날드	빵 및 과자류	23.8	201	7.4	269	D
버거_쉬림프싸이플렉스 버거	맘스터치	빵 및 과자류	24.9	285	9.6	301	D
버거_새우불고기 버거	맘스터치	빵 및 과자류	26.6	238	7.5	252	D
버거_빅맥 버거	맥도날드	빵 및 과자류	22.4	261	12.1	223	D
버거_비프스테이크 버거	맘스터치	빵 및 과자류	18.1	274	13.3	270	D
버거_불싸이 버거	맘스터치	빵 및 과자류	23.9	236	12.2	230	D
버거_불고기 버거	맥도날드	빵 및 과자류	26.4	245	8.4	167	D
버거_불고기 버거	맘스터치	빵 및 과자류	28.1	246	8.5	164	D
버거_베이컨토마토디럭스 버거	맥도날드	빵 및 과자류	21.9	231	11.7	247	D
버거_미트마니아 버거	노브랜드버거	빵 및 과자류	13.8	246	12.1	305	D
버거_메가바이트 버거	노브랜드버거	빵 및 과자류	21.8	304	8.8	216	D
버거_맥크리스피클래식 버거	맥도날드	빵 및 과자류	29.1	290	11.3	203	D
버거_맥크리스피디럭스 버거	맥도날드	빵 및 과자류	22.7	223	8.6	269	D
버거_맥치킨모짜렐라 버거	맥도날드	빵 및 과자류	25.9	254	10.6	293	D
버거_맥치킨 버거	맥도날드	빵 및 과자류	23.3	254	10.2	206	D
버거_맥스파이시상하이 버거	맥도날드	빵 및 과자류	21.5	204	9.8	246	D
버거_마라싸이 버거	맘스터치	빵 및 과자류	24.6	289	12.5	224	D
버거_딥치즈싸이 버거	맘스터치	빵 및 과자류	19.9	266	12.2	246	D
버거_딥치즈 버거	맘스터치	빵 및 과자류	16	215	14.9	281	D
버거_디럭스불고기 버거	맘스터치	빵 및 과자류	23.3	260	10.2	236	D
버거_더블쿼터파운더치즈 버거	맥도날드	빵 및 과자류	15.6	280	18.2	275	D
버거_더블치즈 베이컨 시그니처 버거	노브랜드버거	빵 및 과자류	16.7	242	11	228	D
버거_더블치즈 버거	맥도날드	빵 및 과자류	23.4	287	16.2	167	D
버거_더블불고기 버거	맥도날드	빵 및 과자류	20.2	268	11	237	D
버거_그릴드비프 버거	맘스터치	빵 및 과자류	16.7	242	12	233	D
버거_그릴드불고기 버거	노브랜드버거	빵 및 과자류	23.8	260	9.8	164	D
버거_그릴드더블비프 버거	맘스터치	빵 및 과자류	12.2	251	15.2	329	D
버거_골든맥앤치즈치킨 버거	맘스터치	빵 및 과자류	23.5	217	10	289	D
버거_골든맥앤치즈비프 버거	맘스터치	빵 및 과자류	19.5	250	12.3	236	D
버거_갈릭앤갈릭 버거	노브랜드버거	빵 및 과자류	24	278	9.1	175	D
버거_갈릭바베큐치킨 버거	맘스터치	빵 및 과자류	18.5	232	11.2	287	D
버거_NBB 오리지널 버거	노브랜드버거	빵 및 과자류	18.5	232	9	189	D
버거_NBB 어메이징 버거	노브랜드버거	빵 및 과자류	13.1	257	11.3	282	D
버거_NBB 시그니처 버거	노브랜드버거	빵 및 과자류	17.4	249	9.9	213	D
버거_1955 버거	맥도날드	빵 및 과자류	18.2	217	11	264	D
뱅어포튀김		튀김류	34	732	41.2	10	D
뱅어포무침		생채·무침류	11.5	411	48.3	29	D
뱅어포구이		구이류	25.1	374	34.4	70	D
밴댕이무침		생채·무침류	11.5	150	7.5	400	D
백합죽		죽 및 스프류	12.1	65	2.4	700	D
백설기_검정콩		빵 및 과자류	48.3	229	5.8	100	D
백설기		빵 및 과자류	50.4	230	3.7	100	D
백김치		김치류	3	16	0.9	100	D
배추전		전·적 및 부침류	10.4	111	3.3	96	D
배추숙주나물		나물·숙채류	3.6	22	1.5	44	D
배추나물_된장		나물·숙채류	4.2	32	1.7	120	D
배추나물_간장_소금		나물·숙채류	2.5	18	1	140	D
배추나물_간장		나물·숙채류	4.1	31	1.8	87	D
배추나물		나물·숙채류	8	53	2.4	80	D
배추김치_여름재배		김치류	6.6	38	1.8	100	D
배추김치_봄재배		김치류	6	39	2.2	100	D
배추김치_가을재배		김치류	6.1	37	1.9	100	D
배추김치		김치류	6.5	38	2	100	D
배추국_소고기		국 및 탕류	1.1	16	1.8	400	D
배추국_들깨		국 및 탕류	1.9	21	1.1	166	D
배추국		국 및 탕류	0.9	9	1.3	166	D
배추겉절이		생채·무침류	7.1	40	1.9	100	D
배추 된장국_소고기		국 및 탕류	2.2	30	2.9	270	D
배추 된장국_바지락		국 및 탕류	2.1	25	3	320	D
배추 된장국		국 및 탕류	2	17	1.7	260	D
배추 겉절이		생채·무침류	5.3	30	1.5	148	D
방풍나물무침		나물·숙채류	10.7	76	4.4	80	D
방풍나물_소금		나물·숙채류	3.7	23	1.1	50	D
방풍나물_된장		나물·숙채류	4.9	31	1.6	50	D
방풍나물_고추장		나물·숙채류	7.2	37	1.5	50	D
밤밥		밥류	32.6	152	3.4	210	D
바지락찜		찜류	9.2	83	8	147	D
바지락국		국 및 탕류	0.7	17	2.2	203	D
바지락 수제비_감자		면 및 만두류	7.5	43	1.7	1073	D
바지락 미역국_떡		국 및 탕류	1.1	8	0.9	190	D
바지락 미역국		국 및 탕류	1.2	13	1.9	300	D
바지락 된장국		국 및 탕류	1.8	16	1.6	300	D
바게트_프렌치마늘바게뜨	파리바게뜨	빵 및 과자류	46	323	6.8	161	D
바게트_크림치즈모닝바게뜨 (H)	파리바게뜨	빵 및 과자류	46.2	292	9.8	132	D
바게트_콘에그바게뜨	파리바게뜨	빵 및 과자류	22.7	265	8.1	172	D
바게트_정통바게뜨	파리바게뜨	빵 및 과자류	51	255	9	270	D
바게트_스위트깜빠뉴	롤링핀	빵 및 과자류	39.8	264	7.2	290	D
바게트_바게트볼	굽네치킨	빵 및 과자류	45	390	7	100	D
바게트_무화과크림 바게트	롤링핀	빵 및 과자류	44.9	405	5.8	140	D
바게트_명란바게뜨	파리바게뜨	빵 및 과자류	41.2	350	7.5	80	D
바게트_마늘모닝바게뜨	파리바게뜨	빵 및 과자류	51.9	324	8.6	210	D
바게트_달콤바삭연유바게뜨	파리바게뜨	빵 및 과자류	48.4	374	6.6	182	D
바게트_갈릭바게뜨	파리바게뜨	빵 및 과자류	45	375	7.5	80	D
바게트_NEW마늘바게뜨	파리바게뜨	빵 및 과자류	51.7	308	8.3	265	D
바게트_NEW 모닝바게뜨	파리바게뜨	빵 및 과자류	51.6	258	8.9	190	D
밀푀유나베_간편조리세트_밀푀유나베	HY 잇츠온	찌개 및 전골류	3.8	41	3.7	100	D
밀푀유나베_간편조리세트_밀푀유나베	프레시지	찌개 및 전골류	5.9	47	3.5	1473	D
밀푀유나베_간편조리세트_밀푀유나베	GS 리테일 심플리쿡	찌개 및 전골류	1.8	36	3.5	100	D
밀푀유나베_간편조리세트_매콤 밀푀유나베	프레시지	찌개 및 전골류	2.5	55	4.1	1269	D
밀크티_흑당밀크 아이스(ICED)	컴포즈커피	음료 및 차류	8.2	63	1.3	591	D
밀크티_흑당		음료 및 차류	15.4	94	2.4	100	D
밀크티_타로		음료 및 차류	11.9	102	0.4	100	D
밀크티_초콜릿		음료 및 차류	9.6	76	1.2	100	D
밀크티_블랙		음료 및 차류	5.3	49	1	100	D
밀크티/버블티_흑당 버블티 아이스(ICED)	바나프레소	음료 및 차류	12.5	69	1.2	650	D
밀크티/버블티_흑당 버블티 (ML)	더리터	음료 및 차류	5.5	44	1.1	710	D
밀크티/버블티_흑당 버블티 (L)	더리터	음료 및 차류	6	45	1.2	1000	D
밀크티/버블티_흑당 버블티	탐앤탐스	음료 및 차류	15.7	83	1.3	470	D
밀크티/버블티_흑당 밀크티 아이스(ICED)	바나프레소	음료 및 차류	8.8	59	1.4	650	D
밀크티/버블티_피스타치오 버블티 (ML)	더리터	음료 및 차류	7.5	54	1.1	710	D
밀크티/버블티_피스타치오 버블티 (L)	더리터	음료 및 차류	7.8	54	1.2	1000	D
밀크티/버블티_타로 버블티	카페봄봄	음료 및 차류	12.1	71	1.3	100	D
밀크티/버블티_클래식 밀크티 핫(HOT)	바나프레소	음료 및 차류	9.3	69	1.9	500	D
밀크티/버블티_클래식 밀크티 아이스(ICED)	바나프레소	음료 및 차류	6	36	0.8	650	D
밀크티/버블티_초코 버블티	카페봄봄	음료 및 차류	12	68	1.5	100	D
밀크티/버블티_청송 사과 밀크티 핫(HOT)	더리터	음료 및 차류	9.6	58	1.6	710	D
밀크티/버블티_청송 사과 밀크티 아이스(ICED) (ML)	더리터	음료 및 차류	9	52	1.3	710	D
밀크티/버블티_청송 사과 밀크티 아이스(ICED) (L)	더리터	음료 및 차류	8.8	51	1.3	1000	D
밀크티/버블티_자스민우롱 밀크티 핫(HOT)	바나프레소	음료 및 차류	7.2	62	2.2	500	D
밀크티/버블티_자스민우롱 밀크티 아이스(ICED)	바나프레소	음료 및 차류	4.8	37	1.2	650	D
밀크티/버블티_자색고구마 버블티(ML)	더리터	음료 및 차류	5.8	45	1	710	D
밀크티/버블티_자색고구마 버블티 (L)	더리터	음료 및 차류	6.5	46	1	1000	D
밀크티/버블티_우롱 버블티 (ML)	더리터	음료 및 차류	7.7	52	1.1	710	D
밀크티/버블티_우롱 버블티 (L)	더리터	음료 및 차류	7.5	51	1.3	1000	D
밀크티/버블티_우롱 밀크티 핫(HOT)	더리터	음료 및 차류	9.9	58	1.7	710	D
밀크티/버블티_우롱 밀크티 아이스(ICED) (ML)	더리터	음료 및 차류	8.4	49	1.4	710	D
밀크티/버블티_우롱 밀크티 아이스(ICED) (L)	더리터	음료 및 차류	8.3	49	1.4	1000	D
밀크티/버블티_얼그레이버블티 아이스(ICED)	바나프레소	음료 및 차류	10.8	59	0.9	650	D
밀크티/버블티_얼그레이 버블티 (ML)	더리터	음료 및 차류	6.8	34	1.1	710	D
밀크티/버블티_얼그레이 버블티 (L)	더리터	음료 및 차류	6.7	47	1.3	1000	D
밀크티/버블티_얼그레이 버블티	카페봄봄	음료 및 차류	11.1	62	1.2	100	D
밀크티/버블티_얼그레이 밀크티 핫(HOT)	더리터	음료 및 차류	8.7	54	1.7	710	D
밀크티/버블티_얼그레이 밀크티 핫(HOT)	바나프레소	음료 및 차류	8.8	60	1.4	650	D
밀크티/버블티_얼그레이 밀크티 핫(HOT)	엔제리너스	음료 및 차류	13.9	92	2.4	380	D
밀크티/버블티_얼그레이 밀크티 핫(HOT)	탐앤탐스	음료 및 차류	6.5	65	2.6	310	D
밀크티/버블티_얼그레이 밀크티 아이스(ICED)	탐앤탐스	음료 및 차류	4	41	1.5	470	D
밀크티/버블티_얼그레이 밀크티 아이스(ICED)	바나프레소	음료 및 차류	8.3	53	1.1	650	D
밀크티/버블티_얼그레이 밀크티 아이스(ICED)	더리터	음료 및 차류	7.5	45	1.4	710	D
밀크티/버블티_얼그레이 밀크티 아이스(ICED)	엔제리너스	음료 및 차류	11.1	66	1.6	440	D
밀크티/버블티_블랙슈가 버블티	카페봄봄	음료 및 차류	11.6	67	1.3	100	D
밀크티/버블티_밀크티 아이스(ICED)	컴포즈커피	음료 및 차류	6.7	46	1.1	591	D
밀크티/버블티_밀크티 달구나 핫(HOT) (ML)	더리터	음료 및 차류	11.7	68	1.9	591	D
밀크티/버블티_밀크티 달구나 아이스(ICED) (ML)	더리터	음료 및 차류	9.2	51	1.1	710	D
밀크티/버블티_밀크티 달구나 아이스(ICED) (L)	더리터	음료 및 차류	9.9	56	1.4	946	D
밀크티/버블티_말차 버블티 (ML)	더리터	음료 및 차류	5.6	45	1.1	710	D
밀크티/버블티_말차 버블티 (L)	더리터	음료 및 차류	6.3	46	1.3	1000	D
밀크티/버블티_로열 밀크티 핫(HOT)	바나프레소	음료 및 차류	11.7	80	2	500	D
밀크티/버블티_로열 밀크티 아이스(ICED)	바나프레소	음료 및 차류	8.2	51	1.1	650	D
밀크티/버블티_로얄 밀크티 핫(HOT)	탐앤탐스	음료 및 차류	16.4	112	2.6	310	D
밀크티/버블티_로얄 밀크티 아이스(ICED)	탐앤탐스	음료 및 차류	11.9	74	1.5	410	D
밀크티/버블티_그린 밀크티 핫(HOT)	엔제리너스	음료 및 차류	11.9	83	3	403	D
밀크티/버블티_그린 밀크티 아이스(ICED)	엔제리너스	음료 및 차류	9.4	59	1.8	448	D
밀크티/버블티		음료 및 차류	11.1	62	1.2	414	D
밀크쉐이크_바닐라		유제품류 및 빙과류	17	113	2.4	100	D
밀면_물밀면		면 및 만두류	14.2	71	2.5	100	D
민어구이		구이류	0.4	106	12.6	100	D
민어 매운탕		찌개 및 전골류	3	35	4.5	450	D
민들레잎무침		생채·무침류	12.3	81	2.7	90	D
민들레무침		나물·숙채류	4.6	27	1.2	50	D
미트볼조림_샤샤삭슈카	롤링핀	조림류	10.7	108	4.7	370	D
미트볼조림		조림류	16.1	156	5.8	105	D
미트 스파게티		면 및 만두류	18.6	109	4.3	350	D
미음_현미		죽 및 스프류	4.4	19	0.4	100	D
미음_칠분도미		죽 및 스프류	4.6	20	0.3	100	D
미음		죽 및 스프류	4.7	19	0.3	100	D
미역튀각		튀김류	21.1	443	13.2	50	D
미역초무침		생채·무침류	5.2	35	1.2	100	D
미역줄기볶음_미역줄기_채소		볶음류	3.3	35	0.7	70	D
미역줄기볶음_미역줄기		볶음류	3.1	39	1.2	140	D
미역줄기볶음		볶음류	4.8	77	1	100	D
미역냉국_오이_고추		국 및 탕류	3.1	14	0.6	300	D
미역냉국_오이		국 및 탕류	2.7	11	0.5	300	D
미역냉국		국 및 탕류	2.6	26	0.9	160	D
미역국_홍합		국 및 탕류	1.8	26	3	650	D
미역국_참치		국 및 탕류	0.9	19	2.6	100	D
미역국_소고기		국 및 탕류	0.7	23	1.8	320	D
미역국_새우		국 및 탕류	1.8	16	1.1	400	D
미역국_북어		국 및 탕류	0.8	11	1.8	300	D
미역국_바지락		국 및 탕류	0.9	9	0.9	190	D
미역국_들깨		국 및 탕류	1.3	17	0.8	180	D
미역국_대합		국 및 탕류	0.6	11	1.2	400	D
미역국_굴		국 및 탕류	1.4	17	1.4	100	D
미역국		국 및 탕류	0.9	10	0.8	200	D
미역 오이무침		생채·무침류	12.3	61	1.8	100	D
미역 된장국		국 및 탕류	1.8	15	1.2	280	D
미숫가루(선식)음료		음료 및 차류	27.7	128	2.9	100	D
미숫가루		음료 및 차류	11	76	3.6	500	D
미소된장국		국 및 탕류	2.1	23	1.9	150	D
미더덕찜		찜류	8.1	77	7.7	119	D
미나리전		전·적 및 부침류	22.8	151	3.5	150	D
미나리무침_고추장		생채·무침류	3.6	20	0.9	100	D
미나리무침		생채·무침류	2.9	20	1	50	D
미나리나물_팽이버섯		나물·숙채류	2	16	0.8	50	D
미나리나물_소금		나물·숙채류	3.2	27	1.2	70	D
미나리나물_모듬		나물·숙채류	3	20	1	50	D
미나리나물_고추장		나물·숙채류	4.8	25	1.2	50	D
미나리나물		나물·숙채류	4.5	59	2	50	D
미나리 초무침		생채·무침류	7.9	49	2.1	36	D
미꾸라지튀김		튀김류	28.9	387	10.9	100	D
물회_오징어		생채·무침류	3.3	49	6.2	700	D
물회_생선		생채·무침류	10.3	72	4.3	800	D
물회		생채·무침류	7.9	76	4.9	700	D
물만두		면 및 만두류	13	98	6.6	350	D
물냉면_열무		면 및 만두류	16.4	95	4.7	578	D
물냉면		면 및 만두류	14.2	83	4.2	748	D
물김치_돌나물		김치류	0.8	5	0.3	400	D
문어볶음_고추장		볶음류	8.6	88	11	200	D
문어볶음		볶음류	5.5	67	5.9	223	D
문어무침		생채·무침류	5.3	70	8	130	D
묵밥		밥류	13	70	2.6	600	D
묵무침_청포묵		생채·무침류	9.1	60	1.2	250	D
묵무침_도토리묵		생채·무침류	10.9	74	0.9	200	D
묵말이_도토리묵		국 및 탕류	6.9	36	0.5	1300	D
묵국_메밀묵		국 및 탕류	3.6	22	1	400	D
무초절임(치킨무)		장아찌·절임류	3	17	0.5	130	D
무청나물		나물·숙채류	6	80	2.8	100	D
무짠지		장아찌·절임류	2	11	0.5	50	D
무지개떡		빵 및 과자류	53	229	3.5	100	D
무조림		조림류	4.3	48	2.3	79	D
무장아찌		장아찌·절임류	14.2	116	2.5	30	D
무숙장아찌		장아찌·절임류	4.8	93	3.7	94	D
무생채_액젓		생채·무침류	8.2	42	1.2	50	D
무생채_식초		생채·무침류	8.2	40	1.1	50	D
무생채_미역		생채·무침류	7.6	34	1.2	42	D
무생채_미나리		생채·무침류	8.5	46	1.4	85	D
무생채_굴		생채·무침류	6.5	41	2.6	100	D
무생채(무만)		생채·무침류	5.8	30	1	120	D
무생채		생채·무침류	8.2	40	1.1	120	D
무밥		밥류	36.7	177	3.7	246	D
무말랭이장아찌		장아찌·절임류	18.3	117	4.1	94	D
무말랭이무침_오징어		생채·무침류	21.1	150	10	100	D
무말랭이무침		생채·무침류	22.5	121	4.2	85	D
무나물무침		나물·숙채류	3.6	21	0.6	50	D
무나물		나물·숙채류	3.8	36	0.7	60	D
무국물		국 및 탕류	0.6	3	0.2	100	D
무국_홍합		국 및 탕류	0.9	25	0.8	350	D
무국_어묵		국 및 탕류	2.6	22	1.9	320	D
무국_소고기_콩나물		국 및 탕류	2.2	36	2.9	300	D
무국_소고기_두부		국 및 탕류	0.9	27	2	200	D
무국_소고기_당면		국 및 탕류	5.4	45	1.9	169	D
무국_소고기_느타리		국 및 탕류	1.9	32	1.7	233	D
무국_소고기		국 및 탕류	1	26	1.9	300	D
무국_들깨		국 및 탕류	1.6	15	0.6	270	D
무국		국 및 탕류	1.3	7	0.3	320	D
무 파래무침		생채·무침류	4.9	23	1.1	130	D
무 어묵조림		조림류	14.9	112	6.3	108	D
무 북어국		국 및 탕류	1.1	27	4.1	300	D
무 된장국		국 및 탕류	2.1	18	1.6	280	D
몸국		국 및 탕류	1.5	22	2.9	650	D
모카빵		빵 및 과자류	58	339	8.6	150	D
모싯잎송편_동부(수입산)		빵 및 과자류	39.9	190	6	100	D
모싯잎송편_동부(국내산)		빵 및 과자류	40.7	190	5.3	100	D
모싯잎송편_동부		빵 및 과자류	40.3	190	5.7	100	D
모밀국수		면 및 만두류	25.3	126	4.8	340	D
모듬회		수·조·어·육류	5.2	133	22.5	150	D
모듬채소전골		찌개 및 전골류	2.1	20	1.8	450	D
모듬채소전		전·적 및 부침류	21.3	154	3.4	110	D
모듬찰떡		빵 및 과자류	42.6	233	6.3	100	D
모듬버섯볶음		볶음류	6.8	69	3	100	D
모듬배추나물_된장		나물·숙채류	4.3	33	1.7	120	D
모듬 콩조림		조림류	15.4	181	11.1	15	D
모듬 초밥		밥류	28.6	189	10	245	D
모듬 김밥		밥류	17.5	113	4.2	400	D
모닝빵_초코아몬드브레드	파리바게뜨	빵 및 과자류	48.8	372	8.5	129	D
모닝빵_우유듬뿍연유브레드 (대)	파리바게뜨	빵 및 과자류	57.5	396	6.8	280	D
모닝빵_우유듬뿍연유브레드	파리바게뜨	빵 및 과자류	57.8	396	7	187	D
모닝빵_스위트밀크롤 (6개입)	파리바게뜨	빵 및 과자류	49.2	383	8.3	132	D
모닝빵_스위트밀크롤 (5개입)	파리바게뜨	빵 및 과자류	49.1	382	9.1	110	D
모닝빵_스위트밀크롤 (4개입)	파리바게뜨	빵 및 과자류	48.9	381	9.1	88	D
모닝빵_스위트밀크롤 (3개입)	파리바게뜨	빵 및 과자류	50	386	9.1	66	D
모닝빵_스위트밀크롤 (2개입)	파리바게뜨	빵 및 과자류	50	386	9.1	44	D
모닝빵_스위트밀크롤 (1개입)	파리바게뜨	빵 및 과자류	50	386	9.1	22	D
모닝빵		빵 및 과자류	52.2	314	9.5	70	D
명태 매운탕		찌개 및 전골류	3.1	49	7.1	625	D
명란찜		찜류	3.1	61	7.1	125	D
명란찌개		찌개 및 전골류	2.7	27	3.1	263	D
명란젓_양념		젓갈류	4	147	18	100	D
멸치조림		조림류	6.5	150	15	60	D
멸치젓_양념		젓갈류	7.4	90	11.4	5	D
멸치볶음_풋고추		볶음류	17	262	23.2	50	D
멸치볶음_마늘쫑		볶음류	12.4	277	32.4	50	D
멸치볶음_꽈리고추		볶음류	8	253	23.6	90	D
멸치볶음_견과류		볶음류	7.5	172	13	15	D
멸치볶음(멸치만)		볶음류	5.2	114	14.9	80	D
멸치볶음		볶음류	5.2	114	14.9	80	D
멸치 미역국		국 및 탕류	0.7	9	1.1	320	D
멘보샤_텃만꿍멘보샤 (4개)	호식이두마리치킨	튀김류	22.7	228	8.3	100	D
멘보샤		튀김류	13.2	289	10.5	100	D
멕시컨샐러드		생채·무침류	7.1	96	3.7	166	D
메추리알장조림_꽈리고추		조림류	5.6	96	6.6	75	D
메추리알장조림		조림류	8.9	151	11.3	62	D
메추리알 어묵조림		조림류	15.4	156	9.3	67	D
메추리알 돼지고기장조림		조림류	4.6	131	12.5	150	D
메밀전		전·적 및 부침류	34.8	161	4	180	D
메밀소바_간편조리세트_부타이 마제소바	GS 리테일 심플리쿡	면 및 만두류	21.4	146	5.7	914	D
메밀소바		면 및 만두류	18	86	2.5	400	D
메밀묵국		국 및 탕류	12	65	1.6	144	D
메밀묵 무침		생채·무침류	12.1	65	1.6	144	D
메밀국수_온면		면 및 만두류	12.1	63	3.1	350	D
메기찜		찜류	5.4	71	7.3	528	D
메기 매운탕		찌개 및 전골류	7.4	59	4	760	D
머핀_휘낭시에 플레인	크로플덕오리아가씨	빵 및 과자류	53.5	447	4.7	43	D
머핀_휘낭시에 크림치즈	크로플덕오리아가씨	빵 및 과자류	55.8	509	7	43	D
머핀_휘낭시에 오레오	크로플덕오리아가씨	빵 및 과자류	69.8	563	7	43	D
머핀_휘낭시에 약과	크로플덕오리아가씨	빵 및 과자류	72.1	572	7	43	D
머핀_휘낭시에 소시지	크로플덕오리아가씨	빵 및 과자류	55.8	667	11.6	43	D
머핀_휘낭시에 소보로	크로플덕오리아가씨	빵 및 과자류	65.1	526	7	43	D
머핀_휘낭시에 로투스	크로플덕오리아가씨	빵 및 과자류	67.4	535	7	43	D
머핀_허쉬초코 머핀	던킨도너츠	빵 및 과자류	51	440	7	100	D
머핀_크림치즈 머핀	이디야	빵 및 과자류	45.5	393	6.4	110	D
머핀_캐러멜 마들렌	롤링핀	빵 및 과자류	45.1	394	5.6	35	D
머핀_초코 마들렌	롤링핀	빵 및 과자류	42	418	6.5	35	D
머핀_블루베리 머핀	이디야	빵 및 과자류	45.5	394	5.5	110	D
머핀_레몬 마들렌	롤링핀	빵 및 과자류	42.3	397	5.9	35	D
머핀_게랑트쇼콜라 (L)	롤링핀	빵 및 과자류	62	536	4.7	70	D
머핀		빵 및 과자류	59.1	384	5.7	130	D
머위대나물무침		나물·숙채류	4.8	58	4	50	D
머위나물볶음		볶음류	5.1	72	2.3	150	D
머위나물무침		나물·숙채류	2.5	85	1.6	100	D
머위나물_소금		나물·숙채류	3.1	31	2.2	100	D
머위나물		나물·숙채류	2.4	25	1.5	60	D
매작과		빵 및 과자류	66.1	413	7.5	30	D
매운탕_해물		찌개 및 전골류	2.5	35	4.8	650	D
매운탕_짱뚱어		찌개 및 전골류	2.8	31	1.9	600	D
매운탕_조기		찌개 및 전골류	2.9	64	5.8	600	D
매운탕_우럭		찌개 및 전골류	1.9	68	8.7	700	D
매운탕_아귀		찌개 및 전골류	2.3	43	6.8	600	D
매운탕_서더리		찌개 및 전골류	0.6	30	4	100	D
매운탕_메기_해물		찌개 및 전골류	4.4	45	4.1	720	D
매운탕_메기		찌개 및 전골류	8.1	67	4.8	760	D
매운탕_동태_해물		찌개 및 전골류	1.8	36	5.8	930	D
매운탕_대구		찌개 및 전골류	2.8	60	9.6	600	D
매운탕_광어		찌개 및 전골류	1.5	70	9.7	600	D
매운 어묵볶음		볶음류	11	90	5.1	100	D
매실장아찌_우메보시(일본)		장아찌·절임류	11	65	1.3	30	D
매실장아찌		장아찌·절임류	58.1	243	1.6	30	D
매생이국		국 및 탕류	2.7	24	2	500	D
망둥어찜		찜류	3	52	8.5	176	D
망둥어찌개		찌개 및 전골류	3.4	44	5.9	299	D
맛살전		전·적 및 부침류	29.8	230	9.9	92	D
만두탕수		면 및 만두류	11.4	88	3	450	D
만두전골_간편조리세트_얼큰왕만두전골	HY 잇츠온	찌개 및 전골류	11.3	75	2.7	100	D
만두전골		찌개 및 전골류	5.5	57	3.6	100	D
만두국_사골		면 및 만두류	8.9	87	3.7	700	D
만두국_김치만두		면 및 만두류	7.6	66	3.7	600	D
만두국_고기만두		면 및 만두류	7.1	59	3	380	D
만두국		면 및 만두류	6.8	62	3.1	700	D
만두_물만두		면 및 만두류	15.6	195	8.1	230	D
만두_김치만두		면 및 만두류	23.8	187	8.1	220	D
만두_군만두		면 및 만두류	25.6	234	7	220	D
만두_고기만두		면 및 만두류	27.8	208	9.4	220	D
막창구이_소고기		구이류	0.4	358	15.3	100	D
막국수		면 및 만두류	15.7	83	3.4	632	D
마파두부_간편조리세트_백리향 마파두부	프레시지	볶음류	4.6	129	7.4	742	D
마파두부		볶음류	9.5	139	8.2	100	D
마테차_스위트마테	카페봄봄	음료 및 차류	0.3	2	0.1	100	D
마카롱_황치즈 마카롱	바나프레소	빵 및 과자류	59	553	7.7	32	D
마카롱_프렌치 블루베리 마카롱	파리바게뜨	빵 및 과자류	50	375	4.2	24	D
마카롱_크림브륄레 마카롱	더리터	빵 및 과자류	48	493	7	30	D
마카롱_쿠키프라페 마카롱	메가커피	빵 및 과자류	58	480	6	50	D
마카롱_쿠키앤크림 마카롱	바나프레소	빵 및 과자류	62.5	550	7.5	32	D
마카롱_치즈케이크 마카롱	더리터	빵 및 과자류	45	450	7	30	D
마카롱_초콜릿 마카롱	바나프레소	빵 및 과자류	62.4	550	7.7	32	D
마카롱_초코떡카롱	파리바게뜨	빵 및 과자류	45.8	375	8.3	24	D
마카롱_초코가나슈 마카롱	바나프레소	빵 및 과자류	59.2	410	6	40	D
마카롱_초코 마카롱	파리바게뜨	빵 및 과자류	41.7	375	8.3	24	D
마카롱_유자가나슈 마카롱	파리바게뜨	빵 및 과자류	41.7	375	4.2	24	D
마카롱_우유 마카롱	바나프레소	빵 및 과자류	60.6	538	9.8	32	D
마카롱_요거트 마카롱	더리터	빵 및 과자류	56.3	447	6.7	30	D
마카롱_오렌지얼그레이 마카롱	더리터	빵 및 과자류	54	427	7	30	D
마카롱_아몬드봉봉 마카롱	바나프레소	빵 및 과자류	61.8	559	7.5	32	D
마카롱_순우유 마카롱	바나프레소	빵 및 과자류	56	438	4.5	40	D
마카롱_솔티드카라멜 마카롱	더리터	빵 및 과자류	59	437	6.3	30	D
마카롱_산딸기 마카롱	바나프레소	빵 및 과자류	62.2	516	6.6	32	D
마카롱_블루베리요거트 마카롱	바나프레소	빵 및 과자류	64	428	5.5	40	D
마카롱_벚꽃 마카롱 5종 세트	커피빈	빵 및 과자류	51.3	456	6.9	150	D
마카롱_바닐라 마카롱	파리바게뜨	빵 및 과자류	45.8	396	4.2	24	D
마카롱_메가초코 마카롱	메가커피	빵 및 과자류	48	502	8	50	D
마카롱_라즈베리 마카롱	바나프레소	빵 및 과자류	64.2	418	6.2	40	D
마카롱_딸기요거트 마카롱	메가커피	빵 및 과자류	50	452	6	50	D
마카롱_딸기가나슈 마카롱	파리바게뜨	빵 및 과자류	45.8	375	4.2	24	D
마카롱_딸기 마카롱	바나프레소	빵 및 과자류	70.3	541	7.8	32	D
마카롱		빵 및 과자류	45.2	480	6.9	100	D
마카로니 샐러드		생채·무침류	13.8	138	2.4	170	D
마라탕_간편조리세트_마라탕	프레시지	찌개 및 전골류	5.7	88	4.6	873	D
마라탕		찌개 및 전골류	5.1	66	3.9	100	D
마늘쫑조림_멸치		조림류	9.1	60	4.7	50	D
마늘쫑조림		조림류	31.4	217	4.9	46	D
마늘쫑장아찌무침		생채·무침류	17.7	79	1.3	50	D
마늘쫑장아찌_고추장		장아찌·절임류	21	110	2.6	50	D
마늘쫑장아찌_간장		장아찌·절임류	10.8	60	2	50	D
마늘쫑장아찌		장아찌·절임류	27.3	118	2	100	D
마늘쫑볶음_잔멸치		볶음류	16.2	126	4.5	76	D
마늘쫑볶음_멸치		볶음류	15.4	117	7.5	50	D
마늘쫑볶음_건어물		볶음류	6.2	73	7.4	50	D
마늘쫑볶음_건새우		볶음류	5.7	61	5.2	60	D
마늘쫑볶음_간장		볶음류	8.2	89	3	100	D
마늘쫑볶음		볶음류	13.2	89	3.2	140	D
마늘쫑무침		생채·무침류	17.9	76	2.5	50	D
마늘장아찌무침		생채·무침류	21.9	99	1.9	40	D
마늘장아찌		장아찌·절임류	25.4	113	2.4	100	D
마늘빵_프렌치마늘빵 (5개입)	파리바게뜨	빵 및 과자류	52.4	352	6.7	105	D
마늘빵_프렌치마늘빵	파리바게뜨	빵 및 과자류	52.4	357	4.8	21	D
마늘빵_부드러운갈릭브레드	파리바게뜨	빵 및 과자류	44	327	6	150	D
마늘빵		빵 및 과자류	57.9	438	12.1	50	D
리소토/리조또_간편조리세트_쉬림프로제리조또	HY 잇츠온	밥류	18.6	176	3.4	811	D
리소토/리조또_간편조리세트_베이컨버섯크림리조또	HY 잇츠온	밥류	15.9	187	3.1	888	D
롤빵_우유 생크림롤	파리바게뜨	빵 및 과자류	26.2	306	5.6	160	D
롤빵_달달연유롤빵 (3개입)	파리바게뜨	빵 및 과자류	45.6	399	6.5	138	D
롤빵_달달연유롤빵	파리바게뜨	빵 및 과자류	45.6	402	6.5	46	D
레몬청차		음료 및 차류	14.8	60	0.1	100	D
레몬차_허니레몬 핫(HOT)	엔제리너스	음료 및 차류	16	64	0.2	426	D
레몬차_허니레몬 아이스(ICED)	엔제리너스	음료 및 차류	14	56	0.2	486	D
레몬차_레몬티 핫(HOT)	바나프레소	음료 및 차류	8.5	34	0.1	500	D
레몬차_레몬티 핫(HOT)	탐앤탐스	음료 및 차류	7.4	30	0.3	310	D
레몬차_레몬티 아이스(ICED)	탐앤탐스	음료 및 차류	5.6	22	0.2	410	D
레몬차_레몬티 아이스(ICED)	바나프레소	음료 및 차류	6.6	26	0.1	650	D
레몬차_레몬티	카페봄봄	음료 및 차류	11	47	0.5	100	D
레몬차_레몬티	컴포즈커피	음료 및 차류	10.1	41	0	591	D
레몬차_레몬차 핫(HOT) (ML)	더리터	음료 및 차류	10.7	43	0	591	D
레몬차_레몬차 핫(HOT)	메가커피	음료 및 차류	11.6	47	0.1	591	D
레몬차_레몬차 아이스(ICED) (ML)	더리터	음료 및 차류	8.9	36	0	710	D
레몬차_레몬차 아이스(ICED) (L)	더리터	음료 및 차류	8.7	35	0	946	D
레몬차_레몬차 아이스(ICED)	메가커피	음료 및 차류	11.5	46	0	710	D
런천미트구이		구이류	3.3	303	17.6	43	D
라조기		튀김류	19.1	187	13.5	198	D
라볶이		볶음류	18.5	113	2	475	D
라면_콩나물		면 및 만두류	11.4	79	2.2	700	D
라면_치즈		면 및 만두류	13.3	99	2.8	700	D
라면_짬뽕라면		면 및 만두류	12.3	92	2.8	750	D
라면_짜장라면		면 및 만두류	31	177	3.7	100	D
라면_용기면_볶음라면		면 및 만두류	33.9	202	4.5	100	D
라면_용기면_면		면 및 만두류	33.4	192	3.5	100	D
라면_용기면_국물		면 및 만두류	3.2	28	0.6	100	D
라면_용기면		면 및 만두류	15.7	103	2	100	D
라면_어묵		면 및 만두류	9.2	63	1.5	929	D
라면_비빔라면		면 및 만두류	31	189	3.4	100	D
라면_모듬		면 및 만두류	14	98	2.8	700	D
라면_면		면 및 만두류	29.8	174	3.9	100	D
라면_만두		면 및 만두류	15.3	109	3.2	700	D
라면_라면만		면 및 만두류	14.4	84	1.8	100	D
라면_떡		면 및 만두류	17.7	102	2.1	550	D
라면_달걀		면 및 만두류	13.2	95	2.6	642	D
라면_김치		면 및 만두류	13.3	85	2.1	760	D
라면_국물		면 및 만두류	2.1	19	0.4	100	D
라면_간편조리세트_똠양꿍요괴라면	GS 리테일 심플리쿡	면 및 만두류	13.5	88	2.4	1284	D
라면		면 및 만두류	13.7	82	1.7	550	D
라멘_시오라멘		면 및 만두류	11.5	84	4.7	100	D
라멘_소유라멘		면 및 만두류	9.1	72	3.6	100	D
라멘_미소라멘		면 및 만두류	11.4	89	4.6	100	D
라멘_돈코츠라멘		면 및 만두류	5.9	98	4.1	100	D
라멘_간편조리세트_매운돈코츠라멘	GS 리테일 심플리쿡	면 및 만두류	7.4	91	3.8	100	D
라떼_흑임자 라떼 핫(HOT) (ML)	더리터	음료 및 차류	7.8	65	2.2	591	D
라떼_흑임자 라떼 아이스(ICED) (ML)	더리터	음료 및 차류	5.9	48	1.6	710	D
라떼_흑임자 라떼 아이스(ICED) (L)	더리터	음료 및 차류	6.7	54	1.7	946	D
라떼_흑임자 두유 라떼 핫(HOT)	바나프레소	음료 및 차류	6.2	69	3.9	500	D
라떼_흑임자 두유 라떼 아이스(ICED)	바나프레소	음료 및 차류	4.6	48	2.4	650	D
라떼_흑당버블 라떼 아이스(ICED)	메가커피	음료 및 차류	9.8	54	1.2	591	D
라떼_흑당 버블 밀크티 라떼 아이스(ICED)	메가커피	음료 및 차류	10.1	56	1.3	591	D
라떼_흑당 밀크티 라떼 아이스(ICED)	메가커피	음료 및 차류	8.5	51	1.4	591	D
라떼_흑당 라떼 아이스(ICED)	메가커피	음료 및 차류	9.1	54	1.4	591	D
라떼_흑당 단호박 라떼	탐앤탐스	음료 및 차류	17.1	102	1.9	410	D
라떼_홍시 라떼 아이스(ICED)	바나프레소	음료 및 차류	9.4	44	0.6	650	D
라떼_혹임자 라떼 핫(HOT) (ML)	더리터	음료 및 차류	6.5	54	1.8	710	D
라떼_혹임자 라떼 아이스(ICED) (ML)	더리터	음료 및 차류	5.9	48	1.6	710	D
라떼_혹임자 라떼 아이스(ICED) (L)	더리터	음료 및 차류	6.3	51	1.6	1000	D
라떼_허니 그린 라떼 핫(HOT)	탐앤탐스	음료 및 차류	14.5	105	3.2	310	D
라떼_허니 그린 라떼 아이스(ICED)	탐앤탐스	음료 및 차류	8.9	61	1.7	470	D
라떼_하동 녹차 민트 라떼 핫(HOT)	커피빈	음료 및 차류	10.6	59	1.3	473	D
라떼_하동 녹차 민트 라떼 아이스(ICED)	커피빈	음료 및 차류	10.8	62	1.5	473	D
라떼_피스타치오 포레스트 라떼 아이스(ICED)	메가커피	음료 및 차류	12.1	73	2	591	D
라떼_피스타치오 초코 라떼 핫(HOT) (ML)	더리터	음료 및 차류	10	77	1.6	710	D
라떼_피스타치오 초코 라떼 아이스(ICED) (ML)	더리터	음료 및 차류	9.4	71	1.3	710	D
라떼_피스타치오 초코 라떼 아이스(ICED) (L)	더리터	음료 및 차류	9.1	66	1.3	1000	D
라떼_피스타치오 라떼 핫(HOT)	바나프레소	음료 및 차류	14.4	99	2.2	500	D
라떼_피스타치오 라떼 아이스(ICED)	바나프레소	음료 및 차류	10.3	65	1.2	650	D
라떼_폭탄초코	카페봄봄	음료 및 차류	10.7	78	1.5	100	D
라떼_토피넛라떼 아이스(ICED)	메가커피	음료 및 차류	9.2	62	1.6	591	D
라떼_토피넛 라떼 핫(HOT)	바나프레소	음료 및 차류	12.8	98	2.4	500	D
라떼_토피넛 라떼 핫(HOT)	메가커피	음료 및 차류	10	62	1.6	591	D
라떼_토피넛 라떼 아이스(ICED)	바나프레소	음료 및 차류	9.1	66	1.4	650	D
라떼_토피넛 라떼	카페봄봄	음료 및 차류	9.8	68	1.6	100	D
라떼_쿠키초코라떼 핫(HOT)	컴포즈커피	음료 및 차류	10.9	90	1.7	591	D
라떼_쿠키초코라떼 아이스(ICED)	컴포즈커피	음료 및 차류	10.2	84	1.6	591	D
라떼_쿠엔크 라떼 핫(HOT) (ML)	더리터	음료 및 차류	7.2	52	1.6	710	D
라떼_쿠엔크 라떼 아이스(ICED) (ML)	더리터	음료 및 차류	7.2	50	1.3	710	D
라떼_쿠엔크 라떼 아이스(ICED) (L)	더리터	음료 및 차류	7.4	51	1.4	1000	D
라떼_쿠앤크 라떼 핫(HOT) (ML)	더리터	음료 및 차류	8.6	63	1.9	591	D
라떼_쿠앤크 라떼 아이스(ICED) (ML)	더리터	음료 및 차류	7.2	50	1.3	710	D
라떼_쿠앤크 라떼 아이스(ICED) (L)	더리터	음료 및 차류	7.8	54	1.5	946	D
라떼_콘 라떼 핫(HOT)	탐앤탐스	음료 및 차류	18.4	135	2.9	310	D
라떼_콘 라떼 아이스(ICED)	탐앤탐스	음료 및 차류	12.7	83	2.7	410	D
라떼_초코 핫(HOT)	메가커피	음료 및 차류	11.5	65	1.8	591	D
라떼_초코 아이스(ICED)	메가커피	음료 및 차류	11.7	62	1.5	591	D
라떼_초코 바나나 라떼 아이스(ICED) (Venti)	커피에반하다	음료 및 차류	0	78	24.2	720	D
라떼_초코 라떼 핫(HOT) (ML)	더리터	음료 및 차류	7	51	1.7	710	D
라떼_초코 라떼 아이스(ICED) (ML)	더리터	음료 및 차류	6.6	45	1.3	710	D
라떼_초코 라떼 아이스(ICED) (L)	더리터	음료 및 차류	7	48	1.4	1000	D
라떼_차이 라떼 핫(HOT) (ML)	더리터	음료 및 차류	9.5	61	2	591	D
라떼_차이 라떼 핫(HOT)	커피빈	음료 및 차류	11	66	1.7	473	D
라떼_차이 라떼 아이스(ICED) (ML)	더리터	음료 및 차류	7.5	45	1.3	710	D
라떼_차이 라떼 아이스(ICED) (L)	더리터	음료 및 차류	7.6	47	1.5	946	D
라떼_차이 라떼 아이스(ICED)	커피빈	음료 및 차류	11.2	68	1.9	473	D
라떼_제주말차 크리미 라떼 아이스(ICED)	바나프레소	음료 및 차류	8.1	69	1.3	650	D
라떼_제주 첫물 차광 녹차 라떼 핫(HOT)	커피빈	음료 및 차류	16.5	96	3.4	473	D
라떼_제주 첫물 차광 녹차 라떼 아이스(ICED)	커피빈	음료 및 차류	15.2	84	2.5	473	D
라떼_자색고구마 라떼 핫(HOT) (ML)	더리터	음료 및 차류	7.6	50	1.4	710	D
라떼_자색고구마 라떼 핫(HOT)	엔제리너스	음료 및 차류	6	57	2.5	402	D
라떼_자색고구마 라떼 아이스(ICED) (ML)	더리터	음료 및 차류	7	44	1.1	710	D
라떼_자색고구마 라떼 아이스(ICED) (L)	더리터	음료 및 차류	7.5	47	1.2	1000	D
라떼_자색고구마 라떼 아이스(ICED)	엔제리너스	음료 및 차류	4	37	1.6	449	D
라떼_잉글리쉬 브렉퍼스트 라떼 핫(HOT)	커피빈	음료 및 차류	11	66	1.7	473	D
라떼_왕메가초코 아이스(ICED)	메가커피	음료 및 차류	10.7	60	1.2	960	D
라떼_옥수수 크리미 라떼 아이스(ICED)	바나프레소	음료 및 차류	8.8	63	1.5	650	D
라떼_옥수수 라떼 핫(HOT) (ML)	더리터	음료 및 차류	9.3	61	2	591	D
라떼_옥수수 라떼 아이스(ICED) (ML)	더리터	음료 및 차류	7.2	45	1.3	710	D
라떼_옥수수 라떼 아이스(ICED) (L)	더리터	음료 및 차류	7.7	49	1.5	946	D
라떼_오트밀 라떼 핫(HOT)	바나프레소	음료 및 차류	11.7	99	3.4	500	D
라떼_오트밀 라떼 아이스(ICED)	바나프레소	음료 및 차류	8.5	70	2.3	650	D
라떼_오레오 초코 라떼 아이스(ICED)	메가커피	음료 및 차류	11.2	76	1.6	591	D
라떼_오곡 라떼	카페봄봄	음료 및 차류	9.8	65	1.6	100	D
라떼_영암고구마 라떼 핫(HOT)	바나프레소	음료 및 차류	14.2	92	2.2	500	D
라떼_영암고구마 라떼 아이스(ICED)	바나프레소	음료 및 차류	10.2	61	1.3	650	D
라떼_스트로베리 바나나 라떼 아이스(ICED) (ML)	더리터	음료 및 차류	6.9	54	1	710	D
라떼_샤이닝 슈가 아이스(ICED) (ML)	더리터	음료 및 차류	5.5	44	1.1	710	D
라떼_샤이닝 슈가 아이스(ICED) (L)	더리터	음료 및 차류	6.3	48	1.3	946	D
라떼_산타 코코넛 애플티 라떼 아이스(ICED)	메가커피	음료 및 차류	9	52	1.1	591	D
라떼_빅바나 미숫가루 라떼 아이스(ICED)	바나프레소	음료 및 차류	11.4	73	3.5	650	D
라떼_빅바나 리얼초코 아이스(ICED)	바나프레소	음료 및 차류	8.1	53	1.7	940	D
라떼_블루베리라떼 아이스(ICED)	컴포즈커피	음료 및 차류	16.6	91	0.8	591	D
라떼_블루베리 라떼	카페봄봄	음료 및 차류	11.4	65	1.4	100	D
라떼_블랙빈 라떼 핫(HOT)	바나프레소	음료 및 차류	11.1	87	2.7	500	D
라떼_블랙빈 라떼 아이스(ICED)	바나프레소	음료 및 차류	7.9	57	1.6	650	D
라떼_블랙 타이거 라떼 핫(HOT)	탐앤탐스	음료 및 차류	20.2	170	5.8	285	D
라떼_블랙 타이거 라떼 아이스(ICED)	탐앤탐스	음료 및 차류	24.3	181	5.6	200	D
라떼_바닐라라떼 핫(HOT)	컴포즈커피	음료 및 차류	5.5	44	1.3	591	D
라떼_바닐라라떼 아이스(ICED)	컴포즈커피	음료 및 차류	4.8	34	0.9	591	D
라떼_바닐라		음료 및 차류	8.4	72	2.6	100	D
라떼_바나나듬뿍 아이스(ICED) (L)	더리터	음료 및 차류	7.3	83	1.2	946	D
라떼_밀크티	카페봄봄	음료 및 차류	9.5	61	1.6	100	D
라떼_민트크림초코	카페봄봄	음료 및 차류	10.5	67	1.2	100	D
라떼_민트초코오레오라떼 아이스(ICED)	컴포즈커피	음료 및 차류	9.6	88	1.6	591	D
라떼_민트초코 라떼 핫(HOT) (ML)	더리터	음료 및 차류	7	52	1.6	710	D
라떼_민트초코 라떼 핫(HOT)	엔제리너스	음료 및 차류	13.9	84	1.6	446	D
라떼_민트초코 라떼 아이스(ICED) (ML)	더리터	음료 및 차류	6.6	46	1.3	710	D
라떼_민트초코 라떼 아이스(ICED) (L)	더리터	음료 및 차류	7	49	1.3	1000	D
라떼_민트초코 라떼 아이스(ICED)	엔제리너스	음료 및 차류	17.1	109	2.3	386	D
라떼_미숫가루 라떼 아이스(ICED)	바나프레소	음료 및 차류	8.1	50	2.4	650	D
라떼_무안 군고구마 라떼 핫(HOT) (ML)	더리터	음료 및 차류	9.4	61	1.4	710	D
라떼_무안 군고구마 라떼 아이스(ICED) (ML)	더리터	음료 및 차류	9	55	1.1	710	D
라떼_무안 군고구마 라떼 아이스(ICED) (L)	더리터	음료 및 차류	8.7	55	1.2	1000	D
라떼_망고라떼 아이스(ICED)	컴포즈커피	음료 및 차류	17.4	94	0.8	591	D
라떼_말차 라떼 핫(HOT) (ML)	더리터	음료 및 차류	7.3	50	1.7	710	D
라떼_말차 라떼 아이스(ICED) (ML)	더리터	음료 및 차류	6.8	44	1.4	710	D
라떼_말차 라떼 아이스(ICED) (L)	더리터	음료 및 차류	7.2	47	1.5	1000	D
라떼_리얼초코 핫(HOT)	바나프레소	음료 및 차류	10.2	76	2.6	500	D
라떼_리얼초코 아이스(ICED)	바나프레소	음료 및 차류	7.3	50	1.7	650	D
라떼_리얼 단호박 라떼	탐앤탐스	음료 및 차류	8.8	68	4	375	D
라떼_로얄 밀크티 핫(HOT)	메가커피	음료 및 차류	5.7	39	1.4	591	D
라떼_로얄 밀크티 아이스(ICED)	메가커피	음료 및 차류	7.1	43	1.1	591	D
라떼_딸기쏙쏙 아이스(ICED) (L)	더리터	음료 및 차류	3.1	42	0.8	946	D
라떼_딸기라떼 아이스(ICED)	컴포즈커피	음료 및 차류	11.2	71	0.9	591	D
라떼_딸기 크리미 라떼 아이스(ICED)	바나프레소	음료 및 차류	8.5	70	1.3	650	D
라떼_딸기 라떼 아이스(ICED) (ML)	더리터	음료 및 차류	1.7	39	0.8	710	D
라떼_딸기 라떼 아이스(ICED) (L)	더리터	음료 및 차류	1.8	42	0.8	1000	D
라떼_딸기 라떼 아이스(ICED)	메가커피	음료 및 차류	12.4	62	1	591	D
라떼_딸기 라떼 아이스(ICED)	바나프레소	음료 및 차류	6.9	46	1.2	650	D
라떼_딸기 라떼 아이스(ICED)	엔제리너스	음료 및 차류	9.8	50	1	500	D
라떼_딸기 라떼	카페봄봄	음료 및 차류	9.9	65	1.4	100	D
라떼_딸기 라떼	롤링핀	음료 및 차류	14.7	106	1.2	375	D
라떼_딥초코 라떼 핫(HOT) (ML)	더리터	음료 및 차류	7.5	59	1.9	591	D
라떼_딥초코 라떼 아이스(ICED) (ML)	더리터	음료 및 차류	5.6	41	1.3	710	D
라떼_딥초코 라떼 아이스(ICED) (L)	더리터	음료 및 차류	6.3	46	1.4	946	D
라떼_더블초코라떼 핫(HOT)	컴포즈커피	음료 및 차류	8.9	66	1.5	591	D
라떼_더블초코라떼 아이스(ICED)	컴포즈커피	음료 및 차류	8.3	62	1.3	591	D
라떼_달고나 라떼 핫(HOT)	바나프레소	음료 및 차류	12.6	86	2.1	500	D
라떼_달고나 라떼 아이스(ICED)	바나프레소	음료 및 차류	9.6	64	1.6	650	D
라떼_녹차 라떼 핫(HOT) (ML)	더리터	음료 및 차류	9.1	60	2	591	D
라떼_녹차 라떼 핫(HOT)	메가커피	음료 및 차류	7.6	47	1.5	591	D
라떼_녹차 라떼 핫(HOT)	바나프레소	음료 및 차류	13.8	92	2.4	500	D
라떼_녹차 라떼 아이스(ICED) (ML)	더리터	음료 및 차류	7	44	1.3	710	D
라떼_녹차 라떼 아이스(ICED) (L)	더리터	음료 및 차류	7.9	49	1.5	946	D
라떼_녹차 라떼 아이스(ICED)	바나프레소	음료 및 차류	10	61	1.4	650	D
라떼_녹차 라떼 아이스(ICED)	메가커피	음료 및 차류	7.8	49	1.4	591	D
라떼_녹차 라떼	카페봄봄	음료 및 차류	9.6	57	1.6	100	D
라떼_그린티라떼 핫(HOT)	컴포즈커피	음료 및 차류	8.9	67	1.8	591	D
라떼_그린티라떼 아이스(ICED)	컴포즈커피	음료 및 차류	8	55	1.3	591	D
라떼_그린티		음료 및 차류	10.3	76	3	100	D
라떼_그린민트 초콜릿 핫(HOT)	탐앤탐스	음료 및 차류	16.4	140	3.2	310	D
라떼_그린민트 초콜릿 아이스(ICED)	탐앤탐스	음료 및 차류	11.2	88	1.7	410	D
라떼_그린 라떼 아이스(ICED)	탐앤탐스	음료 및 차류	7.8	54	1.5	410	D
라떼_그린 라떼	탐앤탐스	음료 및 차류	11	90	2.9	310	D
라떼_군고구마 라떼 핫(HOT)	탐앤탐스	음료 및 차류	18.4	121	3.3	430	D
라떼_군고구마 라떼 아이스(ICED)	탐앤탐스	음료 및 차류	16	97	2.3	470	D
라떼_공주밤 라떼 핫(HOT)	바나프레소	음료 및 차류	15.7	100	2.2	500	D
라떼_공주밤 라떼 아이스(ICED)	바나프레소	음료 및 차류	11.5	69	1.4	650	D
라떼_곡물라떼 핫(HOT)	컴포즈커피	음료 및 차류	11.2	82	2.5	591	D
라떼_곡물라떼 아이스(ICED)	컴포즈커피	음료 및 차류	10.8	76	2.3	591	D
라떼_곡물 라떼 핫(HOT)	메가커피	음료 및 차류	10.9	79	3.1	591	D
라떼_곡물 라떼 아이스(ICED)	메가커피	음료 및 차류	8.1	66	2.9	591	D
라떼_고구마라떼 핫(HOT)	컴포즈커피	음료 및 차류	11.6	70	1.4	591	D
라떼_고구마라떼 아이스(ICED)	컴포즈커피	음료 및 차류	10.7	61	1.2	591	D
라떼_고구마 라떼 핫(HOT)	메가커피	음료 및 차류	8.5	53	1.6	591	D
라떼_고구마 라떼 아이스(ICED)	메가커피	음료 및 차류	7.1	42	1.1	591	D
라떼_고구마 라떼	카페봄봄	음료 및 차류	13.4	74	1.2	100	D
라떼_17곡 라떼 핫(HOT) (ML)	더리터	음료 및 차류	6.6	59	2.2	710	D
라떼_17곡 라떼 아이스(ICED) (ML)	더리터	음료 및 차류	6.2	53	1.8	710	D
라떼_17곡 라떼 아이스(ICED) (L)	더리터	음료 및 차류	6.5	55	2	1000	D
라떼		음료 및 차류	13.3	76	2.4	441	D
또띠아_핫치킨 브리또	공차	빵 및 과자류	28	228	11	180	D
또띠아_핫치킨 부리또	바나프레소	빵 및 과자류	33.7	257	9.8	163	D
또띠아_트위스터	KFC	빵 및 과자류	18.7	202	9.8	183	D
또띠아_치킨 치즈 브리또	공차	빵 및 과자류	27.6	259	11.5	174	D
또띠아_불닭 베이크	공차	빵 및 과자류	32	198	10.8	120	D
또띠아_불고기 베이크	공차	빵 및 과자류	28.7	196	10.3	120	D
또띠아_또띠아 (S)	탐앤탐스	빵 및 과자류	35.4	375	20.5	161	D
또띠아_또띠아 (L)	탐앤탐스	빵 및 과자류	21.1	234	15.6	275	D
또띠아_김치 부리또	바나프레소	빵 및 과자류	29	262	10.3	155	D
떡산적_소고기		전·적 및 부침류	18.9	157	9	147	D
떡볶이_카레		볶음류	11.6	91	2.3	235	D
떡볶이_치즈가 펑펑 눈꽃 떡볶이	메가커피	볶음류	35.3	177	5	377	D
떡볶이_치즈		볶음류	29.3	164	5.5	100	D
떡볶이_채소		볶음류	57.1	258	3.1	200	D
떡볶이_어묵		볶음류	27.2	130	3.2	100	D
떡볶이_양배추		볶음류	13.4	60	1.3	380	D
떡볶이_소고기_버섯		볶음류	14.2	77	1.9	412	D
떡볶이_소고기		볶음류	25.3	157	4.1	336	D
떡볶이_모듬		볶음류	24.9	125	3.2	70	D
떡볶이_마늘 떡볶이	호식이두마리치킨	볶음류	31.3	147	3.7	100	D
떡볶이_로제비엔나 떡볶이	호식이두마리치킨	볶음류	31.4	175	4.6	100	D
떡볶이_고추장_어묵		볶음류	32.5	154	3.6	150	D
떡볶이_고추장_메추리알		볶음류	19.2	100	3.1	260	D
떡볶이_간편조리세트_호로록 로제 떡볶이	프레시지	볶음류	30.2	184	4.4	1100	D
떡볶이_간편조리세트_짜장떡볶이(순한맛)	우리할매떡볶이	볶음류	33.5	176	4.6	100	D
떡볶이_간편조리세트_응급실국물떡볶이(오뎅)	응급실국물떡볶이	볶음류	19.3	111	3.4	100	D
떡볶이_간편조리세트_응급실국물떡볶이(반반)	응급실국물떡볶이	볶음류	23.3	127	3.6	100	D
떡볶이_간편조리세트_응급실국물떡볶이(떡)	응급실국물떡볶이	볶음류	19.8	111	3.1	100	D
떡볶이_간편조리세트_소불고기궁중떡볶이	HY 잇츠온	볶음류	20.2	118	5.5	806	D
떡볶이_간편조리세트_밀떡볶이(순한맛)	우리할매떡볶이	볶음류	33.6	165	4.5	100	D
떡볶이_간편조리세트_마라떡볶이	우리할매떡볶이	볶음류	28.6	158	5.2	100	D
떡볶이_간편조리세트_로제떡볶이(떡)	응급실국물떡볶이	볶음류	23.5	169	4.4	100	D
떡볶이_간편조리세트_로제떡볶이	우리할매떡볶이	볶음류	34.9	179	4.6	100	D
떡볶이_간편조리세트_떡볶이 보통맛	HY 잇츠온	볶음류	26.4	161	3.9	965	D
떡볶이_간편조리세트_달콤짭짤 궁중식 떡볶이	GS 리테일 심플리쿡	볶음류	24	167	5.3	866	D
떡볶이_간편조리세트_국물떡볶이	수유리우동	볶음류	19.2	116	4.6	100	D
떡볶이_간편조리세트_가래떡떡볶이	우리할매떡볶이	볶음류	32.1	174	6.4	100	D
떡볶이_간편조리세트_1-2인 응급실국물떡볶이	응급실국물떡볶이	볶음류	22.2	125	3.7	100	D
떡볶이_간장		볶음류	27.3	145	4.5	150	D
떡볶이		볶음류	53.4	258	4.3	180	D
떡만두국_김치만두		면 및 만두류	14.6	87	3.1	600	D
떡만두국_고기만두		면 및 만두류	11.9	69	2.5	540	D
떡만두국		면 및 만두류	16.7	86	2.5	600	D
떡국_소고기_달걀		면 및 만두류	15.9	87	3.3	600	D
떡국_소고기		면 및 만두류	17.7	99	3.4	260	D
떡국_모듬		면 및 만두류	17.1	86	2.7	600	D
떡국_달걀		면 및 만두류	17.9	85	2.1	600	D
떡국_굴		면 및 만두류	16.7	90	4	600	D
떡국		면 및 만두류	16.4	84	3.4	700	D
떡강정_매콤치즈 소떡소떡	굽네치킨	튀김류	31	229	9	100	D
떡강정		튀김류	40.8	225	2.8	200	D
떡갈비		구이류	2.5	202	21.4	200	D
땅콩죽		죽 및 스프류	24.8	146	3.9	198	D
땅콩조림		조림류	15.9	268	12	20	D
딸기바나나 스무디		음료 및 차류	11.8	54	1.1	355	D
딸기넥타		음료 및 차류	8	31	0.4	355	D
등심돈가스		튀김류	14.6	174	13.8	109	D
들깻잎장아찌		장아찌·절임류	26	124	4	100	D
들깨죽		죽 및 스프류	21.5	155	3.8	214	D
들깨국		국 및 탕류	1.7	15	0.7	190	D
두유 카페라떼_시럽		음료 및 차류	5.8	44	1.4	355	D
두유 카페라떼		음료 및 차류	2.1	30	1.4	355	D
두부튀김		튀김류	10.1	128	6.7	147	D
두부찌개_소고기_된장		찌개 및 전골류	3.5	55	5.7	300	D
두부찌개_소고기_고추장		찌개 및 전골류	6.7	58	4.6	280	D
두부찌개_소고기		찌개 및 전골류	5.6	80	6	216	D
두부찌개_새우젓		찌개 및 전골류	2.4	55	5.4	300	D
두부찌개_바지락		찌개 및 전골류	3.2	34	3.3	211	D
두부찌개_굴		찌개 및 전골류	1.5	21	2.1	260	D
두부찌개_고추장		찌개 및 전골류	3.2	52	4	500	D
두부찌개		찌개 및 전골류	3.8	30	2.3	223	D
두부조림_돼지고기		조림류	7.1	175	14.7	75	D
두부조림		조림류	10.2	142	11.5	90	D
두부전골		찌개 및 전골류	3.4	63	5.1	500	D
두부전		전·적 및 부침류	8.7	161	9.8	150	D
두부부침		전·적 및 부침류	5	152	12.8	100	D
두부볶음_돼지고기		볶음류	13.1	197	12.4	113	D
두부냉채		생채·무침류	4.4	78	8.9	150	D
두부김치_돼지고기		볶음류	4.1	84	6.8	430	D
두부김치		볶음류	5.1	108	7.8	250	D
두부국		국 및 탕류	1.2	31	2.5	270	D
두부 탕수		튀김류	15.1	123	4.5	100	D
두부 청국장찌개_김치		찌개 및 전골류	3.1	34	2.8	170	D
두부 청국장찌개		찌개 및 전골류	4.3	39	3.5	240	D
두부 애호박찌개		찌개 및 전골류	3.6	27	2	235	D
두부 명란찌개		찌개 및 전골류	2.7	33	3.5	171	D
두부 된장국_유부		국 및 탕류	1.5	25	1.8	300	D
두부 된장국_바지락		국 및 탕류	1.6	21	2	300	D
두부 된장국		국 및 탕류	2.1	26	2.3	260	D
두부 달걀탕		국 및 탕류	1.7	37	3.7	235	D
두부 달걀찜		찜류	3	75	6.2	125	D
두릅무침_초고추장		생채·무침류	7.9	67	2.2	90	D
두릅무침		생채·무침류	11.6	74	3.4	85	D
된장찌개_호박		찌개 및 전골류	3.8	39	3.8	222	D
된장찌개_콩나물		찌개 및 전골류	5	55	5.5	160	D
된장찌개_우렁_강된장		찌개 및 전골류	16.1	136	7.3	100	D
된장찌개_우렁		찌개 및 전골류	3.5	41	4	184	D
된장찌개_소고기		찌개 및 전골류	5.1	44	2.7	240	D
된장찌개_바지락		찌개 및 전골류	4.9	45	3.7	415	D
된장찌개_미더덕		찌개 및 전골류	4.4	53	5.3	163	D
된장찌개_모듬해물		찌개 및 전골류	3.7	28	2.1	150	D
된장찌개_모듬채소		찌개 및 전골류	4.7	37	2.6	270	D
된장찌개_두부_호박		찌개 및 전골류	2.7	32	3.1	380	D
된장찌개_두부		찌개 및 전골류	2.6	41	3.2	270	D
된장찌개_달래		찌개 및 전골류	3.8	35	3.2	350	D
된장찌개_냉이		찌개 및 전골류	2.7	19	1.7	400	D
된장찌개_간편조리세트_구수한 버섯된장찌개	프레시지	찌개 및 전골류	3.9	26	1.8	465	D
된장찌개_간편조리세트_고깃집 된장찌개	프레시지	찌개 및 전골류	5.4	110	7.7	695	D
된장찌개		찌개 및 전골류	4.4	46	3.4	200	D
된장국_호박잎		국 및 탕류	2.5	17	1.3	350	D
된장국_호박		국 및 탕류	1.4	31	3.3	400	D
된장국_해물		국 및 탕류	2.7	28	2.1	400	D
된장국_콩나물		국 및 탕류	2.6	31	2.6	400	D
된장국_유부		국 및 탕류	1.5	25	1.8	200	D
된장국_우렁		국 및 탕류	3.8	49	4.9	500	D
된장국_우거지		국 및 탕류	0.8	20	2.8	400	D
된장국_얼갈이배추		국 및 탕류	1.7	13	0.9	320	D
된장국_아욱		국 및 탕류	2.9	19	1.5	230	D
된장국_쑥		국 및 탕류	1.5	15	1.2	400	D
된장국_시래기		국 및 탕류	2.4	17	1.1	300	D
된장국_시금치		국 및 탕류	2.2	15	1.2	190	D
된장국_배추		국 및 탕류	2.6	20	1.5	400	D
된장국_미역		국 및 탕류	1.7	16	1.4	180	D
된장국_무		국 및 탕류	3.3	23	1.4	450	D
된장국_두부		국 및 탕류	2.1	26	2.3	260	D
된장국_냉이_두부		국 및 탕류	2	20	1.8	200	D
된장국_냉이		국 및 탕류	2.2	22	1.7	400	D
된장국_근대		국 및 탕류	1.6	12	0.9	200	D
된장국_감자		국 및 탕류	6.1	40	1.6	400	D
돼지사태찜		찜류	8.9	109	10.8	177	D
돼지불고기_삼겹살_오징어		구이류	10.2	182	12.8	200	D
돼지불고기_버섯		구이류	4.3	86	8.4	300	D
돼지불고기_고추장		구이류	5.7	90	8.4	300	D
돼지불고기_간편조리세트_매콤 콩나물불고기	프레시지	구이류	13.8	191	10.6	522	D
돼지불고기_간편조리세트_대파고추장불고기	HY 잇츠온	구이류	12.2	165	11.8	755	D
돼지불고기_간편조리세트_기사식당 돼지불고기	프레시지	구이류	8.1	155	10.2	433	D
돼지불고기_간장		구이류	4.3	84	8.4	300	D
돼지머리국밥		밥류	12.6	72	2.1	932	D
돼지등심 장조림		조림류	5.2	117	15.4	99	D
돼지등갈비찜		찜류	12.8	214	16	450	D
돼지껍데기구이		구이류	3.4	348	23.7	100	D
돼지고기튀김		튀김류	6.2	222	20.9	73	D
돼지고기찜		찜류	8.9	109	10.8	250	D
돼지고기찌개_간편조리세트_돼지고기고추장찌개	프레시지	찌개 및 전골류	5.3	49	4.3	553	D
돼지고기찌개_간편조리세트_돼지고기 짜글이	HY 잇츠온	찌개 및 전골류	6	108	10.5	702	D
돼지고기찌개		찌개 및 전골류	2.9	56	4.1	360	D
돼지고기볶음_케찹		볶음류	7.1	173	19.1	124	D
돼지고기볶음_채소		볶음류	8.6	169	16.6	230	D
돼지고기볶음_짜장		볶음류	16.3	199	14	185	D
돼지고기볶음_돼지고기_채소		볶음류	6.5	111	9.9	250	D
돼지고기볶음_돼지고기_짜장		볶음류	6.4	112	12	210	D
돼지고기볶음_돼지고기_오징어		볶음류	6.9	136	8.8	290	D
돼지고기볶음_돼지고기_버섯		볶음류	6.5	102	8.4	200	D
돼지고기볶음_돼지고기_배추김치		볶음류	4.1	94	9.1	200	D
돼지고기볶음_돼지고기		볶음류	6.4	134	9.5	400	D
돼지고기볶음_김치		볶음류	6.8	109	9.5	200	D
돼지고기볶음_간편조리세트_돼지고기 숙주 볶음	HY 잇츠온	볶음류	9.1	145	7.5	650	D
돼지고기볶음(제육볶음)		볶음류	4.7	195	12.2	250	D
돼지고기볶음		볶음류	9.1	175	11.5	200	D
돼지고기덮밥		밥류	26.2	165	7.9	330	D
돼지고기강정		튀김류	8.4	174	14.7	164	D
돼지고기_허파		찜류	0	91	17.3	100	D
돼지고기_머리고기		찜류	1.8	325	21.2	200	D
돼지고기_간		찜류	1.6	164	29.4	100	D
돼지고기 피망잡채		볶음류	5.1	95	9.5	170	D
돼지고기 장조림_메추리알		조림류	6	143	14.5	60	D
돼지고기 장조림		조림류	7.2	150	16.3	60	D
돼지고기 스테이크		구이류	9	183	21.8	111	D
돼지고기 덮밥		밥류	25.9	168	8	330	D
돼지고기 꼬치구이		구이류	2.8	179	26.9	105	D
돼지갈비찜_채소_떡		찜류	10.1	143	10.3	250	D
돼지갈비찜_채소		찜류	5.9	137	10.8	220	D
돼지갈비찜_배추김치		찜류	5.4	89	5.9	450	D
돼지갈비찜_매운양념_채소_떡		찜류	11.6	143	9.8	270	D
돼지갈비찜_매운양념_채소		찜류	7.5	136	9.4	220	D
돼지갈비찜_간편조리세트_국내산순살돼지갈비찜	GS 리테일 심플리쿡	찜류	8.8	120	10.1	895	D
돼지갈비찜		찜류	5.9	140	10.7	300	D
돼지갈비전골		찌개 및 전골류	5.1	227	16.6	86	D
돼지갈비구이_폭립	굽네치킨	구이류	7.3	295	24	100	D
돼지갈비구이_간장		구이류	6.6	129	8	150	D
돼지갈비구이		구이류	6.6	132	8	180	D
돼지갈비강정		튀김류	20.7	382	25.8	90	D
동파육		찜류	4.2	191	9	100	D
동태튀김		튀김류	8.4	147	10.7	121	D
동태찜		찜류	5.2	79	10.2	500	D
동태찌개		찌개 및 전골류	2	25	3.2	221	D
동태조림		조림류	7	110	16.3	230	D
동태전		전·적 및 부침류	6.1	195	16.5	70	D
동태양념구이		구이류	1.6	130	21.7	75	D
동태까스_소스		튀김류	19.4	273	11.6	90	D
동태국		국 및 탕류	1.4	21	3.4	298	D
동태 매운탕		찌개 및 전골류	2	25	3.3	610	D
동치미		김치류	2.3	14	0.3	200	D
돌솥비빔밥_양념장		밥류	14	86	2.8	550	D
돌솥 비빔밥		밥류	17.5	101	3.4	575	D
돌나물무침		생채·무침류	8.7	44	1.2	90	D
돌나물		생채·무침류	8.5	42	1	90	D
돈가스_치즈		튀김류	16.7	302	16.8	250	D
돈가스_돼지안심		튀김류	17.1	326	16.6	200	D
돈가스_돼지등심		튀김류	19.2	312	16.5	200	D
돈가스_고구마		튀김류	23.1	317	12.3	100	D
돈가스_간편조리세트_수유돈까스	수유리우동	튀김류	20.1	195	8.3	100	D
돈가스_간편조리세트_부타이로스카츠 (통등심돈가스)	GS 리테일 심플리쿡	튀김류	10.7	262	14.5	319	D
돈가스		튀김류	9.3	149	8.9	100	D
도토리묵무침_채소		생채·무침류	11.8	61	1.4	69	D
도토리묵무침		생채·무침류	12	56	0.6	100	D
도미튀김		튀김류	18.9	301	25.9	62	D
도미찜		찜류	3.2	52	7.9	227	D
도미 매운탕		찌개 및 전골류	3.4	47	5.9	297	D
도루묵찌개		찌개 및 전골류	4	63	6.8	494	D
도루묵조림		조림류	5.7	103	11.3	123	D
도라지튀김		튀김류	19.2	179	5.7	86	D
도라지생채_오징어채		생채·무침류	10.6	92	9.6	40	D
도라지생채_오이		생채·무침류	8.8	41	1.3	70	D
도라지생채_북어		생채·무침류	12.5	152	20.1	70	D
도라지생채		생채·무침류	17.8	78	2	85	D
도라지나물무침		나물·숙채류	13.1	130	2.5	50	D
도라지나물		나물·숙채류	4.8	39	0.7	101	D
도다리구이		구이류	0.7	153	23.7	79	D
도넛_허니후리터	던킨도너츠	빵 및 과자류	48.6	449	5.4	74	D
도넛_허니찹쌀스틱	던킨도너츠	빵 및 과자류	61.7	355	4.3	47	D
도넛_허니 올드훼션드 도넛	던킨도너츠	빵 및 과자류	54	457	3.2	63	D
도넛_페이머스 글레이즈드 도넛	던킨도너츠	빵 및 과자류	50	433	4.3	46	D
도넛_쿠키&화이트초코링도넛	파리바게뜨	빵 및 과자류	52	473	5.3	75	D
도넛_쿠키&다크초코링도넛	파리바게뜨	빵 및 과자류	52	473	5.3	75	D
도넛_케익꽈배기 도넛	파리바게뜨	빵 및 과자류	41.2	376	7.1	85	D
도넛_커스터드 도넛	바나프레소	빵 및 과자류	45	325	5	60	D
도넛_카푸치노츄이스티 도넛	던킨도너츠	빵 및 과자류	51.9	406	1.9	52	D
도넛_카카오후로스티드 도넛	던킨도너츠	빵 및 과자류	50	413	6.2	48	D
도넛_카카오하니딥먼치킨 도넛	던킨도너츠	빵 및 과자류	53.9	369	4.6	13	D
도넛_카카오하니딥 도넛	던킨도너츠	빵 및 과자류	47.4	393	3.5	57	D
도넛_추억의생도나스 (3개입)	파리바게뜨	빵 및 과자류	54.7	427	17.5	234	D
도넛_추억의생도나스 (2개입)	파리바게뜨	빵 및 과자류	54.5	426	17.3	156	D
도넛_추억의 옥수수 꽈배기 도넛	던킨도너츠	빵 및 과자류	49.2	407	8.2	61	D
도넛_찹쌀 도넛	파리바게뜨	빵 및 과자류	57	333	5.4	93	D
도넛_찹쌀		빵 및 과자류	57.1	296	5	70	D
도넛_제주말차 우유 도넛	던킨도너츠	빵 및 과자류	45.3	453	4.7	64	D
도넛_우리찹쌀 왕꽈배기	파리바게뜨	빵 및 과자류	48.7	383	6.1	115	D
도넛_용감한 쿠키 도넛	던킨도너츠	빵 및 과자류	50.9	446	5.3	57	D
도넛_왕크림 도넛	파리바게뜨	빵 및 과자류	33.9	335	6.2	130	D
도넛_올리브츄이스티 도넛	던킨도너츠	빵 및 과자류	53.1	404	2	49	D
도넛_올드훼션드먼치킨	던킨도너츠	빵 및 과자류	57.1	471	3.6	14	D
도넛_아침햇살 쌀꽈배기 도넛	던킨도너츠	빵 및 과자류	60.9	375	4.7	64	D
도넛_스트로베리 필드 도넛	던킨도너츠	빵 및 과자류	46.7	372	5	60	D
도넛_스트로베리 먼치킨 도넛	던킨도너츠	빵 및 과자류	50	380	5	10	D
도넛_소금우유 도넛	던킨도너츠	빵 및 과자류	51.7	460	3.3	60	D
도넛_생크림폭탄 도넛 (3개입)	파리바게뜨	빵 및 과자류	34.5	364	6.1	165	D
도넛_생크림폭탄 도넛	파리바게뜨	빵 및 과자류	34.5	364	5.5	55	D
도넛_보스톤크림 도넛	던킨도너츠	빵 및 과자류	46.3	364	4.5	67	D
도넛_바바리안필드 도넛	던킨도너츠	빵 및 과자류	48.3	378	5	60	D
도넛_바바리안 먼치킨 도넛	던킨도너츠	빵 및 과자류	50	400	6	10	D
도넛_바닐라빈 바이츠 도넛	던킨도너츠	빵 및 과자류	59.1	404	7	71	D
도넛_미니찹쌀 도넛 (5개입)	파리바게뜨	빵 및 과자류	72	394	5.1	175	D
도넛_미니찹쌀 도넛 (4개입)	파리바게뜨	빵 및 과자류	72.1	393	5	140	D
도넛_미니찹쌀 도넛 (3개입)	파리바게뜨	빵 및 과자류	72.4	395	4.8	105	D
도넛_미니찹쌀 도넛	파리바게뜨	빵 및 과자류	71.4	400	5.7	35	D
도넛_링도넛		빵 및 과자류	45	469	4	57	D
도넛_레드벨벳 먼치킨 도넛	던킨도너츠	빵 및 과자류	57.1	486	3.6	14	D
도넛_디어 마이 러브 도넛	던킨도너츠	빵 및 과자류	49.4	458	3.9	77	D
도넛_돌돌말린소시지 도넛	파리바게뜨	빵 및 과자류	45.9	341	7.1	85	D
도넛_던킨카페모카롤	던킨도너츠	빵 및 과자류	52.6	433	5.3	76	D
도넛_달콤한꿀도넛 (5개입)	파리바게뜨	빵 및 과자류	59.4	349	5.1	175	D
도넛_달콤한꿀도넛 (4개입)	파리바게뜨	빵 및 과자류	59.3	350	5	140	D
도넛_달콤한꿀도넛 (3개입)	파리바게뜨	빵 및 과자류	59	348	4.8	105	D
도넛_달콤한 꿀도넛	파리바게뜨	빵 및 과자류	60	343	5.7	35	D
도넛_단팥 도넛	파리바게뜨	빵 및 과자류	44.8	310	6.7	105	D
도넛_다크초코링도넛	파리바게뜨	빵 및 과자류	46.1	469	6.2	65	D
도넛_BEURRE 헤이즐넛&바닐라 도넛	던킨도너츠	빵 및 과자류	45.6	451	4.4	68	D
도넛_BEURRE 버터넛	던킨도너츠	빵 및 과자류	58.9	425	4.1	73	D
도넛		빵 및 과자류	39	406	5.2	67	D
도가니탕		국 및 탕류	0.8	40	8.3	500	D
덮밥_해물		밥류	14.3	110	6	700	D
덮밥_참치		밥류	20.6	136	5.8	500	D
덮밥_장어		밥류	24.3	179	7.5	400	D
덮밥_유산슬		밥류	13.4	105	4.9	550	D
덮밥_오징어		밥류	21.9	135	7.2	360	D
덮밥_송이버섯		밥류	15.9	97	3	600	D
덮밥_불고기		밥류	27	182	6.6	400	D
덮밥_돼지고기(제육)		밥류	16.9	202	9.4	470	D
덮밥_닭고기		밥류	14.8	125	11.4	410	D
덮밥_낙지		밥류	24.1	150	5.9	350	D
덮밥_간편조리세트_제육덮밥	수유리우동	밥류	25.6	183	5.4	100	D
더덕장아찌		장아찌·절임류	28.9	141	4.5	90	D
더덕무침		생채·무침류	20.6	111	2.3	70	D
더덕구이		구이류	31.6	161	3.7	100	D
대합죽		죽 및 스프류	21.8	136	3.2	259	D
대합 미역국		국 및 탕류	0.7	7	0.7	320	D
대창구이_소고기		구이류	4	595	9.1	100	D
대구포		수·조·어·육류	2.3	141	32	100	D
대구튀김		튀김류	13.3	285	27	83	D
대구탕		찌개 및 전골류	5	45	4.7	760	D
대구찜		찜류	3.3	57	8.3	191	D
대구지리		찌개 및 전골류	1.1	19	3.4	343	D
대구볼찜		찜류	5.4	45	4.2	640	D
대구 매운탕_내장_알		찌개 및 전골류	2.7	41	6.7	300	D
대구 매운탕_내장		찌개 및 전골류	2.3	39	6.6	300	D
대구 매운탕		찌개 및 전골류	2.9	52	7.8	293	D
당근볶음		볶음류	7.8	95	0.9	90	D
닭튀김_후라이드 치킨	호식이두마리치킨	튀김류	8.1	287	28.9	100	D
닭튀김_후라이드 치킨	멕시카나	튀김류	6.9	270	24.7	100	D
닭튀김_호식이 안심텐더	호식이두마리치킨	튀김류	18.3	244	17	100	D
닭튀김_허니멜로 치킨	굽네치킨	튀김류	4.3	216	26	100	D
닭튀김_타코마요 치킨	호식이두마리치킨	튀김류	11.1	290	20.1	100	D
닭튀김_치즈바사삭 치킨	굽네치킨	튀김류	9.8	228	24.5	100	D
닭튀김_청양고추마요 치킨	호식이두마리치킨	튀김류	16	314	16.7	100	D
닭튀김_윙+다리 치킨	호식이두마리치킨	튀김류	9.9	282	23.6	100	D
닭튀김_요거치즈닝치킨 안심 순살	호식이두마리치킨	튀김류	18.8	206	16.8	100	D
닭튀김_오븐 바사삭 치킨	굽네치킨	튀김류	7.1	230	26.3	100	D
닭튀김_오븐 바사삭 윙 치킨	굽네치킨	튀김류	7.1	230	26.3	100	D
닭튀김_양념히어로 치킨	굽네치킨	튀김류	13.9	221	21.6	100	D
닭튀김_양념 치킨	멕시카나	튀김류	14.6	248	21	100	D
닭튀김_양념 치킨	호식이두마리치킨	튀김류	18.7	248	19.4	100	D
닭튀김_양념		튀김류	21.1	276	17.8	359	D
닭튀김_스윗츠갈릭 치킨	호식이두마리치킨	튀김류	19.7	279	20.8	100	D
닭튀김_순살 뿌리고 치킨 오리지날	멕시카나	튀김류	12.9	258	21.2	100	D
닭튀김_순살 뿌리고 치킨 매콤달콤한맛	멕시카나	튀김류	17.1	315	20.6	100	D
닭튀김_살코기		튀김류	9.4	289	22.5	600	D
닭튀김_불짬뽕 치킨	호식이두마리치킨	튀김류	19.1	280	18.1	100	D
닭튀김_불금 치킨	굽네치킨	튀김류	9.2	228	22.9	100	D
닭튀김_볼케이노 치킨	굽네치킨	튀김류	6	196	24	100	D
닭튀김_버팔로윙(4개)	노모어피자	튀김류	13	200	12	140	D
닭튀김_버팔로윙(10개)	노모어피자	튀김류	13	200	12	350	D
닭튀김_목		튀김류	8.7	330	19.8	100	D
닭튀김_모두의마요 치킨	멕시카나	튀김류	9.7	256	25.4	100	D
닭튀김_매운 양념 치킨	호식이두마리치킨	튀김류	15.5	278	23.6	100	D
닭튀김_매운 간장 치킨	호식이두마리치킨	튀김류	13.4	358	27	100	D
닭튀김_마늘알마니 치킨	멕시카나	튀김류	14.5	233	18	100	D
닭튀김_리얼 치킨 꿔바로우	멕시카나	튀김류	24.8	198	10.8	100	D
닭튀김_레몬크림탕슈 안심 순살	호식이두마리치킨	튀김류	58.1	633	13.3	100	D
닭튀김_땡초불꽃 치킨	호식이두마리치킨	튀김류	15.2	243	20.7	100	D
닭튀김_땡초 치킨	멕시카나	튀김류	12.2	266	21.8	100	D
닭튀김_닭가슴살		튀김류	20.2	252	21	100	D
닭튀김_다리(아랫다리)		튀김류	8.3	268	21.9	109	D
닭튀김_다리(넓적다리)		튀김류	9.1	277	21.6	100	D
닭튀김_너겟		튀김류	16.6	332	15.3	100	D
닭튀김_날개		튀김류	21	307	16.7	608	D
닭튀김_깐풍요리 치킨	멕시카나	튀김류	14.4	287	22.6	100	D
닭튀김_고추바사삭 치킨	굽네치킨	튀김류	8.3	234	23.7	100	D
닭튀김_갈비천왕 치킨	굽네치킨	튀김류	4.2	194	26.8	100	D
닭튀김_간편조리세트_훈제치킨		튀김류	3.1	202	22.5	687	D
닭튀김_간편조리세트_후라이드치킨_콤보		튀김류	17.8	312	20.2	653	D
닭튀김_간편조리세트_후라이드치킨_양념치킨_반반		튀김류	19	292	18.2	1091	D
닭튀김_간편조리세트_후라이드치킨_매운맛_콤보		튀김류	11.8	322	20.8	652	D
닭튀김_간편조리세트_후라이드치킨_매운맛_다리		튀김류	15.2	310	18.7	80	D
닭튀김_간편조리세트_후라이드치킨_매운맛		튀김류	14.6	319	21.4	880	D
닭튀김_간편조리세트_후라이드치킨_다리		튀김류	11.3	264	21.7	709	D
닭튀김_간편조리세트_후라이드치킨		튀김류	12.5	312	21.3	874	D
닭튀김_간편조리세트_후라이드	가마치통닭	튀김류	13.7	362	24.4	100	D
닭튀김_간편조리세트_통닭	가마치통닭	튀김류	5.5	251	28.1	100	D
닭튀김_간편조리세트_콤보	가마치통닭	튀김류	10.4	298	27	100	D
닭튀김_간편조리세트_치킨너겟		튀김류	20.2	262	15.8	165	D
닭튀김_간편조리세트_양념구이치킨_다리		튀김류	8.6	221	22.1	574	D
닭튀김_간편조리세트_시즈닝치킨_치즈맛_콤보		튀김류	19.9	278	21	672	D
닭튀김_간편조리세트_시즈닝치킨_치즈맛_순살		튀김류	26.2	287	17.4	527	D
닭튀김_간편조리세트_시즈닝치킨_치즈맛		튀김류	15.7	286	21.4	882	D
닭튀김_간편조리세트_순살	가마치통닭	튀김류	23.6	332	18.5	100	D
닭튀김_간편조리세트_간장양념치킨_콤보		튀김류	12.8	337	29.1	725	D
닭튀김_간편조리세트_간장양념치킨_윙		튀김류	12.5	364	29.2	533	D
닭튀김_간편조리세트_간장양념치킨_순살		튀김류	15.6	336	24.6	564	D
닭튀김_간편조리세트_간장양념치킨_매운맛_콤보		튀김류	12.8	319	25.6	791	D
닭튀김_간편조리세트_간장양념치킨_매운맛_윙		튀김류	12.4	343	27	635	D
닭튀김_간편조리세트_간장양념치킨_매운맛_반반_콤보		튀김류	7.5	343	27.5	624	D
닭튀김_간편조리세트_간장양념치킨_매운맛_반반_윙		튀김류	17.6	341	27.6	630	D
닭튀김_간편조리세트_간장양념치킨_매운맛_반반		튀김류	9.1	330	25.6	749	D
닭튀김_간편조리세트_간장양념치킨_매운맛		튀김류	16.9	305	24.3	398	D
닭튀김_간편조리세트_간장양념치킨		튀김류	11.8	338	26.5	701	D
닭튀김_간장 치킨	호식이두마리치킨	튀김류	12.4	327	27.5	100	D
닭튀김 샐러드		생채·무침류	4	79	3.8	300	D
닭튀김		튀김류	9.2	172	17.6	172	D
닭찜_안동찜닭		찜류	9.3	91	7.6	1500	D
닭찜_매운양념		찜류	6.2	106	9.2	250	D
닭찜_간편조리세트_안동식 찜닭	GS 리테일 심플리쿡	찜류	19.4	136	7.2	968	D
닭찜_간장		찜류	8.1	109	9.2	210	D
닭찜		찜류	10	134	10.3	80	D
닭죽_채소		죽 및 스프류	16.6	111	5.6	240	D
닭죽		죽 및 스프류	15.7	112	5.7	280	D
닭조림_고추장		조림류	13.2	152	9.1	250	D
닭조림		조림류	6.4	117	10.4	220	D
닭볶음탕_간편조리세트_곱도리탕	HY 잇츠온	조림류	10.6	107	6.7	1254	D
닭볶음탕		조림류	8.5	111	11.9	300	D
닭볶음(닭갈비)_매운양념_치즈		볶음류	15	168	14.4	220	D
닭볶음(닭갈비)_매운양념		볶음류	13.8	132	10.9	210	D
닭볶음(닭갈비)_닭가슴살_피망		볶음류	1.4	122	16.4	80	D
닭볶음(닭갈비)_간편조리세트_치즈이불 닭갈비	GS 리테일 심플리쿡	볶음류	14.5	162	11.4	813	D
닭볶음(닭갈비)_간편조리세트_치즈 품은 닭갈비	프레시지	볶음류	18	160	9.5	984	D
닭볶음(닭갈비)_간편조리세트_모짜렐라 치즈 닭갈비	HY 잇츠온	볶음류	13.8	150	11.6	862	D
닭볶음(닭갈비)		볶음류	14.5	166	13.9	220	D
닭볶음		볶음류	12.6	137	14.7	280	D
닭백숙		국 및 탕류	12.8	102	10.1	610	D
닭발볶음		볶음류	11.7	186	13.8	200	D
닭발구이_불닭발	굽네치킨	구이류	17	235	17	100	D
닭발구이		구이류	9.7	196	18.1	220	D
닭모래집튀김_간편조리세트_똥집	가마치통닭	튀김류	23.6	349	19.2	100	D
닭모래집튀김		튀김류	19.4	312	18.7	150	D
닭모래집볶음		볶음류	2.8	176	28.1	200	D
닭도리탕		조림류	8.7	116	9.5	300	D
닭다리튀김_간장		튀김류	17.9	323	18.9	200	D
닭다리조림		조림류	9.2	182	14	87	D
닭다리구이		구이류	0.1	209	19.9	170	D
닭날개구이		구이류	2.3	218	21.6	105	D
닭꼬치구이		구이류	5.5	181	32.1	90	D
닭껍데기튀김		튀김류	28	611	16.2	150	D
닭구이		구이류	3.3	110	10.6	230	D
닭곰탕		국 및 탕류	1.7	50	6.3	280	D
닭고기육개장		국 및 탕류	2.5	39	5	420	D
닭고기냉채		생채·무침류	5.7	72	10.8	150	D
닭고기 탕수		튀김류	8.8	95	7.4	230	D
닭고기 샐러드		생채·무침류	2.8	88	6.7	59	D
닭고기 미역국		국 및 탕류	0.7	21	3.2	280	D
닭고기 덮밥		밥류	17.3	102	5.6	572	D
닭강정		튀김류	21.4	219	17.9	184	D
닭가슴살 샐러드_마요네즈		생채·무침류	2.8	54	4	300	D
닭가슴살 샐러드_드레싱		생채·무침류	2	37	4.1	300	D
달래무침_오이		생채·무침류	8.7	52	1.6	100	D
달래무침		생채·무침류	8.5	68	2.6	97	D
달래 된장국		국 및 탕류	2.5	39	3	243	D
달걀후라이		전·적 및 부침류	3.1	184	11	70	D
달걀튀김		튀김류	14.7	256	10.2	92	D
달걀탕_순두부		국 및 탕류	0.9	29	1.8	350	D
달걀찜_채소		찜류	4.5	89	4.8	100	D
달걀찜_우유		찜류	3.8	105	8.2	200	D
달걀찜_새우젓		찜류	0.8	71	6.5	72	D
달걀찜_두부		찜류	2.5	75	6.6	90	D
달걀찜_당근		찜류	2.2	69	6.2	120	D
달걀찜_달걀만		찜류	1	108	9	100	D
달걀찜		찜류	1.7	119	11.1	110	D
달걀조림		조림류	4.4	84	7	80	D
달걀부침(달걀후라이)_햄		전·적 및 부침류	8.1	277	12.7	100	D
달걀부침(달걀후라이)		전·적 및 부침류	3.1	184	11	70	D
달걀말이_햄_김		전·적 및 부침류	5	193	12.6	45	D
달걀말이_채소		전·적 및 부침류	4.1	167	11	80	D
달걀말이_부추		전·적 및 부침류	2.3	102	6.7	50	D
달걀말이_달걀만		전·적 및 부침류	4.8	210	13.3	100	D
달걀말이		전·적 및 부침류	1.8	176	11.2	82	D
달걀국		국 및 탕류	0.4	19	1.5	260	D
달걀_삶은것_흰자		수·조·어·육류	0	48	11.4	100	D
달걀_삶은것_노른자		수·조·어·육류	1.2	358	15.7	100	D
달걀 샐러드		생채·무침류	6.5	158	5.9	160	D
단호박찜		찜류	10	41	0.9	90	D
단호박조림		조림류	15.2	71	2.2	100	D
단호박 샐러드		생채·무침류	10.3	125	1.2	50	D
단무지무침		생채·무침류	4	34	0.9	40	D
단무지		장아찌·절임류	2.4	13	0.3	30	D
다쿠아즈		빵 및 과자류	43.4	447	8.3	100	D
다식_송화		빵 및 과자류	74	369	8.3	30	D
다시마튀각		튀김류	10	246	1.1	50	D
다시마조림		조림류	7	61	3.1	64	D
다시마무침		생채·무침류	7	60	3.1	64	D
다슬기 된장국		국 및 탕류	2.6	23	2.1	300	D
느타리버섯튀김		튀김류	19.2	227	6.4	60	D
느타리버섯볶음_느타리버섯_채소		볶음류	4.3	40	1.8	70	D
느타리버섯볶음_느타리버섯		볶음류	2.4	21	1.2	90	D
느타리버섯볶음		볶음류	3.2	56	1.4	75	D
느타리버섯 구이		구이류	5.8	60	2.1	91	D
누룽지_뜨거운물첨가		밥류	15.1	69	1.3	100	D
누룽지		밥류	19.2	87	1.5	600	D
녹차_녹차 핫(HOT)	메가커피	음료 및 차류	0	0	0	591	D
녹차_녹차 아이스(ICED)	메가커피	음료 및 차류	0	0	0	710	D
녹두전		전·적 및 부침류	8.4	92	5	159	D
녹두빈대떡_해물_돼지고기		전·적 및 부침류	10.6	103	9	157	D
녹두빈대떡_해물		전·적 및 부침류	10.9	86	6	157	D
녹두빈대떡_채소		전·적 및 부침류	16.6	100	4.3	157	D
녹두빈대떡_돼지고기		전·적 및 부침류	21.4	175	9.4	210	D
녹두빈대떡		전·적 및 부침류	24.6	193	10.2	110	D
노각무침		생채·무침류	9.5	56	1.7	85	D
넙치구이		구이류	0	116	13.6	115	D
넙치(광어)회덮밥_양념장		밥류	12.6	77	4.3	510	D
냉채_해파리		생채·무침류	8.9	61	4.1	150	D
냉채_닭고기		생채·무침류	5	90	13.1	240	D
냉이초나물		나물·숙채류	12.3	77	4.2	100	D
냉이나물		나물·숙채류	15.7	111	5	75	D
냉이 된장국		국 및 탕류	2.1	16	1.4	300	D
냉면_회냉면_홍어		면 및 만두류	22.2	148	5.8	500	D
냉면_열무냉면		면 및 만두류	12.2	66	2.6	800	D
냉면_비빔냉면		면 및 만두류	21.1	131	3.4	500	D
냉면_물냉면		면 및 만두류	13.1	66	2	700	D
냉국_미역_오이		국 및 탕류	0.8	6	0.4	350	D
냉국_미역		국 및 탕류	7.5	37	0.2	350	D
내장탕		국 및 탕류	1.7	71	5.8	609	D
내장전골		찌개 및 전골류	2.9	58	5.4	470	D
난자완스		튀김류	10.4	194	7.8	200	D
낙지탕(맑은탕)		국 및 탕류	0.8	16	3	600	D
낙지탕		국 및 탕류	1.7	31	4.9	600	D
낙지찜		찜류	3.8	74	5.5	600	D
낙지전골_간편조리세트_낙곱새	GS 리테일 심플리쿡	찌개 및 전골류	12.9	88	5.5	923	D
낙지전골		찌개 및 전골류	3.7	51	6.5	430	D
낙지볶음_채소		볶음류	8.1	67	5.4	140	D
낙지볶음_떡		볶음류	8.2	105	16.1	110	D
낙지볶음		볶음류	8.6	91	5.8	200	D
낙지무침		생채·무침류	4.5	59	9.6	150	D
낙지 삼겹살 볶음		볶음류	3.7	151	9.1	255	D
낙지 비빔밥		밥류	14.7	88	4.3	900	D
낙지 덮밥		밥류	16.1	92	3.8	900	D
나폴리탄 스파게티		면 및 만두류	22.5	116	3.6	360	D
나베_간편조리세트_통등심가스나베	GS 리테일 심플리쿡	찌개 및 전골류	15.7	170	5.4	1166	D
나박김치		김치류	1.1	10	0.5	100	D
꿩불고기		구이류	7.9	74	6.7	500	D
꿀떡		빵 및 과자류	49.5	228	3.7	100	D
꽈리고추찜		찜류	7.5	41	1.5	100	D
꽈리고추조림_멸치		조림류	4.7	57	7.1	80	D
꽈리고추볶음_잔멸치_호두		볶음류	4.3	72	6.5	110	D
꽈리고추볶음_잔멸치		볶음류	11.9	152	12.2	70	D
꽈리고추볶음_멸치		볶음류	5.6	79	8	90	D
꽈리고추볶음		볶음류	12.6	145	2.4	79	D
꽈리고추 오징어조림		조림류	6.4	135	14.3	88	D
꽃게탕_간편조리세트_3마리꽃게탕	GS 리테일 심플리쿡	찌개 및 전골류	2.5	26	2.6	1226	D
꽃게탕		찌개 및 전골류	2.2	23	2.8	296	D
꽃게콩나물찜		찜류	5.1	52	5.9	800	D
꽃게찜		찜류	5.1	52	5.9	800	D
꽃게장_양념		젓갈류	9.7	98	12.7	200	D
꽃게장_간장		젓갈류	6	62	7	250	D
꽃게 매운탕		찌개 및 전골류	1.3	31	5.7	233	D
꽁치튀김		튀김류	2.4	105	5.3	100	D
꽁치찌개_김치		찌개 및 전골류	2.9	60	6.2	240	D
꽁치찌개		찌개 및 전골류	4.1	118	8	300	D
꽁치조림_채소		조림류	5.4	88	10.6	220	D
꽁치조림_배추김치		조림류	5.8	88	10.3	210	D
꽁치조림_무		조림류	5.7	83	9.1	95	D
꽁치조림_김치		조림류	3.6	61	6	80	D
꽁치조림		조림류	4.5	131	18.1	79	D
꽁치구이		구이류	2.8	196	21.6	100	D
꼬치구치_낙지		전·적 및 부침류	3.5	94	16.4	80	D
꼬치구이_닭모래집_고추장		구이류	1.3	122	22.6	126	D
꼬치구이_닭모래집_간장		구이류	5.6	160	27.8	75	D
꼬치구이_닭고기_대파		구이류	10.3	245	17.9	170	D
꼬치구이_닭고기		구이류	0.8	115	23.4	240	D
꼬막찜_참꼬막		찜류	5.7	113	15.6	80	D
꼬막찜		찜류	7	96	12	100	D
꼬막무침		찜류	7.7	107	8.3	100	D
꼬리곰탕_당면		국 및 탕류	3	67	3.9	585	D
꼬리곰탕		국 및 탕류	7	113	6.9	800	D
껍질콩볶음_맛살		볶음류	9.3	98	3.3	150	D
깻잎튀김		튀김류	17.3	191	5.4	33	D
깻잎찜		찜류	9.1	60	3	50	D
깻잎전		전·적 및 부침류	16.9	215	12	146	D
깻잎장아찌		장아찌·절임류	12.9	65	3.7	83	D
깻잎나물볶음		나물·숙채류	5.8	103	3.8	200	D
깻잎나물_깻잎		나물·숙채류	4.4	33	2.1	50	D
깻잎나물		나물·숙채류	6	63	2.7	70	D
깻잎김치		김치류	7.3	45	3.1	100	D
깨찰빵_쫀득쫀득한찰깨빵 (2개입)	파리바게뜨	빵 및 과자류	63.6	373	3.6	110	D
깨찰빵_쫀득쫀득한찰깨빵	파리바게뜨	빵 및 과자류	63.6	373	3.6	55	D
깨죽		죽 및 스프류	9.9	64	1.7	800	D
깐풍새우		튀김류	20.6	240	8.2	100	D
깐풍기		튀김류	7.1	156	16	164	D
깐쇼새우		튀김류	14.7	150	7.9	330	D
깍두기		김치류	4.2	33	1.6	50	D
김튀김		튀김류	54.4	522	11	50	D
김치찜_돼지고기_두부		찜류	2.9	44	3.8	270	D
김치찜_돼지고기		찜류	3.2	82	5.8	350	D
김치찜_간편조리세트_돼지고기 묵은지찜	프레시지	찜류	3	52	4.9	670	D
김치찜_간편조리세트_돼지고기 김치찜	HY 잇츠온	찜류	5.8	97	10.1	700	D
김치찌개_햄		찌개 및 전골류	3.3	39	2.8	298	D
김치찌개_참치		찌개 및 전골류	2.4	39	4.7	240	D
김치찌개_어묵		찌개 및 전골류	4.3	43	2.9	314	D
김치찌개_삼겹살		찌개 및 전골류	3	78	3.5	240	D
김치찌개_돼지고기_두부		찌개 및 전골류	2.4	41	4.1	290	D
김치찌개_돼지고기		찌개 및 전골류	1	45	4.2	270	D
김치찌개_꽁치		찌개 및 전골류	2.4	47	4.3	240	D
김치찌개_김치만		찌개 및 전골류	3	46	1.6	100	D
김치찌개		찌개 및 전골류	2.3	19	1.2	200	D
김치전골		찌개 및 전골류	5.7	73	3.1	550	D
김치전_해물		전·적 및 부침류	10.9	96	4.3	240	D
김치전_오징어		전·적 및 부침류	20.5	162	5.5	65	D
김치전		전·적 및 부침류	19	134	5	150	D
김치순두부_해물		찌개 및 전골류	1.6	35	4	270	D
김치순두부_바지락		찌개 및 전골류	2.5	50	5.7	480	D
김치순두부_돼지고기		찌개 및 전골류	1.5	26	3	270	D
김치순두부		찌개 및 전골류	1.5	42	4.7	100	D
김치볶음_햄		볶음류	9.5	188	11.2	157	D
김치볶음_참치		볶음류	5.4	72	5	150	D
김치볶음_돼지고기		볶음류	7.3	161	8.8	100	D
김치볶음_김치만		볶음류	7.2	132	2.6	100	D
김치볶음_김치_참치		볶음류	5	66	5.9	210	D
김치볶음_김치		볶음류	5.5	54	1.4	80	D
김치볶음		볶음류	4.3	38	1.2	80	D
김치만두		면 및 만두류	7.9	76	5.9	325	D
김치국_콩나물		국 및 탕류	1.1	8	0.6	170	D
김치국_두부		국 및 탕류	1.7	18	1.6	188	D
김치국_김치_콩나물		국 및 탕류	1.6	12	1.1	210	D
김치국_김치_두부		국 및 탕류	1.9	18	1.5	270	D
김치국_김치		국 및 탕류	2.1	12	0.7	200	D
김치국		국 및 탕류	2.3	20	1.2	400	D
김치 콩나물국		국 및 탕류	1.1	10	1.2	300	D
김치 청국장찌개		찌개 및 전골류	3.2	30	2.6	340	D
김치 볶음밥_치즈오븐김치볶음밥	노모어피자	밥류	16.5	160	8.3	322	D
김치 볶음밥_모듬		밥류	21.5	130	3.8	320	D
김치 된장국		국 및 탕류	2	15	1.1	280	D
김치 돼지고기볶음		볶음류	4.3	113	8.1	50	D
김치 고기만두		면 및 만두류	42.4	294	16.2	82	D
김부각		튀김류	55.1	415	14.9	19	D
김밥_풋고추		밥류	27.5	169	4.9	290	D
김밥_치즈		밥류	22.1	177	6.2	400	D
김밥_채소		밥류	18.1	102	3.5	400	D
김밥_참치_김치		밥류	15.4	125	5.4	400	D
김밥_참치_고추		밥류	16.4	119	4.4	400	D
김밥_참치		밥류	18.1	129	6	400	D
김밥_소고기		밥류	25	160	6.4	400	D
김밥_샐러리		밥류	19.8	130	2.8	392	D
김밥_샐러드		밥류	24.6	162	3.9	400	D
김밥_멸치_고추		밥류	20.5	122	5.6	400	D
김밥_돈가스		밥류	31.6	202	5.8	400	D
김밥_날치알		밥류	28.7	177	6.1	400	D
김밥_김치		밥류	19.2	130	4.3	400	D
김밥_고추		밥류	16.5	94	3.2	400	D
김밥_계란		밥류	15.1	99	4.3	400	D
김밥_간편조리세트_수유김밥(기본김밥)	수유리우동	밥류	21.4	128	4.1	100	D
김밥		밥류	29.8	157	4.7	230	D
김무침		생채·무침류	19.3	259	21.2	30	D
김말이튀김		튀김류	19.6	132	1.1	100	D
김국		국 및 탕류	2.3	14	0.9	320	D
김구이_조미김		구이류	29	470	20.4	5	D
기피편		빵 및 과자류	49	220	5.5	100	D
기타차_하동매실피치티 핫(HOT)	바나프레소	음료 및 차류	12.6	53	0.1	500	D
기타차_하동매실피치티 아이스(ICED)	바나프레소	음료 및 차류	9.7	41	0.1	650	D
기타차_트로피컬망고 아이스(ICED)	엔제리너스	음료 및 차류	10.8	43	0	461	D
기타차_캐모마일리치티 핫(HOT)	바나프레소	음료 및 차류	8.9	36	0	500	D
기타차_캐모마일리치티 아이스(ICED)	바나프레소	음료 및 차류	6.9	28	0	650	D
기타차_체리 히비스커스티 핫(HOT) (ML)	더리터	음료 및 차류	6.3	25	0	591	D
기타차_체리 히비스커스티 아이스(ICED) (ML)	더리터	음료 및 차류	5.2	21	0	710	D
기타차_체리 히비스커스티 아이스(ICED) (L)	더리터	음료 및 차류	5.8	24	0	946	D
기타차_자몽히비스커스티 핫(HOT)	바나프레소	음료 및 차류	6.1	25	0.1	500	D
기타차_자몽히비스커스티 아이스(ICED)	바나프레소	음료 및 차류	4.7	19	0.1	650	D
기타차_스위트 피치 아이스(ICED)	엔제리너스	음료 및 차류	11.3	46	0	467	D
기타차_사과유자차 핫(HOT)	메가커피	음료 및 차류	9.5	38	0.1	591	D
기타차_사과유자차 아이스(ICED)	메가커피	음료 및 차류	8.5	34	0	710	D
기타차_빨간 코 루돌프의 상큼 리치티 핫(HOT)	메가커피	음료 및 차류	11.4	46	0.1	591	D
기타차_빨간 코 루돌프의 상큼 리치티 아이스(ICED)	메가커피	음료 및 차류	9	37	0.1	710	D
기타차_배도라지차 핫(HOT)	바나프레소	음료 및 차류	13.2	53	0	500	D
기타차_배도라지차 아이스(ICED)	바나프레소	음료 및 차류	10.2	41	0	650	D
기타차_리치 캐모마일티 핫(HOT) (ML)	더리터	음료 및 차류	11.2	45	0	591	D
기타차_리치 캐모마일티 아이스(ICED) (ML)	더리터	음료 및 차류	9.3	37	0	710	D
기타차_리치 캐모마일티 아이스(ICED) (L)	더리터	음료 및 차류	7	28	0	946	D
기타차_레몬허니블랙티 핫(HOT)	바나프레소	음료 및 차류	10.6	44	0.1	500	D
기타차_레몬허니블랙티 아이스(ICED)	바나프레소	음료 및 차류	8.1	34	0.1	650	D
기타차_레몬페퍼민트티 핫(HOT)	바나프레소	음료 및 차류	7.2	33	0.1	500	D
기타차_레몬페퍼민트티 아이스(ICED)	바나프레소	음료 및 차류	5.5	25	0.1	650	D
기타차_레몬&오렌지 홍차티 아이스(ICED)	매머드익스프레스	음료 및 차류	0	1	0.1	591	D
기타음료_플레인요거트드링크	바나프레소	음료 및 차류	7.6	56	1.7	650	D
기타음료_탐라는감귤요거트드링크	바나프레소	음료 및 차류	13.2	68	1.2	650	D
기타음료_복숭아요거트드링크	바나프레소	음료 및 차류	10.6	67	1.6	650	D
기타음료_딸기요거트드링크	바나프레소	음료 및 차류	9.6	62	1.6	650	D
기타음료_기라델리 클래식 초코 핫(HOT)	더리터	음료 및 차류	7	45	1.4	710	D
기타음료_기라델리 클래식 초코 아이스(ICED)	더리터	음료 및 차류	6.3	38	1	710	D
기타음료_기라델리 스윗 바닐라 핫(HOT)	더리터	음료 및 차류	6.5	50	1.3	710	D
기타음료_기라델리 스윗 바닐라 아이스(ICED)	더리터	음료 및 차류	5.8	43	1	710	D
기타빵_카라멜아몬드	롤링핀	빵 및 과자류	45.8	450	10.7	220	D
기타빵_진짜고구마빵	바나프레소	빵 및 과자류	47	287	2	100	D
기타빵_우리쌀 막걸리로 만든 초당옥수수빵	파리바게뜨	빵 및 과자류	44.9	206	4.8	165	D
기타빵_롤링넛츠	롤링핀	빵 및 과자류	40.4	329	6	162	D
기타빵_고구마빵	더리터	빵 및 과자류	51.1	272	2.2	90	D
기장밥_찹쌀		밥류	25.5	119	2.4	280	D
기장밥		밥류	26.3	121	2.2	250	D
기스면		면 및 만두류	9	61	3.8	1000	D
기름장		장류, 양념류	0.9	640	0.2	10	D
근대나물		나물·숙채류	6.4	56	2.5	100	D
근대 된장국		국 및 탕류	1.7	12	0.9	300	D
귤차_탐라는감귤티 핫(HOT)	바나프레소	음료 및 차류	13	54	0.2	500	D
귤차_탐라는감귤티 아이스(ICED)	바나프레소	음료 및 차류	10	42	0.1	650	D
귤차_제주청귤티 핫(HOT)	바나프레소	음료 및 차류	12	49	0.1	500	D
귤차_제주청귤티 아이스(ICED)	바나프레소	음료 및 차류	9.3	38	0.1	650	D
귀리밥		밥류	34.5	162	3.9	100	D
굴찜		찜류	15.7	142	11.3	99	D
굴죽		죽 및 스프류	16.8	107	2.4	259	D
굴전		전·적 및 부침류	14.5	195	10.6	100	D
굴비구이		구이류	0.6	524	59.2	52	D
굴밥		밥류	21.4	122	4.3	500	D
굴무침_채소		생채·무침류	4.5	41	3.3	50	D
굴무침_무		생채·무침류	3.7	29	2.2	50	D
굴무침		생채·무침류	7.3	77	6.7	80	D
굴국_무		국 및 탕류	2.9	25	2.4	500	D
굴국_두부		국 및 탕류	1	18	2	320	D
굴 미역국		국 및 탕류	1.9	16	1.9	280	D
굴 두부찌개		찌개 및 전골류	1.5	21	2.2	327	D
굴 국밥		밥류	12.8	63	1.6	809	D
군만두		면 및 만두류	25.2	219	8.5	257	D
국수전골		찌개 및 전골류	14.6	88	3.4	458	D
국수_쟁반막국수		면 및 만두류	12.8	119	6.7	450	D
국수_잔치국수		면 및 만두류	8.1	44	1.9	700	D
국수_열무김치		면 및 만두류	11.7	69	2.2	800	D
국수_비빔국수		면 및 만두류	20.5	102	3	500	D
국수_막국수		면 및 만두류	23.9	133	5.8	1000	D
국수_김치말이국수		면 및 만두류	8.7	50	2.1	600	D
국수		면 및 만두류	8.9	56	2.5	806	D
국밥_콩나물		밥류	10.9	52	1.4	780	D
국밥_순대국밥		밥류	10.4	75	3.2	900	D
국밥_소고기		밥류	6.1	47	3.1	700	D
국밥_돼지머리		밥류	15.9	137	6.7	900	D
국밥_돼지고기		밥류	6.2	76	5.5	1200	D
국밥_굴		밥류	13.6	105	6.5	650	D
국밥		밥류	7.3	52	3.5	800	D
광어 매운탕		찌개 및 전골류	2.9	63	8.9	600	D
과일샐러드		생채·무침류	11.2	102	0.9	136	D
과ㆍ채주스_홍시 쥬스	바나프레소	음료 및 차류	8.6	33	0.2	650	D
과ㆍ채주스_홍시 주스 (ML)	더리터	음료 및 차류	3.8	39	0.1	710	D
과ㆍ채주스_홍시 주스 (L)	더리터	음료 및 차류	3.5	35	0.1	946	D
과ㆍ채주스_혼합과일주스		음료 및 차류	11.4	55	1.5	360	D
과ㆍ채주스_해독주스_착즙형		음료 및 차류	10.5	44	0.5	100	D
과ㆍ채주스_파인애플 주스	탐앤탐스	음료 및 차류	8.9	37	0.2	470	D
과ㆍ채주스_탐라는감귤 생과일 쥬스	바나프레소	음료 및 차류	10.2	41	0.5	650	D
과ㆍ채주스_키위 주스 (ML)	더리터	음료 및 차류	4.4	30	0.3	710	D
과ㆍ채주스_키위 주스 (L)	더리터	음료 및 차류	4.9	32	0.3	946	D
과ㆍ채주스_초코바나나	카페봄봄	음료 및 차류	11.4	63	1.4	100	D
과ㆍ채주스_청포도 주스 (ML)	더리터	음료 및 차류	3.8	28	0.1	710	D
과ㆍ채주스_청포도 주스 (L)	더리터	음료 및 차류	4.2	30	0.1	946	D
과ㆍ채주스_자몽 후레쉬 주스	탐앤탐스	음료 및 차류	5.1	21	0.2	470	D
과ㆍ채주스_오렌지당근주스	컴포즈커피	음료 및 차류	9.8	40	0	591	D
과ㆍ채주스_오렌지 후레쉬 주스	탐앤탐스	음료 및 차류	4.9	20	0.2	410	D
과ㆍ채주스_오렌지 주스 (ML)	더리터	음료 및 차류	5.5	45	0.3	710	D
과ㆍ채주스_오렌지 주스 (L)	더리터	음료 및 차류	4.9	41	0.3	946	D
과ㆍ채주스_오렌지 자몽 주스	탐앤탐스	음료 및 차류	6.4	27	0.4	470	D
과ㆍ채주스_스트로베리 주스	탐앤탐스	음료 및 차류	7.7	32	0.2	470	D
과ㆍ채주스_스트로베리 주스	커피빈	음료 및 차류	13.2	53	0.4	190	D
과ㆍ채주스_수박 주스 (ML)	더리터	음료 및 차류	2.4	24	0.1	710	D
과ㆍ채주스_수박 주스 (L)	더리터	음료 및 차류	2.8	25	0.2	946	D
과ㆍ채주스_수박 주스	탐앤탐스	음료 및 차류	6.4	29	0.4	470	D
과ㆍ채주스_수박 주스	커피빈	음료 및 차류	12.1	50	0.5	190	D
과ㆍ채주스_샤인머스켓케일주스	컴포즈커피	음료 및 차류	9.8	40	0	591	D
과ㆍ채주스_샤인머스켓 그린주스	메가커피	음료 및 차류	9.1	37	0.1	591	D
과ㆍ채주스_살구 주스 (ML)	더리터	음료 및 차류	9.7	44	0.1	710	D
과ㆍ채주스_살구 주스 (L)	더리터	음료 및 차류	8.6	41	0.2	1000	D
과ㆍ채주스_사과_당근		음료 및 차류	9.1	38	0.2	100	D
과ㆍ채주스_비트파인애플 주스	탐앤탐스	음료 및 차류	8.3	34	0.2	470	D
과ㆍ채주스_블루베리 주스 (ML)	더리터	음료 및 차류	3	35	0	710	D
과ㆍ채주스_블루베리 주스 (L)	더리터	음료 및 차류	2.6	32	0	946	D
과ㆍ채주스_블랙베리 주스	탐앤탐스	음료 및 차류	8.3	34	0.2	470	D
과ㆍ채주스_밀싹케일 주스	탐앤탐스	음료 및 차류	7.7	32	0.4	470	D
과ㆍ채주스_망고바나나	카페봄봄	음료 및 차류	13.6	67	1.1	100	D
과ㆍ채주스_망고 쥬스	바나프레소	음료 및 차류	12.6	50	0.2	650	D
과ㆍ채주스_망고 주스 (ML)	더리터	음료 및 차류	4.7	39	0	710	D
과ㆍ채주스_망고 주스 (L)	더리터	음료 및 차류	4.2	35	0	946	D
과ㆍ채주스_망고 주스	카페봄봄	음료 및 차류	6.5	29	0.1	100	D
과ㆍ채주스_리얼 토마토 주스	엔제리너스	음료 및 차류	10.3	42	0.5	370	D
과ㆍ채주스_리얼 캐롯플 주스	엔제리너스	음료 및 차류	9.8	40	0.2	460	D
과ㆍ채주스_리얼 사과 주스	엔제리너스	음료 및 차류	11.3	46	0	460	D
과ㆍ채주스_레드오렌지 자몽주스	메가커피	음료 및 차류	8.5	35	0.1	591	D
과ㆍ채주스_딸기주스	메가커피	음료 및 차류	8.2	33	0.1	591	D
과ㆍ채주스_딸기바나나	카페봄봄	음료 및 차류	11.4	59	1	100	D
과ㆍ채주스_딸기_바나나		음료 및 차류	11.1	54	1.4	100	D
과ㆍ채주스_딸기 쥬스	바나프레소	음료 및 차류	11	46	0.3	650	D
과ㆍ채주스_딸기 주스 (ML)	더리터	음료 및 차류	4.7	39	0	710	D
과ㆍ채주스_딸기 주스 (L)	더리터	음료 및 차류	4.2	35	0	946	D
과ㆍ채주스_딸기 주스	탐앤탐스	음료 및 차류	19.6	81	0.4	470	D
과ㆍ채주스_딸기 주스	카페봄봄	음료 및 차류	12.5	51	0.1	100	D
과ㆍ채주스_딸기 바나나 주스	메가커피	음료 및 차류	9.4	45	0.7	591	D
과ㆍ채주스_더 건강한 스트로베리 주스	커피빈	음료 및 차류	13.7	55	0.5	190	D
과ㆍ채주스_당근사과 주스	탐앤탐스	음료 및 차류	8.7	36	0.2	470	D
과ㆍ채주스_당근		음료 및 차류	6.9	29	0.4	100	D
과ㆍ채주스		음료 및 차류	8.6	38	0.5	532	D
곱창전골_소고기		찌개 및 전골류	4.9	88	6.9	600	D
곱창전골_간편조리세트_소곱창순대전골	HY 잇츠온	찌개 및 전골류	8.4	75	4	1316	D
곱창전골_간편조리세트_대한곱창 곱창전골	프레시지	찌개 및 전골류	8.7	140	5.8	1295	D
곱창전골		찌개 및 전골류	2.7	47	3.6	570	D
곱창볶음_돼지껍데기		볶음류	16.3	235	17.2	150	D
곱창볶음_돼지고기		볶음류	13.8	182	9.7	230	D
곱창구이_소고기		구이류	4.7	184	14.9	150	D
곰탕_우거지		국 및 탕류	2.6	25	2.4	350	D
곰탕		국 및 탕류	6.5	65	3.4	300	D
곰치국		국 및 탕류	2.4	42	5.4	1000	D
골뱅이무침_채소_소면		생채·무침류	15.2	87	5	100	D
골뱅이무침_채소		생채·무침류	9.2	60	5.1	120	D
골뱅이무침_소면		생채·무침류	18.9	109	5	300	D
골뱅이무침		생채·무침류	10.1	118	17.2	47	D
곤약조림		조림류	7.2	43	1.1	123	D
곤약무침_마요네즈		생채·무침류	3.6	83	0.7	75	D
곤드레밥_양념장		밥류	17.1	87	2.1	300	D
곤드레밥		밥류	26.8	124	2.2	500	D
곤드레나물밥		밥류	28.3	149	2.9	350	D
고춧잎나물무침		나물·숙채류	7.1	88	4.4	90	D
고춧잎나물		나물·숙채류	12.5	101	6.9	60	D
고춧가루 양념장		장류, 양념류	14.4	140	5.9	115	D
고추튀김		튀김류	26.5	218	5.9	66	D
고추조림_멸치		조림류	4.7	57	7.1	80	D
고추조림		조림류	6.9	40	1.9	80	D
고추전		전·적 및 부침류	15.7	234	12	150	D
고추장찌개_두부		찌개 및 전골류	4.2	56	5.3	400	D
고추장아찌 무침		생채·무침류	13.9	62	1.5	38	D
고추장아찌		장아찌·절임류	31.5	124	2.4	100	D
고추장볶음		볶음류	33.4	376	9.1	24	D
고추잡채_간편조리세트_고추잡채 꽃빵키트	HY 잇츠온	볶음류	22.5	168	6.8	556	D
고추잡채		볶음류	4.3	69	4.2	400	D
고사리나물무침		나물·숙채류	6.3	90	3.8	50	D
고사리나물		나물·숙채류	2.1	43	1.6	80	D
고디국(다슬기맑은국)		국 및 탕류	1.6	17	1.4	300	D
고등어튀김		튀김류	2.3	126	6.2	100	D
고등어찜		찜류	3.2	92	8.6	191	D
고등어찌개		찌개 및 전골류	2	38	3.5	452	D
고등어조림_배추김치		조림류	5.8	104	7.9	210	D
고등어조림_무		조림류	5	94	8.4	95	D
고등어조림_모듬채소		조림류	3.4	60	5.1	80	D
고등어조림		조림류	6.1	114	10.2	100	D
고등어구이_카레		구이류	6.3	194	13.9	50	D
고등어구이_석쇠		구이류	3.8	340	23.4	200	D
고등어구이_기름		구이류	3.6	182	12.7	130	D
고등어구이		구이류	3.6	179	12.7	130	D
고들빼기김치		김치류	11.5	71	3	50	D
고기만두		면 및 만두류	13.2	105	6.6	315	D
고구마튀김		튀김류	29.4	193	2.7	100	D
고구마줄기나물_들깨		나물·숙채류	3.9	39	1.5	60	D
고구마줄기나물_고춧가루		나물·숙채류	4.3	27	1.2	60	D
고구마줄기나물		나물·숙채류	3.4	60	0.8	100	D
고구마조림		조림류	38.5	167	2.5	89	D
고구마전		전·적 및 부침류	36	227	2.9	140	D
고구마밥		밥류	30.4	139	2.3	216	D
고구마맛탕		튀김류	31.4	160	0.6	152	D
고구마깻잎튀김		튀김류	29.9	169	2.6	150	D
고구마_찐고구마		찜류	32.5	139	1.7	200	D
고구마_밤고구마_삶은것		곡류, 서류 제품	30.2	132	2.5	100	D
계란빵		빵 및 과자류	27.2	158	6	150	D
계란덮밥		밥류	25.1	143	4.3	100	D
계란 덮밥		밥류	21.3	152	4.7	335	D
경단_콩		빵 및 과자류	74	314	3.5	100	D
경단_찹쌀_카스텔라		빵 및 과자류	51.1	237	4.1	100	D
경단_깨		빵 및 과자류	74.2	319	4.4	100	D
견과_넛츠앤푸르츠	투썸플레이스	두류, 견과 및 종실류	37.5	550	17.5	40	D
겨자채		생채·무침류	4.3	128	7.3	150	D
게조림		조림류	1.5	93	18.9	800	D
게장_양념		젓갈류	8.1	111	12.2	100	D
게장_간장		젓갈류	4.5	88	12.2	100	D
게살죽		죽 및 스프류	13.4	71	2.2	800	D
게맛살튀김		튀김류	26.3	213	6.1	167	D
게국지		국 및 탕류	2.9	38	4.1	1100	D
겉절이_치커리		생채·무침류	4.4	56	1.5	100	D
겉절이_열무		생채·무침류	5.4	58	2.4	100	D
겉절이_상추		생채·무침류	5.3	61	2.4	100	D
겉절이_배추		생채·무침류	6.6	55	2.3	50	D
검정콩밥_보리		밥류	29.9	143	3.2	179	D
검정콩밥		밥류	24.3	121	3.2	300	D
건새우볶음_풋고추		볶음류	12.7	163	10.7	88	D
건새우볶음_건새우_꽈리고추		볶음류	5.7	71	7.1	75	D
건새우볶음_건새우		볶음류	5	120	15.5	60	D
건새우볶음		볶음류	9.5	154	15.6	38	D
건새우 미역국		국 및 탕류	0.9	27	3.8	320	D
건꼴뚜기조림_풋고추		조림류	10.1	288	29.4	31	D
건갈치조림		조림류	3.7	96	11.2	75	D
개피떡(바람떡)		빵 및 과자류	44.3	206	5.3	100	D
개고기전골		찌개 및 전골류	2.4	74	5.6	630	D
개고기무침		생채·무침류	3.8	121	7.6	620	D
개고기 수육		찜류	3.1	226	15.8	200	D
강낭콩밥		밥류	24	112	2.3	300	D
갓김치		김치류	7.1	37	3.3	100	D
갑오징어무침		생채·무침류	5.9	50	5.3	100	D
감자튀김_웨지감자	굽네치킨	튀김류	32.2	231	3.9	250	D
감자튀김_감자볼튀김	호식이두마리치킨	튀김류	32.6	278	2.2	100	D
감자튀김_간편조리세트_몬스터 치즈 프라이	프레시지	튀김류	21.8	269	5.5	587	D
감자튀김_간편조리세트_감자튀김		튀김류	39.6	299	4.5	140	D
감자튀김		튀김류	15.9	114	2.1	150	D
감자탕		찌개 및 전골류	4.5	65	4.6	420	D
감자조림		조림류	15.9	92	1.8	80	D
감자전		전·적 및 부침류	13.8	93	2	200	D
감자연근튀김		튀김류	22.7	149	3.8	156	D
감자스프		죽 및 스프류	8.1	86	2.9	200	D
감자샐러드_오이		생채·무침류	11.2	104	1.7	121	D
감자샐러드_당근		생채·무침류	8.3	77	1.2	78	D
감자샐러드 샌드위치		빵 및 과자류	13.4	108	3.1	380	D
감자샐러드		생채·무침류	15.6	161	2.7	80	D
감자빵_진짜감자빵	바나프레소	빵 및 과자류	38.1	242	2.5	120	D
감자빵_못난이 감자크럼볼	못난이꽈배기	빵 및 과자류	45.3	211	1.3	75	D
감자볶음_햄_채소		볶음류	5.3	47	2.6	180	D
감자볶음_햄		볶음류	13.1	159	5	120	D
감자볶음_풋고추		볶음류	16.7	102	2.8	104	D
감자볶음_채소		볶음류	17.1	88	2.3	110	D
감자볶음_잔멸치		볶음류	16.7	153	6.7	50	D
감자볶음_양파		볶음류	17.1	122	2.5	101	D
감자볶음_당근		볶음류	11.8	109	1.7	76	D
감자볶음_감자만		볶음류	16.2	134	1.9	100	D
감자볶음_감자_햄		볶음류	5.3	47	2.6	180	D
감자볶음_감자_베이컨		볶음류	5.9	53	1.9	180	D
감자볶음_감자_당근		볶음류	7.7	52	1.1	200	D
감자볶음_감자		볶음류	8.9	52	1.2	95	D
감자볶음		볶음류	9	52	1.2	95	D
감자범벅		곡류, 서류 제품	21.9	95	2.3	112	D
감자밥		밥류	28.4	130	2.4	262	D
감자그라탕		구이류	13	138	4.1	48	D
감자국_소고기		국 및 탕류	4	39	2.1	320	D
감자국		국 및 탕류	4.1	22	1.5	240	D
감자구이		구이류	18.2	123	2.4	110	D
감자_찐감자		찜류	15	70	2.2	200	D
감자 호박된장국		국 및 탕류	3.5	25	2.1	320	D
감자 소고기찌개		찌개 및 전골류	4	52	3.4	204	D
감자 된장국_두부		국 및 탕류	4	32	2.4	193	D
감자 된장국		국 및 탕류	3.3	22	1.4	320	D
감바스_간편조리세트_감바스 알 아히요	HY 잇츠온	볶음류	18.6	303	6.5	720	D
감바스_간편조리세트_감바스 알 아히요	프레시지	볶음류	13.8	384	8.4	401	D
감바스_간편조리세트_감바스 알 아히요	CJ 쿡킷	볶음류	19	224	11.5	641	D
갈치튀김		튀김류	1.9	78	4.6	100	D
갈치찌개		찌개 및 전골류	2.4	39	3.9	390	D
갈치조림_무		조림류	4.7	76	7.1	95	D
갈치젓_양념		젓갈류	10.3	149	15.5	90	D
갈치구이_기름		구이류	0.6	138	21.5	140	D
갈치구이		구이류	4.3	127	9.8	140	D
갈비탕_소금제외		국 및 탕류	4.2	89	5.5	740	D
갈비탕		국 및 탕류	2.3	49	2.5	373	D
갈비찜_소고기		찜류	5.3	198	19.9	300	D
갈비찜_고춧가루		찜류	7.9	172	20.4	300	D
갈비구이_왕갈비_양념		구이류	9.1	321	18.1	150	D
갈비구이_소고기_양념		구이류	8.7	330	20	300	D
갈비구이_소고기		구이류	7.1	309	20.9	300	D
갈비구이_돼지고기		구이류	5.8	294	19.6	100	D
갈매기살구이_돼지고기		구이류	0.3	312	27	100	D
간재미회무침		생채·무침류	6.5	47	4.7	270	D
간자장_해물		면 및 만두류	22.7	151	6.9	885	D
간자장		면 및 만두류	20.6	127	3.4	650	D
가지탕수		튀김류	21.2	154	2.2	195	D
가지찜		찜류	10.2	120	5.6	100	D
가지전		전·적 및 부침류	11.2	114	3.2	200	D
가지볶음_가지_당근		볶음류	4.6	37	0.9	75	D
가지볶음_가지_고추		볶음류	3.4	27	0.9	60	D
가지볶음_가지		볶음류	3.4	35	0.9	60	D
가지냉국		국 및 탕류	3.4	19	1.1	160	D
가지나물		나물·숙채류	4.3	34	1.2	50	D
가지김치		김치류	6.2	36	2.1	100	D
가죽나물무침		생채·무침류	10.1	76	5.8	80	D
가자미튀김		튀김류	5.5	225	20.7	100	D
가자미찜		찜류	2.8	78	11.8	171	D
가자미조림		조림류	7.2	99	12.4	189	D
가자미식해		젓갈류	11.6	134	11.1	250	D
가자미구이		구이류	3.9	150	14.7	190	D
가자미 매운탕		찌개 및 전골류	1.5	31	4.4	550	D
가오리회무침		생채·무침류	6.5	47	4.7	270	D
가오리콩나물찜		찜류	3.5	29	2.7	600	D
가오리찜		찜류	0.5	102	22	600	D
가래떡_흑미		빵 및 과자류	47.8	205	3.5	100	D
가래떡		빵 및 과자류	46.1	210	4	100	D
가라지류_가라지_육_생것_여수_6월		어패류 및 기타 수산물	0.7	78	14.8	100	R
가리비류_가리비_관자(패주)_삶아서 말린것_대표_평균		어패류 및 기타 수산물	7.6	334	65.7	100	R
가리비류_가리비_관자(패주)_생것_대표_평균		어패류 및 기타 수산물	3.5	91	16.9	100	R
가리비류_가리비_육_말린것_대표_평균		어패류 및 기타 수산물	4.4	387	77.6	100	R
가리비류_가리비_육_삶은것_대표_평균		어패류 및 기타 수산물	1.9	99	17.6	100	R
가리비류_가리비_육_생것_대표_평균		어패류 및 기타 수산물	0	89	15.2	100	R
가리비류_가리비_육_통조림_대표_평균		어패류 및 기타 수산물	4.4	119	21.6	100	R
가리비류_국자가리비_육_생것_대표_평균		어패류 및 기타 수산물	1.5	61	10.8	100	R
가리비류_비단가리비_육_생것_충무_평균		어패류 및 기타 수산물	1.4	76	14.5	100	R
가리비류_큰가리비_육_생것_대표_평균		어패류 및 기타 수산물	0	67	12.3	100	R
가무락조개_육_생것_부산_10월		어패류 및 기타 수산물	2.8	77	14.1	100	R
가무락조개_육_생것_부산_6월		어패류 및 기타 수산물	3.2	61	8.2	100	R
가물치_육_생것_금산_평균		어패류 및 기타 수산물	0.9	100	18.3	100	R
가물치_육_생것_대전_평균		어패류 및 기타 수산물	0.3	86	18.2	100	R
가시망둑_육_생것_부산_8월		어패류 및 기타 수산물	0	101	22.4	100	R
가오리류_가오리_육_조미하여 말린것_대표_평균		어패류 및 기타 수산물	35.8	340	39.3	100	R
가자미류_가자미_육_생것_대표_평균		어패류 및 기타 수산물	0.3	143	22.1	100	R
가자미류_갈가자미_육_생것_포항_평균		어패류 및 기타 수산물	0.2	90	18.3	100	R
가자미류_기름가자미_알_생것_포항_평균		어패류 및 기타 수산물	3	104	19.9	100	R
가자미류_기름가자미_육_생것_포항_평균(반건조)		어패류 및 기타 수산물	0	98	19.8	100	R
가자미류_기름가자미_육_찐것_남해_평균		어패류 및 기타 수산물	0	123	25.2	100	R
가자미류_용가자미_육_생것_대표_평균		어패류 및 기타 수산물	0.1	86	18.9	100	R
가자미류_참가자미_알_생것_포항_평균		어패류 및 기타 수산물	2.9	152	27.6	100	R
가자미류_참가자미_육_구운것_대표_평균		어패류 및 기타 수산물	0.2	150	31.4	100	R
가자미류_참가자미_육_생것_포항_평균		어패류 및 기타 수산물	0.5	110	19.1	100	R
가자미류_참가자미_육_찐것_대표_평균		어패류 및 기타 수산물	2.4	171	30.6	100	R
가재류_가시발새우_육_생것_대표_평균		어패류 및 기타 수산물	0	83	18.6	100	R
가재류_바닷가재_내장_생것_수입_평균		어패류 및 기타 수산물	1.4	268	14.7	100	R
가재류_바닷가재_육_생것_대표_평균		어패류 및 기타 수산물	0	85	16	100	R
가재류_바닷가재_육_생것_수입_평균		어패류 및 기타 수산물	0.7	79	17	100	R
가재류_바닷가재_육_찐것_대표_평균		어패류 및 기타 수산물	0	91	16.8	100	R
각시수랑_육_생것_부산_5월		어패류 및 기타 수산물	0.9	70	15	100	R
갈래곰보_갈래곰보_줄기_생것_대표_평균		해조류	4.6	12	0.9	100	R
갈치류_갈치_육_생것_수입_평균		어패류 및 기타 수산물	0	156	18.7	100	R
갈치류_갈치_육_생것_인천_평균		어패류 및 기타 수산물	0.1	149	18.5	100	R
갈치류_갈치_육_약하게 소금에 절인것_대표_평균		어패류 및 기타 수산물	0.1	188	26.3	100	R
갈치류_등가시치_육_생것_대표_평균		어패류 및 기타 수산물	0	88	18.5	100	R
감펭류_홍감펭_육_생것_대표_평균		어패류 및 기타 수산물	0.2	120	16.7	100	R
갑오징어류_갑오징어_육_말린것_대표_평균		어패류 및 기타 수산물	3.2	339	66.8	100	R
갑오징어류_쇠갑오징어_육_생것_대표_평균		어패류 및 기타 수산물	0.2	88	16.9	100	R
갑오징어류_참갑오징어_육_생것_대표_평균		어패류 및 기타 수산물	0.2	84	17.3	100	R
강달이류_눈강달이_육_생것_인천_평균		어패류 및 기타 수산물	0.1	109	17	100	R
강달이류_눈강달이_육_젓갈_대표_평균		어패류 및 기타 수산물	0	102	14	100	R
강준치_육_생것_부산_10월		어패류 및 기타 수산물	0.2	90	18.7	100	R
개량조개_육_말린것_대표_평균		어패류 및 기타 수산물	7	276	54.2	100	R
개불류_개불_육_생것_부산_5월		어패류 및 기타 수산물	1.6	53	10.5	100	R
개조개_육_생것_부산_5월		어패류 및 기타 수산물	3	64	10.9	100	R
개조개_육_생것_부산_6월		어패류 및 기타 수산물	7.5	105	14.2	100	R
갯가재류_갯가재_내장_생것_대표_평균		어패류 및 기타 수산물	0.8	89	16	100	R
갯가재류_갯가재_육_삶은것_대표_평균		어패류 및 기타 수산물	0.2	99	19.2	100	R
갯가재류_갯가재_육_생것_대표_평균		어패류 및 기타 수산물	13.1	105	7.5	100	R
갯강구_육_생것_대표_평균		어패류 및 기타 수산물	15.4	295	46	100	R
게류_금강참게_육_생것_광양_평균		어패류 및 기타 수산물	1.5	167	16.8	100	R
게류_꽃게_다리_생것_대표_평균		어패류 및 기타 수산물	2	112	10.2	100	R
게류_꽃게_몸통_생것_대표_평균		어패류 및 기타 수산물	0	65	14.4	100	R
게류_꽃게_육_삶은것_대표_평균		어패류 및 기타 수산물	0.6	81	16.1	100	R
게류_꽃게_육_생것_대표_평균		어패류 및 기타 수산물	0.4	85	16.2	100	R
게류_꽃게_육_생것_인천_평균		어패류 및 기타 수산물	2	74	13.7	100	R
게류_꽃게_육_젓갈_대표_평균		어패류 및 기타 수산물	0.8	63	12.2	100	R
게류_꽃게_육_찐것_대표_평균		어패류 및 기타 수산물	0	92	17.9	100	R
게류_닭게_육_생것_대표_평균		어패류 및 기타 수산물	0.1	69	15.2	100	R
게류_대게_내장_생것_수입_평균		어패류 및 기타 수산물	0.4	106	7.8	100	R
게류_대게_육_데쳐서 말린것_대표_평균		어패류 및 기타 수산물	2	314	66.7	100	R
게류_대게_육_삶은것_대표_평균		어패류 및 기타 수산물	0.1	72	15	100	R
게류_대게_육_생것_수입_평균		어패류 및 기타 수산물	0	79	17	100	R
게류_대게_육_생것_영덕_평균		어패류 및 기타 수산물	0.5	85	17.4	100	R
게류_대게_육_통조림_대표_평균		어패류 및 기타 수산물	0.2	77	16.3	100	R
게류_동남참게_육_생것_광양_평균		어패류 및 기타 수산물	1.4	156	16.8	100	R
게류_방게_육_생것_대표_평균		어패류 및 기타 수산물	0.9	73	11.9	100	R
게류_붉은대게_육_생것_대표_평균		어패류 및 기타 수산물	0.3	48	10.5	100	R
게류_왕게_육_삶은것_대표_평균		어패류 및 기타 수산물	0.3	85	17.5	100	R
게류_왕게_육_생것_수입_평균		어패류 및 기타 수산물	1	66	13.5	100	R
게류_왕게_육_생것_포항_평균		어패류 및 기타 수산물	0.6	67	13.7	100	R
고둥류_갈색띠매물고둥_내장_생것_포항_평균		어패류 및 기타 수산물	7.1	195	22.2	100	R
고둥류_갈색띠매물고둥_육_구운것_포항_평균		어패류 및 기타 수산물	4	135	26.7	100	R
고둥류_갈색띠매물고둥_육_생것_포항_평균		어패류 및 기타 수산물	5.3	98	16.9	100	R
고둥류_갈색띠매물고둥_전체_생것_포항_평균		어패류 및 기타 수산물	3.8	146	20.1	100	R
고둥류_관절매물고둥(보라골뱅이)_육_생것_포항_평균		어패류 및 기타 수산물	4.5	104	17.7	100	R
고둥류_명주매물고둥_내장_생것_포항_평균		어패류 및 기타 수산물	4.1	200	18.5	100	R
고둥류_명주매물고둥_육_구운것_포항_평균		어패류 및 기타 수산물	7.4	132	22.6	100	R
고둥류_명주매물고둥_육_생것_포항_평균		어패류 및 기타 수산물	6.4	100	16	100	R
고둥류_명주매물고둥_육_찐것_포항_평균		어패류 및 기타 수산물	6.7	124	21.5	100	R
고둥류_명주매물고둥_전체_생것_포항_평균		어패류 및 기타 수산물	3.7	146	17.8	100	R
고둥류_보말고둥_육_삶은것_대표_평균		어패류 및 기타 수산물	5.3	118	18.4	100	R
고둥류_피뿔고둥_내장_생것_여수_평균		어패류 및 기타 수산물	6.1	130	17	100	R
고둥류_피뿔고둥_육_구운것_여수_평균		어패류 및 기타 수산물	16.9	138	15.9	100	R
고둥류_피뿔고둥_육_생것_여수_평균		어패류 및 기타 수산물	7.6	102	16.3	100	R
고둥류_피뿔고둥_육_찐것_여수_평균		어패류 및 기타 수산물	12.4	127	17.1	100	R
고둥류_피뿔고둥_전체_생것_여수_평균		어패류 및 기타 수산물	6.6	111	17.2	100	R
고등어류_고등어_육_구운것_수입(일본)_평균		어패류 및 기타 수산물	0.4	293	25.2	100	R
고등어류_고등어_육_반정도 말린것_수입_평균		어패류 및 기타 수산물	0.2	336	18.7	100	R
고등어류_고등어_육_삶은것_수입_평균		어패류 및 기타 수산물	0.3	281	22.6	100	R
고등어류_고등어_육_생것_부산_평균		어패류 및 기타 수산물	0	183	20.2	100	R
고등어류_고등어_육_생것_수입_평균		어패류 및 기타 수산물	4.8	242	17	100	R
고등어류_고등어_육_생것_제주_평균		어패류 및 기타 수산물	0	268	20.1	100	R
고등어류_고등어_육_소금에 절여 말린것_대표_평균		어패류 및 기타 수산물	0.6	171	21.3	100	R
고등어류_고등어_육_소금에 절여 저장한것_대표_평균		어패류 및 기타 수산물	0.1	172	26.9	100	R
고등어류_고등어_육_소금에 절여 저장한것_포항_평균		어패류 및 기타 수산물	0	184	21.6	100	R
고등어류_고등어_육_소금에 절인것_대표_평균		어패류 및 기타 수산물	6.4	286	19	100	R
고등어류_고등어_육_통조림_대표_평균		어패류 및 기타 수산물	0	114	15.6	100	R
고등어류_고등어_전체_생것_수입_평균		어패류 및 기타 수산물	0.5	85	17.5	100	R
고등어류_고등어_전체_훈제_수입_평균		어패류 및 기타 수산물	0	295	19.5	100	R
고리매_전체_생것_통영_3월		해조류	4.7	14	1.4	100	R
괴도라치_육_생것_포항_6월		어패류 및 기타 수산물	0	74	17.2	100	R
군소류_군소_육_데친것_포항_평균		어패류 및 기타 수산물	1.3	67	12.9	100	R
군평선이_육_생것_부산_3월		어패류 및 기타 수산물	0.2	103	18.5	100	R
굴류_굴_육_젓갈_대표_평균		어패류 및 기타 수산물	14.8	110	6.6	100	R
굴류_석굴_육_생것_대표_평균		어패류 및 기타 수산물	3.7	71	8.9	100	R
굴류_참굴_양식,육_생것_대표_평균		어패류 및 기타 수산물	5.1	98	10.5	100	R
굴류_참굴_육_삶은것_대표_평균		어패류 및 기타 수산물	7.1	100	9.9	100	R
굴류_참굴_육_생것_대표_평균		어패류 및 기타 수산물	5.3	92	9.7	100	R
굴류_참굴_육_젓갈_대표_평균		어패류 및 기타 수산물	8.1	101	8.6	100	R
굴류_참굴_육_통조림_대표_평균		어패류 및 기타 수산물	0	92	14.7	100	R
기름종개류_미꾸라지_육_생것_진안_평균		어패류 및 기타 수산물	0.3	144	17.1	100	R
기름종개류_미꾸라지_전체_생것_진안_평균		어패류 및 기타 수산물	0	138	15.9	100	R
기름종개류_미꾸리_육_삶은것_대표_평균		어패류 및 기타 수산물	0	84	17.1	100	R
기름종개류_미꾸리_육_생것_금산_평균		어패류 및 기타 수산물	0	146	18.4	100	R
기름종개류_미꾸리_육_생것_대전_평균		어패류 및 기타 수산물	0.2	96	16.2	100	R
기름종개류_미꾸리_전체_생것_진안_평균		어패류 및 기타 수산물	0.5	115	14.7	100	R
김류_김_전체_말린것_여수_평균		해조류	36.2	173	45.9	100	R
김류_김_전체_생것_여수_평균		해조류	4	20	5	100	R
김류_김밥용김_전체_말린것_대표_평균		해조류	46.2	202	38.5	100	R
김류_돌김(둥근돌김)_전체_말린것_대표_평균		해조류	44.6	168	35.5	100	R
김류_모무늬돌김_전체_말린것_해남_2월		해조류	46.1	345	36.1	100	R
김류_모무늬돌김_전체_생것_해남_2월		해조류	5.3	45	5.1	100	R
김류_방사무늬김_양식,전체_생것_대표_2월		해조류	3.6	16	3.8	100	R
김류_방사무늬김_전체_말린것_대표_평균		해조류	48.5	173	36.9	100	R
김류_방사무늬김_전체_조미_대표_평균		해조류	20.5	308	21.5	100	R
김류_참김_전체_구운것_대표_평균		해조류	41.7	193	43.3	100	R
김류_참김_전체_말린것_대표_평균		해조류	40.3	165	38.6	100	R
김류_참김_전체_생것_대표_평균		해조류	2	12	3.3	100	R
김류_참김_전체_조미_대표_평균		해조류	4.8	341	37.7	100	R
김류_참김_전체_조미하여 말린것_대표_평균		해조류	42.9	172	37.8	100	R
김류_초밥김_전체_말린것_대표_평균		해조류	40.9	168	32.7	100	R
까나리_육_삶아서 말린것_수입_평균		어패류 및 기타 수산물	1.5	218	43.1	100	R
까나리_육_생것_진주_평균		어패류 및 기타 수산물	0.3	114	16	100	R
까나리_육_젓갈(액젓)_대표_평균		어패류 및 기타 수산물	1.1	36	7	100	R
꺽저기_육_생것_부산_10월		어패류 및 기타 수산물	0.1	92	19.5	100	R
꼬막류_꼬막_육_구운것_여수_평균		어패류 및 기타 수산물	6.2	153	21.4	100	R
꼬막류_꼬막_육_말린것_여수_평균		어패류 및 기타 수산물	60.2	441	18.4	100	R
꼬막류_꼬막_육_찐것_여수_평균		어패류 및 기타 수산물	10.9	169	19.3	100	R
꼬막류_꼬막_전체_생것_율촌_평균		어패류 및 기타 수산물	5.2	97	12.9	100	R
꼬막류_새꼬막_육_생것_대표_평균		어패류 및 기타 수산물	2.9	82	12.3	100	R
꼬막류_피조개_양식,육_생것_대표_평균		어패류 및 기타 수산물	3	92	11.8	100	R
꼬막류_피조개_육_구운것_여수_평균		어패류 및 기타 수산물	8.9	179	24.7	100	R
꼬막류_피조개_육_말린것_여수_평균		어패류 및 기타 수산물	24.1	425	55.9	100	R
꼬막류_피조개_육_찐것_여수_평균		어패류 및 기타 수산물	8.7	164	22.5	100	R
꼬막류_피조개_육_통조림_대표_평균		어패류 및 기타 수산물	7.8	128	18	100	R
꼬막류_피조개_전체_생것_대표_평균		어패류 및 기타 수산물	77.7	81	1.4	100	R
꼬막류_피조개_전체_생것_여수_평균		어패류 및 기타 수산물	5.2	91	12.5	100	R
꼬시래기류_꼬시래기_줄기_생것_대표_평균		해조류	6.2	17	1.8	100	R
꼬치고기_육_구운것_남해_평균		어패류 및 기타 수산물	0	152	30.3	100	R
꼴뚜기류_꼴뚜기_육_젓갈_대표_평균		어패류 및 기타 수산물	0.3	92	16	100	R
꼴뚜기류_불똥꼴뚜기_육_삶은것_대표_평균		어패류 및 기타 수산물	0.4	101	17.7	100	R
꼴뚜기류_불똥꼴뚜기_육_생것_대표_평균		어패류 및 기타 수산물	0.6	101	14.4	100	R
꼴뚜기류_불똥꼴뚜기_육_조린것_대표_평균		어패류 및 기타 수산물	22.9	272	27	100	R
꼴뚜기류_불똥꼴뚜기_육_조미훈제_대표_평균		어패류 및 기타 수산물	21.3	339	43.1	100	R
꼴뚜기류_참꼴뚜기_육_삶아서 말린것_대표_평균		어패류 및 기타 수산물	1.7	286	51.3	100	R
꼴뚜기류_참꼴뚜기_육_젓갈_대표_평균		어패류 및 기타 수산물	0.3	88	16	100	R
꼴뚜기류_창꼴뚜기_다리_생것_부산_평균		어패류 및 기타 수산물	0.1	80	16.2	100	R
꼴뚜기류_창꼴뚜기_머리_생것_부산_평균		어패류 및 기타 수산물	0.5	88	18	100	R
꼴뚜기류_창꼴뚜기_몸통_구운것_남해_평균		어패류 및 기타 수산물	0.4	165	33.4	100	R
꼼치류_분홍꼼치_육_생것_대표_평균		어패류 및 기타 수산물	1.1	74	15.2	100	R
꽁치_육_구운것_수입_평균		어패류 및 기타 수산물	0.2	312	23.3	100	R
꽁치_육_생것_원양산_평균		어패류 및 기타 수산물	0	198	23.4	100	R
꽁치_육_소금에 절여 저장한것_대표_평균		어패류 및 기타 수산물	0.2	198	20.1	100	R
꽁치_육_통조림_대표_평균		어패류 및 기타 수산물	0	125	13.1	100	R
꽁치_전체_통조림_대표_평균		어패류 및 기타 수산물	1.1	185	22.6	100	R
날치_알_생것_대표_평균		어패류 및 기타 수산물	8.3	104	10.2	100	R
날치_알_생것_해남_평균		어패류 및 기타 수산물	7.8	80	9.9	100	R
납지리_육_생것_부산_10월		어패류 및 기타 수산물	0.1	86	17.5	100	R
넙치류_넙치(광어)_껍질_생것_대표_평균		어패류 및 기타 수산물	0	186	29.3	100	R
넙치류_넙치(광어)_알_생것_대표_평균		어패류 및 기타 수산물	0.8	33	4.9	100	R
넙치류_넙치(광어)_육_생것_대표_평균		어패류 및 기타 수산물	0	139	22.4	100	R
넙치류_넙치(광어)_전체_말린것_수입(그린란드)_평균		어패류 및 기타 수산물	0	239	18.4	100	R
넙치류_넙치(광어)_전체_말린것_수입(미국)_평균		어패류 및 기타 수산물	0	111	22.5	100	R
넙치류_넙치(광어)_전체_생것_수입(그린란드)_평균		어패류 및 기타 수산물	0	186	14.4	100	R
넙치류_넙치(광어)_전체_생것_수입(미국)_평균		어패류 및 기타 수산물	1.8	116	20.5	100	R
넙치류_넙치(광어)_전체_조리예에 따라 조리한것_수입_평균		어패류 및 기타 수산물	0	113	22.1	100	R
넙치류_킹넙치_알_생것_대표_평균		어패류 및 기타 수산물	0.9	41	6.4	100	R
노래미류_노래미_육_생것_수입_5월		어패류 및 기타 수산물	0.8	89	17.5	100	R
노래미류_줄노래미_육_생것_부산_4월		어패류 및 기타 수산물	0	85	17.5	100	R
노래미류_쥐노래미_육_생것_포항_6월		어패류 및 기타 수산물	0.5	119	21	100	R
놀래기류_놀래기_육_생것_부산_7월		어패류 및 기타 수산물	0	107	19.2	100	R
놀래기류_사당놀래기_육_생것_부산_4월		어패류 및 기타 수산물	0	104	20.3	100	R
놀래기류_용치놀래기_육_생것_여수_6월		어패류 및 기타 수산물	0.4	85	19.3	100	R
놀래기류_황놀래기_육_생것_부산_4월		어패류 및 기타 수산물	0.1	98	18.9	100	R
농어류_농어_육_구운것_대표_평균		어패류 및 기타 수산물	0	138	23.6	100	R
농어류_농어_육_생것_충무_평균		어패류 및 기타 수산물	0.2	96	18.2	100	R
누치_육_생것_부산_7월		어패류 및 기타 수산물	0.8	105	17.3	100	R
눈볼대_육_생것_남해_11월		어패류 및 기타 수산물	0.9	248	16.9	100	R
눈볼대_육_생것_대표_11월		어패류 및 기타 수산물	7.2	210	16.9	100	R
눈볼대_육_생것_대표_5월		어패류 및 기타 수산물	0	216	17.6	100	R
눈볼대_육_생것_부산_5월		어패류 및 기타 수산물	0	144	22.3	100	R
눈볼대_육_생것_여수_4월		어패류 및 기타 수산물	0	110	18.5	100	R
눈퉁멸_육_말린것(포)_대표_평균		어패류 및 기타 수산물	11.1	382	58.6	100	R
능성어_육_생것_부산_7월		어패류 및 기타 수산물	0.3	93	18.8	100	R
다랑어류_가다랑어_육_기름담금 통조림_대표_평균		어패류 및 기타 수산물	0	205	22.3	100	R
다랑어류_가다랑어_육_말린것(포)_대표_평균		어패류 및 기타 수산물	1	364	77.5	100	R
다랑어류_가다랑어_육_추출_대표_평균		어패류 및 기타 수산물	0.1	3	0.3	100	R
다랑어류_가다랑어_육_통조림_대표_평균		어패류 및 기타 수산물	0	197	23	100	R
다랑어류_참다랑어_육(등살)_생것_원양산_평균		어패류 및 기타 수산물	0	167	24.8	100	R
다랑어류_참다랑어_육(뱃살)_생것_원양산_평균		어패류 및 기타 수산물	0.5	214	22.6	100	R
다랑어류_참다랑어_육_구운것_대표_평균		어패류 및 기타 수산물	0	204	29.9	100	R
다랑어류_참다랑어_육_생것_대표_평균		어패류 및 기타 수산물	0	196	24	100	R
다랑어류_황다랑어_육_구운것_수입_평균		어패류 및 기타 수산물	0	142	32	100	R
다랑어류_황다랑어_육_생것_수입_평균		어패류 및 기타 수산물	0	104	23.4	100	R
다랑어류_황다랑어_육_찐것_수입_평균		어패류 및 기타 수산물	0	124	27.8	100	R
다슬기류_곳체다슬기_육_생것_대표_평균		어패류 및 기타 수산물	4	79	11.6	100	R
다슬기류_다슬기_육_생것_대표_평균		어패류 및 기타 수산물	6.9	93	12	100	R
다슬기류_다슬기_전체_생것_진안_평균		어패류 및 기타 수산물	2.3	66	10.8	100	R
다시마류_다시마_전체_삶은것에 소금을 가한것_대표_평균		해조류	5.4	15	1.2	100	R
다시마류_다시마_줄기_말린것_강릉_평균		해조류	45.2	110	7.4	100	R
다시마류_다시마_줄기_생것_대표_평균		해조류	4.2	12	1.1	100	R
다시마류_다시마_줄기_소금에 절여 저장한것_대표_평균		해조류	6	18	1.2	100	R
다시마류_다시마_줄기_추출_대표_평균		해조류	0.3	1	0.1	100	R
다시마류_다시마_줄기_튀긴것_대표_평균		해조류	58.8	253	3.6	100	R
다시마류_용다시마_전체_말린것_해남_7월		해조류	61.8	158	13.4	100	R
다시마류_용다시마_전체_생것_강릉_1월		해조류	3.8	11	1.1	100	R
다시마류_용다시마_전체_생것_해남_7월		해조류	9.5	24	2	100	R
다시마류_참다시마_전체_말린것_해남_7월		해조류	57.3	145	11.5	100	R
다시마류_참다시마_전체_생것_해남_7월		해조류	7.1	18	1.4	100	R
달강어_달강어_육_생것_대표_5월		어패류 및 기타 수산물	0	91	19.7	100	R
달강어_육_생것_포항_6월		어패류 및 기타 수산물	0.1	121	19.7	100	R
달고기류_달고기_알_생것_부산_5월		어패류 및 기타 수산물	0.2	115	23.4	100	R
달고기류_달고기_육_생것_대표_4월		어패류 및 기타 수산물	0	86	19.4	100	R
달고기류_달고기_육_생것_대표_5월		어패류 및 기타 수산물	0	84	19.2	100	R
달고기류_달고기_육_생것_대표_8월		어패류 및 기타 수산물	0	92	20.2	100	R
달고기류_달고기_육_생것_부산_5월		어패류 및 기타 수산물	0.7	97	19.1	100	R
달고기류_달고기_육_생것_여수_4월		어패류 및 기타 수산물	0	82	18.9	100	R
달고기류_민달고기_육_생것_부산_3월		어패류 및 기타 수산물	0.1	95	20.3	100	R
달고기류_민달고기_육_생것_여수_4월		어패류 및 기타 수산물	0.1	90	18.1	100	R
대구류_대구_간_조린것_수입_평균		어패류 및 기타 수산물	0	100	21.8	100	R
대구류_대구_내장_생것_대표_평균		어패류 및 기타 수산물	0.1	94	15	100	R
대구류_대구_머리_말린것_수입_평균		어패류 및 기타 수산물	0	255	59.4	100	R
대구류_대구_수컷,육_생것_대표_평균		어패류 및 기타 수산물	0	90	18.2	100	R
대구류_대구_알_삶은것_수입_평균		어패류 및 기타 수산물	0	142	31	100	R
대구류_대구_알_생것_대표_평균		어패류 및 기타 수산물	2.3	117	21.4	100	R
대구류_대구_암컷,육_생것_대표_평균		어패류 및 기타 수산물	0	75	15.4	100	R
대구류_대구_육_구운것_대표_평균		어패류 및 기타 수산물	0.2	114	25.2	100	R
대구류_대구_육_구운것_수입_평균		어패류 및 기타 수산물	0	98	21.4	100	R
대구류_대구_육_데친것_수입_평균		어패류 및 기타 수산물	0	95	20.9	100	R
대구류_대구_육_말린것(포)_대표_평균		어패류 및 기타 수산물	1.8	312	65.4	100	R
대구류_대구_육_생것_수입_평균		어패류 및 기타 수산물	0	79	17.2	100	R
대구류_대구_육_소금에 절여 반정도 말린것_대표_평균		어패류 및 기타 수산물	0	223	45.1	100	R
대구류_대구_육_소금에 절여 저장한것_대표_평균		어패류 및 기타 수산물	0.1	101	20	100	R
대구류_대구_육_젓갈_대표_평균		어패류 및 기타 수산물	0	69	14.7	100	R
대구류_대구_육_찐것_수입_평균		어패류 및 기타 수산물	0	84	18.6	100	R
대구류_대구_육_튀긴것(밀가루옷)_수입_평균		어패류 및 기타 수산물	3.1	153	21.9	100	R
대구류_대구_육_튀긴것(튀김옷, 수분많은 반죽)_수입_평균		어패류 및 기타 수산물	12.3	210	15.9	100	R
대구류_대구_육_튀긴것_대표_평균		어패류 및 기타 수산물	11.1	118	13.7	100	R
대구류_대구_적색육_생것_수입_평균		어패류 및 기타 수산물	0	74	16.9	100	R
대구류_빨간대구_육_생것_대표_평균		어패류 및 기타 수산물	0.7	108	12.6	100	R
대구류_은대구_육_생것_대표_평균		어패류 및 기타 수산물	0	144	13.1	100	R
대두어(흑연)_육_생것_창원_8월		어패류 및 기타 수산물	0.5	96	17.5	100	R
대멸_육_데쳐서 말린것_대표_평균		어패류 및 기타 수산물	2.5	303	47.4	100	R
대수리_육_생것_부산_7월		어패류 및 기타 수산물	1.9	112	18.8	100	R
대합류_대합_육_구운것_여수_평균		어패류 및 기타 수산물	8.3	148	21.9	100	R
대합류_대합_육_찐것_여수_평균		어패류 및 기타 수산물	6.7	152	22.9	100	R
대합류_대합_전체_생것_여수_평균		어패류 및 기타 수산물	8.1	103	13.4	100	R
대황_대황_줄기_말린것_대표_평균		해조류	64.5	145	7.3	100	R
대황_전체_생것_포항_3월		해조류	7.5	23	2.5	100	R
덕대_육_구운것_남해_평균		어패류 및 기타 수산물	0.1	173	25.6	100	R
도다리류_강도다리_육_생것_대표_평균		어패류 및 기타 수산물	0	118	17.9	100	R
도도바리류_도도바리_육_생것_여수_6월		어패류 및 기타 수산물	0.5	95	19.4	100	R
도루묵_육_소금에 절여 말린것_대표_평균		어패류 및 기타 수산물	0.2	313	44.8	100	R
도화돔_육_생것_부산_3월		어패류 및 기타 수산물	0	130	21.3	100	R
돔류_금눈돔_육_생것_대표_평균		어패류 및 기타 수산물	0.3	135	18.5	100	R
돔류_돌돔_육_생것_대표_평균		어패류 및 기타 수산물	0	152	21.1	100	R
돔류_샛돔_육_찐것_남해_평균		어패류 및 기타 수산물	0	132	29.4	100	R
돔류_실붉돔_육_생것_대표_평균		어패류 및 기타 수산물	0	112	17.8	100	R
돔류_옥돔_육_구운것_대표_평균		어패류 및 기타 수산물	0	122	22.5	100	R
돔류_옥돔_육_삶은것_대표_평균		어패류 및 기타 수산물	0	125	20.7	100	R
돔류_참돔_껍질_구운것_대표_평균		어패류 및 기타 수산물	0	209	16.6	100	R
돔류_참돔_육_구운것_대표_평균		어패류 및 기타 수산물	0.1	206	22.7	100	R
돔류_참돔_육_삶은것_대표_평균		어패류 및 기타 수산물	0.1	202	22.2	100	R
동가리류_네동가리_육_생것_부산_5월		어패류 및 기타 수산물	0.1	82	19.2	100	R
동가리류_아홉동가리_육_생것_부산_7월		어패류 및 기타 수산물	0.1	106	19.8	100	R
동가리류_여덟동가리_육_생것_부산_7월		어패류 및 기타 수산물	0	110	19.2	100	R
동갈치_육_생것_부산_5월		어패류 및 기타 수산물	0.4	97	19.8	100	R
동사리_육_생것_부산_10월		어패류 및 기타 수산물	0	81	16.9	100	R
동자개(빠가사리)_육_생것_진안_평균		어패류 및 기타 수산물	0	117	17.7	100	R
동죽_육_생것_인천_평균		어패류 및 기타 수산물	0.9	69	11.8	100	R
동태_육_얼린것_대표_평균		어패류 및 기타 수산물	0.1	80	15.9	100	R
둑중개_육_삶은것_수입_평균		어패류 및 기타 수산물	0.2	120	15.8	100	R
둑중개_육_조린것_수입_평균		어패류 및 기타 수산물	33.8	325	29.4	100	R
드렁허리_육_생것_대구_10월		어패류 및 기타 수산물	0	92	17.9	100	R
떡조개_육_생것_부산_4월		어패류 및 기타 수산물	7.4	87	11.2	100	R
떡조개_육_생것_완도_3월		어패류 및 기타 수산물	5	78	11.9	100	R
뜸부기_줄기_말린것_대표_평균		해조류	52.1	128	6.1	100	R
망둑어류_문절망둑_육_생것_대표_평균		어패류 및 기타 수산물	0.3	90	18.7	100	R
망둑어류_문절망둑_육_장류를 넣고 가열하여 조린것_대표_평균		어패류 및 기타 수산물	29	275	28.3	100	R
망상어류_망상어_육_생것_여수_6월		어패류 및 기타 수산물	0.2	89	18.9	100	R
망상어류_인상어_육_생것_부산_8월		어패류 및 기타 수산물	0.4	133	21.8	100	R
매생이_전체_말린것_대표_평균		해조류	50.5	157	24.1	100	R
매생이_전체_말린것_완도_평균		해조류	49.5	160	25.9	100	R
매생이_전체_말린것_장흥_평균		해조류	51.9	160	24.6	100	R
매생이_전체_생것_완도_평균		해조류	4.5	13	1.8	100	R
매생이_전체_생것_장흥_평균		해조류	5.3	17	2.4	100	R
매생이_줄기_말린것_완도_1월		해조류	40.6	125	20.6	100	R
매생이_줄기_생것_대표_평균		해조류	8.2	43	3.9	100	R
매퉁이류_매퉁이_육_생것_부산_5월		어패류 및 기타 수산물	0.1	93	20.8	100	R
매퉁이류_매퉁이_육_생것_여수_4월		어패류 및 기타 수산물	0.3	116	22.7	100	R
매퉁이류_툼빌매퉁이_육_생것_대표_8월		어패류 및 기타 수산물	0	96	20.9	100	R
매퉁이류_황매퉁이_육_생것_부산_6월		어패류 및 기타 수산물	0.1	97	20	100	R
먹장어_육_생것_부산_5월		어패류 및 기타 수산물	0.4	129	16.9	100	R
멍게류_멍게(우렁쉥이)_양식,육_생것_대표_평균		어패류 및 기타 수산물	4.9	81	8.7	100	R
멍게류_멍게(우렁쉥이)_육_생것_대표_평균		어패류 및 기타 수산물	1.6	44	6.7	100	R
멍게류_유령멍게_육_생것_남해_평균		어패류 및 기타 수산물	1.4	15	1.4	100	R
멍게류_유령멍게_육_생것_창원_평균		어패류 및 기타 수산물	2.5	22	1.6	100	R
메기_육_생것_진안_평균		어패류 및 기타 수산물	0.1	124	17.2	100	R
멸치_육_기름담금 통조림_대표_평균		어패류 및 기타 수산물	0	189	9.7	100	R
멸치_육_젓갈(액젓)_대표_평균		어패류 및 기타 수산물	0	39	8.6	100	R
멸치_육_젓갈_대표_평균		어패류 및 기타 수산물	1.8	106	13.6	100	R
멸치_육_추출_대표_평균		어패류 및 기타 수산물	0	0	0.1	100	R
멸치_전체_말린것_대표_평균		어패류 및 기타 수산물	1	310	60.3	100	R
멸치_전체_생것_거제_평균		어패류 및 기타 수산물	0.3	94	20	100	R
멸치_전체_생것_남해_평균		어패류 및 기타 수산물	0	98	21.6	100	R
멸치_전체_생것_동해_평균		어패류 및 기타 수산물	0	99	21.8	100	R
멸치_전체_추출_대표_평균		어패류 및 기타 수산물	0	2	0.2	100	R
명태_내장_젓갈(창난젓)_대표_평균		어패류 및 기타 수산물	8.2	116	12.9	100	R
명태_노가리_육_말린것_대표_평균		어패류 및 기타 수산물	5.9	193	37.4	100	R
명태_알_생것_대표_평균		어패류 및 기타 수산물	2.7	133	20.5	100	R
명태_알_생것_수입_평균		어패류 및 기타 수산물	2.3	127	22.6	100	R
명태_알_젓갈(명란젓)_대표_평균		어패류 및 기타 수산물	8.8	132	20.2	100	R
명태_육_구운것_수입_평균		어패류 및 기타 수산물	0	123	23.5	100	R
명태_육_말린것(포)_대표_평균		어패류 및 기타 수산물	0	372	82.7	100	R
명태_육_반정도 말린것_대표_평균		어패류 및 기타 수산물	0	290	61.7	100	R
명태_육_생것_강릉_평균		어패류 및 기타 수산물	0	80	17.5	100	R
명태_육_생것_수입_평균		어패류 및 기타 수산물	0.2	76	16.6	100	R
명태_육_얼려서 말린것(포)_강릉_평균		어패류 및 기타 수산물	0.3	350	74.6	100	R
명태_육_얼려서 말린것_대표_평균		어패류 및 기타 수산물	0	342	77	100	R
명태_육_조미하여 말린것(포)_대표_평균		어패류 및 기타 수산물	38.6	329	39.3	100	R
모래무지_육_생것_경기_12월		어패류 및 기타 수산물	0	77	15.7	100	R
모자반류_괭생이모자반_전체_생것_포항_평균		해조류	40.2	126	19	100	R
모자반류_모자반_양식,전체_생것_완도_평균		해조류	11.2	29	2.4	100	R
모자반류_모자반_전체_데친것_포항_평균		해조류	5.1	17	2	100	R
모자반류_모자반_전체_말린것_대표_평균		해조류	48.6	138	16.7	100	R
모자반류_모자반_전체_생것_통영_3월		해조류	7.2	22	3	100	R
모자반류_모자반_전체_생것_포항_3월		해조류	7.4	22	2.6	100	R
모자반류_모자반_줄기_말린것_대표_평균		해조류	45.7	143	15.2	100	R
모자반류_모자반_줄기_분말화한것_대표_평균		해조류	40.8	141	14	100	R
모자반류_모자반_줄기_생것_대표_평균		해조류	6.7	18	1.8	100	R
모자반류_모자반_줄기_소금에 절여 저장한것_대표_평균		해조류	5.4	18	3.1	100	R
모자반류_지충이_전체_생것_통영_3월		해조류	4.4	30	9.2	100	R
모자반류_큰잎모자반_전체_생것_기장_평균		해조류	17.5	43	3	100	R
목해삼_내장_생것_울릉도_평균		어패류 및 기타 수산물	1.4	39	4	100	R
목해삼_알_생것_울릉도_평균		어패류 및 기타 수산물	1	33	4.7	100	R
몽치다래_육_생것_부산_11월		어패류 및 기타 수산물	0.5	159	24.1	100	R
문어류_낙지_육_생것__평균문어류_낙지_육_생것_수입_평균		어패류 및 기타 수산물	0	46	8.4	100	R
문어류_낙지_육_생것_대표_평균		어패류 및 기타 수산물	0	81	16.3	100	R
문어류_문어_다리_생것_부산_평균		어패류 및 기타 수산물	0.6	79	16.6	100	R
문어류_문어_머리_생것_부산_평균		어패류 및 기타 수산물	0.2	78	16.4	100	R
문어류_문어_육_말린것_대표_평균		어패류 및 기타 수산물	3.6	348	72	100	R
문어류_문어_육_삶은것_대표_평균		어패류 및 기타 수산물	0.1	101	21.7	100	R
문어류_문어_육_생것_대표_평균		어패류 및 기타 수산물	0.1	78	16.4	100	R
문어류_문어_육_생것_포항_평균		어패류 및 기타 수산물	0.2	74	15.5	100	R
문어류_세발낙지_육_생것_대표_평균		어패류 및 기타 수산물	0.1	61	11.5	100	R
문어류_주꾸미_육_생것__평균문어류_주꾸미_육_생것_수입_평균		어패류 및 기타 수산물	0.1	44	9.2	100	R
문어류_주꾸미_육_생것_군산_평균		어패류 및 기타 수산물	0.5	52	10.8	100	R
물메기_육_생것_부산_6월		어패류 및 기타 수산물	0.1	78	16.4	100	R
물치다래_육_생것_부산_7월		어패류 및 기타 수산물	0.1	168	23.4	100	R
미더덕류_주름미더덕(오만둥이)_양식,육_생것_대표_평균		어패류 및 기타 수산물	0.3	32	5.4	100	R
미역류_곰피_줄기_분말화한것_대표_평균		해조류	51.4	143	10	100	R
미역류_곰피_줄기_생것_대표_평균		해조류	54.7	157	12.9	100	R
미역류_미역_귀_말린것_완도_평균		해조류	3.8	10	0.8	100	R
미역류_미역_귀_생것_완도_평균		해조류	3.8	10	0.8	100	R
미역류_미역_뿌리_말린것_완도_평균		해조류	3	10	1.2	100	R
미역류_미역_뿌리_생것_완도_평균		해조류	3	10	1.2	100	R
미역류_미역_양식,줄기_생것_부산_2월		해조류	4.8	18	3	100	R
미역류_미역_전체_말린것_여수_평균		해조류	34.5	107	16.2	100	R
미역류_미역_전체_말린것_완도_평균		해조류	29.9	110	21.1	100	R
미역류_미역_전체_말린것_포항_평균		해조류	48.9	144	17.9	100	R
미역류_미역_전체_생것_여수_평균		해조류	5.1	17	2.5	100	R
미역류_미역_전체_생것_완도_평균		해조류	4.5	14	2	100	R
미역류_미역_전체_생것_통영_3월		해조류	4.2	15	1.7	100	R
미역류_미역_전체_생것_포항_3월		해조류	4.7	15	2.3	100	R
미역류_미역_줄기_말린것_대표_평균		해조류	43.6	167	20.3	100	R
미역류_미역_줄기_말린것_완도_평균		해조류	25	95	18	100	R
미역류_미역_줄기_분말화한것_대표_평균		해조류	52.4	149	10.7	100	R
미역류_미역_줄기_삶은것에 소금을 가한것_대표_평균		해조류	6.4	16	1	100	R
미역류_미역_줄기_생것_대표_평균		해조류	3.7	13	1.7	100	R
미역류_미역_줄기_생것_부산_1월		해조류	4.4	14	2.1	100	R
미역류_미역_줄기_생것_부산_평균		해조류	4.4	15	2.1	100	R
미역류_미역_줄기_생것_완도_평균		해조류	2.8	10	1.3	100	R
미역류_미역_줄기_소금에 절여 저장한것_대표_평균		해조류	8.8	38	6	100	R
미역류_미역_줄기_튀긴것_대표_평균		해조류	46.2	314	9.8	100	R
미역류_쇠미역_전체_말린것_여수_평균		해조류	37.6	120	17.8	100	R
미역류_쇠미역_전체_생것_여수_평균		해조류	3.7	12	1.7	100	R
민어_알_소금에 절여 저장한것_대표_평균		어패류 및 기타 수산물	0	315	35.1	100	R
민어_암컷,육_조미하여 말린것_대표_평균		어패류 및 기타 수산물	0	111	23.4	100	R
민어_육_구운것_대표_평균		어패류 및 기타 수산물	0	111	23.4	100	R
민어_육_조미하여 말린것_대표_평균		어패류 및 기타 수산물	35.2	327	39.8	100	R
민태_육_생것_대표_평균		어패류 및 기타 수산물	0	88	15.2	100	R
바리류_대왕범바리_육_생것_대표_평균		어패류 및 기타 수산물	0.2	151	19.6	100	R
바리류_대왕붉바리_육_생것_거문도_평균		어패류 및 기타 수산물	0	140	19.9	100	R
바리류_대왕붉바리_육_생것_통영_평균		어패류 및 기타 수산물	0	142	19.7	100	R
바리류_대왕자바리_육_생것_대표_평균		어패류 및 기타 수산물	0	117	18.5	100	R
바리류_자바리_육_생것_대표_평균		어패류 및 기타 수산물	1	106	20.1	100	R
바지락_양식,육_생것_대표_평균		어패류 및 기타 수산물	0.7	75	13	100	R
바지락_육_구운것_여수_평균		어패류 및 기타 수산물	10.4	142	18.8	100	R
바지락_육_말린것_대표_평균		어패류 및 기타 수산물	0	347	74	100	R
바지락_육_말린것_여수_평균		어패류 및 기타 수산물	24.1	425	59.5	100	R
바지락_육_생것_대표_평균		어패류 및 기타 수산물	3.2	82	12.3	100	R
바지락_육_장류를 넣고 가열하여 조린것_대표_평균		어패류 및 기타 수산물	29.1	261	24.8	100	R
바지락_육_젓갈_대표_평균		어패류 및 기타 수산물	1.5	51	8.5	100	R
바지락_육_조미통조림_대표_평균		어패류 및 기타 수산물	8.8	118	16	100	R
바지락_육_찐것_여수_평균		어패류 및 기타 수산물	12.6	145	14.7	100	R
바지락_육_통조림_대표_평균		어패류 및 기타 수산물	2.1	101	15.2	100	R
바지락_전체_생것_여수_평균		어패류 및 기타 수산물	8.3	101	11.9	100	R
박대_육_말린것_대표_평균		어패류 및 기타 수산물	0.9	147	25.6	100	R
박대_육_반정도 말린것_대표_평균		어패류 및 기타 수산물	0.1	115	21.4	100	R
반지_육_생것_남해중부_10월		어패류 및 기타 수산물	0.1	128	20.2	100	R
방어류_방어_육_구운것_대표_평균		어패류 및 기타 수산물	0.3	289	26.2	100	R
방어류_방어_육_훈제통조림_대표_평균		어패류 및 기타 수산물	0.5	346	27.2	100	R
백연_육_생것_대표_평균		어패류 및 기타 수산물	0.3	89	19	100	R
백합류_백합_육_구운것_대표_평균		어패류 및 기타 수산물	2.8	78	13.3	100	R
백합류_백합_육_삶은것_대표_평균		어패류 및 기타 수산물	2.9	88	14.9	100	R
백합류_백합_육_조미통조림_대표_평균		어패류 및 기타 수산물	10.9	137	19.6	100	R
밴댕이_육_삶아서 말린것_대표_평균		어패류 및 기타 수산물	0.5	335	48.2	100	R
밴댕이_육_생것_인천_평균		어패류 및 기타 수산물	0.2	225	16.3	100	R
밴댕이_육_젓갈_대표_평균		어패류 및 기타 수산물	0	115	16.4	100	R
밴댕이_전체_말린것_대표_평균		어패류 및 기타 수산물	0	238	46	100	R
뱅어_육_말린것(포)_대표_평균		어패류 및 기타 수산물	1.2	403	60.4	100	R
뱅어_육_말린것_대표_평균		어패류 및 기타 수산물	0	311	56.1	100	R
뱅어_육_생것_군산_평균		어패류 및 기타 수산물	0.3	68	13.3	100	R
뱅어_전체_말린것(포)_대표_평균		어패류 및 기타 수산물	4.5	365	62.2	100	R
베도라치류_가시베도라치_육_생것_포항_5월		어패류 및 기타 수산물	0.8	85	15.7	100	R
베도라치류_그물베도라치_육_생것_부산_7월		어패류 및 기타 수산물	0.7	107	22	100	R
베도라치류_베도라치_육_생것_강릉_6월		어패류 및 기타 수산물	0	105	20.7	100	R
베도라치류_장어베도라치_육_생것_강릉_6월		어패류 및 기타 수산물	0.7	135	19.3	100	R
베도라치류_장어베도라치_육_생것_동해EEZ_2월		어패류 및 기타 수산물	0.4	80	17	100	R
베로치_육_생것_부산_5월		어패류 및 기타 수산물	0	86	19.5	100	R
벤자리류_벤자리_육_생것_부산_평균		어패류 및 기타 수산물	0.3	123	17	100	R
보구치(26cm미만)_육_생것_대표_10월		어패류 및 기타 수산물	0	105	19	100	R
보구치(26cm미만)_육_생것_대표_11월		어패류 및 기타 수산물	0.6	95	18.9	100	R
보구치(26cm미만)_육_생것_대표_12월		어패류 및 기타 수산물	0	93	19.5	100	R
보구치(26cm미만)_육_생것_대표_1월		어패류 및 기타 수산물	0	105	18.6	100	R
보구치(26cm미만)_육_생것_대표_2월		어패류 및 기타 수산물	0	109	18.5	100	R
보구치(26cm미만)_육_생것_대표_3월		어패류 및 기타 수산물	0	118	18.4	100	R
보구치(26cm미만)_육_생것_대표_4월		어패류 및 기타 수산물	2.4	109	18.5	100	R
보구치(26cm미만)_육_생것_대표_5월		어패류 및 기타 수산물	0	138	18.9	100	R
보구치(26cm미만)_육_생것_대표_6월		어패류 및 기타 수산물	0	109	19.7	100	R
보구치(26cm미만)_육_생것_대표_7월		어패류 및 기타 수산물	0	105	19.5	100	R
보구치(26cm미만)_육_생것_대표_8월		어패류 및 기타 수산물	0	95	18.8	100	R
보구치(26cm미만)_육_생것_대표_9월		어패류 및 기타 수산물	0	110	20	100	R
보구치(26cm이상)_육_생것_대표_10월		어패류 및 기타 수산물	0	96	19.3	100	R
보구치(26cm이상)_육_생것_대표_11월		어패류 및 기타 수산물	0	92	19.6	100	R
보구치(26cm이상)_육_생것_대표_12월		어패류 및 기타 수산물	0	98	19.9	100	R
보구치(26cm이상)_육_생것_대표_1월		어패류 및 기타 수산물	0	101	19.1	100	R
보구치(26cm이상)_육_생것_대표_2월		어패류 및 기타 수산물	0	112	19.4	100	R
보구치(26cm이상)_육_생것_대표_3월		어패류 및 기타 수산물	0	122	19.2	100	R
보구치(26cm이상)_육_생것_대표_4월		어패류 및 기타 수산물	0	126	18.7	100	R
보구치(26cm이상)_육_생것_대표_5월		어패류 및 기타 수산물	0	107	20.1	100	R
보구치(26cm이상)_육_생것_대표_6월		어패류 및 기타 수산물	0.5	104	19.2	100	R
보구치(26cm이상)_육_생것_대표_7월		어패류 및 기타 수산물	0	105	19.2	100	R
보구치(26cm이상)_육_생것_대표_8월		어패류 및 기타 수산물	0	106	19.6	100	R
보구치(26cm이상)_육_생것_대표_9월		어패류 및 기타 수산물	0	102	20.2	100	R
보구치_육_구운것_통영_7월		어패류 및 기타 수산물	0	204	31.1	100	R
보구치_육_생것_대표_10월		어패류 및 기타 수산물	0	202	20.3	100	R
보구치_육_생것_대표_11월		어패류 및 기타 수산물	0	192	19.8	100	R
보구치_육_생것_대표_12월		어패류 및 기타 수산물	0	186	19.1	100	R
보구치_육_생것_대표_1월		어패류 및 기타 수산물	0	200	19.3	100	R
보구치_육_생것_대표_2월		어패류 및 기타 수산물	0	203	20.6	100	R
보구치_육_생것_대표_3월		어패류 및 기타 수산물	0	190	19.4	100	R
보구치_육_생것_대표_4월		어패류 및 기타 수산물	0	106	19.4	100	R
보구치_육_생것_대표_5월		어패류 및 기타 수산물	0	201	20.2	100	R
보구치_육_생것_대표_6월		어패류 및 기타 수산물	0	201	20.6	100	R
보구치_육_생것_대표_7월		어패류 및 기타 수산물	0	186	19.2	100	R
보구치_육_생것_대표_9월		어패류 및 기타 수산물	0	193	19.7	100	R
보구치_육_생것_여수_4월		어패류 및 기타 수산물	0	103	18.2	100	R
보구치_육_생것_여수_6월		어패류 및 기타 수산물	0.3	119	19.3	100	R
보구치_육_생것_통영_10월		어패류 및 기타 수산물	0	108	19.3	100	R
보구치_육_생것_통영_11월		어패류 및 기타 수산물	0.2	99	19.8	100	R
보구치_육_생것_통영_12월		어패류 및 기타 수산물	0	110	18.8	100	R
보구치_육_생것_통영_1월		어패류 및 기타 수산물	0	101	19.1	100	R
보구치_육_생것_통영_2월		어패류 및 기타 수산물	0	105	19	100	R
보구치_육_생것_통영_3월		어패류 및 기타 수산물	0	109	19.8	100	R
보구치_육_생것_통영_4월		어패류 및 기타 수산물	0	102	19	100	R
보구치_육_생것_통영_5월		어패류 및 기타 수산물	0	106	19.8	100	R
보구치_육_생것_통영_6월		어패류 및 기타 수산물	0	120	19.5	100	R
보구치_육_생것_통영_7월		어패류 및 기타 수산물	1.1	103	18.3	100	R
보구치_육_생것_통영_8월		어패류 및 기타 수산물	0	107	18.2	100	R
보구치_육_생것_통영_9월		어패류 및 기타 수산물	0.7	94	18.2	100	R
보리멸류_보리멸_육_생것_여수_평균		어패류 및 기타 수산물	0	93	19.5	100	R
보리멸류_보리멸_육_얼린것_대표_평균		어패류 및 기타 수산물	0.3	109	19.6	100	R
복류_검복_육_조미하여 말린것_대표_평균		어패류 및 기타 수산물	17.6	313	47.7	100	R
복류_졸복_육_생것_진주_평균		어패류 및 기타 수산물	0.5	83	18.9	100	R
복류_흰점복_육_생것_부산_평균		어패류 및 기타 수산물	0	72	15.9	100	R
볼기우럭_육_생것_부산_6월		어패류 및 기타 수산물	0	129	18.7	100	R
볼락류_볼락_육_구운것_대표_평균		어패류 및 기타 수산물	0	121	22.2	100	R
볼락류_장문볼락_육_구운것_대표_평균		어패류 및 기타 수산물	0	107	18.5	100	R
볼락류_장문볼락_육_생것_대표_평균		어패류 및 기타 수산물	0.2	97	15.7	100	R
볼락류_장문볼락_육_생것_수입_평균		어패류 및 기타 수산물	0	102	18.5	100	R
볼락류_조피볼락(우럭)_육_생것_대표_평균		어패류 및 기타 수산물	0	102	18.4	100	R
부세_육_생것_부산_평균		어패류 및 기타 수산물	0	105	17.2	100	R
부세_육_생것_수입_평균		어패류 및 기타 수산물	0	166	18.6	100	R
부시리_육_생것_부산_3월		어패류 및 기타 수산물	0.1	109	22.3	100	R
북어_육_말린것_대표_평균		어패류 및 기타 수산물	0.3	339	73.2	100	R
붉은맛(큰죽합)_육_말린것_대표_평균		어패류 및 기타 수산물	14.4	387	57.9	100	R
붉은맛(큰죽합)_육_생것_대표_평균		어패류 및 기타 수산물	1.3	62	9.7	100	R
붉은맛(큰죽합)_육_생것_충무_평균		어패류 및 기타 수산물	2.5	95	16.1	100	R
붉은메기_육_생것_대표_4월		어패류 및 기타 수산물	0	73	16.9	100	R
붉은메기_육_생것_동해EEZ_2월		어패류 및 기타 수산물	0	83	18.9	100	R
붉은메기_육_생것_부산_3월		어패류 및 기타 수산물	0	83	18.2	100	R
붕어_육_구운것_대표_평균		어패류 및 기타 수산물	14.4	196	18	100	R
붕어_육_삶은것_대표_평균		어패류 및 기타 수산물	28.6	250	15.7	100	R
붕어_육_생것_대전_평균		어패류 및 기타 수산물	0.1	94	18.1	100	R
블루길_육_생것_가평(청평)_평균		어패류 및 기타 수산물	0.2	83	17.8	100	R
빙어류_바다빙어_육_구운것_대표_평균		어패류 및 기타 수산물	0	138	22.6	100	R
빙어류_빙어_육_삶아서 말린것_대표_평균		어패류 및 기타 수산물	0	210	34.2	100	R
빙어류_빙어_육_장류를 넣고 가열하여 조린것_대표_평균		어패류 및 기타 수산물	27	290	26.7	100	R
빨강부치_육_생것_부산_4월		어패류 및 기타 수산물	0	71	15.8	100	R
산호류_산호_전체_생것_통영_3월		해조류	9.8	80	7.9	100	R
산호류_산호말_전체_생것_통영_3월		해조류	16.8	42	2.8	100	R
살살치_육_생것_대표_5월		어패류 및 기타 수산물	0.7	94	21	100	R
살살치_육_생것_여수_6월		어패류 및 기타 수산물	0.6	70	15.5	100	R
살조개_육_생것_부산_2월		어패류 및 기타 수산물	3.6	89	14.2	100	R
삼세기_육_생것_포항_6월		어패류 및 기타 수산물	0.5	97	18.6	100	R
삼치류_삼치_육_구운것_대표_평균		어패류 및 기타 수산물	0.1	204	23.6	100	R
삼치류_삼치_육_생것_대표_평균		어패류 및 기타 수산물	0	124	20.1	100	R
삼치류_삼치_육_젓갈_대표_평균		어패류 및 기타 수산물	0	112	22.7	100	R
삼치류_평삼치_육_생것_대표_평균		어패류 및 기타 수산물	0	134	17.9	100	R
상어류_곱상어_육_생것_대표_평균		어패류 및 기타 수산물	0.3	164	16.2	100	R
상어류_돔발상어_알_생것_대표_평균		어패류 및 기타 수산물	0.5	329	25	100	R
상어류_돔발상어_육_생것_대표_평균		어패류 및 기타 수산물	0	85	17.9	100	R
상어류_별상어_육_생것_수입_평균		어패류 및 기타 수산물	0	95	21.2	100	R
상어류_악상어_육_생것_대표_평균		어패류 및 기타 수산물	0	284	13.4	100	R
상어류_악상어_육_생것_수입_평균		어패류 및 기타 수산물	0	107	23.9	100	R
상어류_청새리상어_육_생것_대표_평균		어패류 및 기타 수산물	0.1	101	18.5	100	R
새다래_육_생것_부산_5월		어패류 및 기타 수산물	0	104	18.9	100	R
새우류_긴뿔천길새우_육_생것_대표_평균		어패류 및 기타 수산물	0	92	20	100	R
새우류_꽃새우_육_삶아서 말린것_대표_평균		어패류 및 기타 수산물	4.1	307	55.5	100	R
새우류_꽃새우_육_생것_대표_평균		어패류 및 기타 수산물	0.6	127	22	100	R
새우류_꽃새우_육_장류를 넣고 가열하여 조린것_대표_평균		어패류 및 기타 수산물	25.8	255	25.9	100	R
새우류_꽃새우_육_찐것_대표_평균		어패류 및 기타 수산물	1.5	132	22.8	100	R
새우류_꽃새우_육_튀긴것(튀김옷, 수분많은 반죽)_대표_평균		어패류 및 기타 수산물	11.5	242	21.4	100	R
새우류_꽃새우_전체_말린것_대표_평균		어패류 및 기타 수산물	7.6	341	56.3	100	R
새우류_대하_육_말린것_대표_평균		어패류 및 기타 수산물	15.6	400	62.4	100	R
새우류_대하_육_생것_인천_평균		어패류 및 기타 수산물	0.1	82	18.1	100	R
새우류_물렁가시붉은새우_육_생것_대표_평균		어패류 및 기타 수산물	0.6	83	18	100	R
새우류_보리새우_육_삶은것_대표_평균		어패류 및 기타 수산물	0	129	28.2	100	R
새우류_새우_껍질_생것_대표_평균		어패류 및 기타 수산물	6.1	323	44	100	R
새우류_새우_육_말린것을 볶은것_대표_평균		어패류 및 기타 수산물	28.5	380	23.4	100	R
새우류_새우_육_젓갈_대표_평균		어패류 및 기타 수산물	1.2	44	8.1	100	R
새우류_새우_육_튀긴것(튀김옷, 수분많은 반죽)_대표_평균		어패류 및 기타 수산물	28.8	263	6.4	100	R
새우류_적새우_육_생것_수입_평균		어패류 및 기타 수산물	0	88	19.5	100	R
새우류_젓새우_육_생것_목포_평균		어패류 및 기타 수산물	2.6	62	9.6	100	R
새우류_젓새우_육_젓갈_대표_평균		어패류 및 기타 수산물	0.7	55	10.4	100	R
새우류_젓새우_육_조린것_대표_평균		어패류 및 기타 수산물	35.1	255	19.1	100	R
새우류_젓새우_전체_젓갈(육젓)_대표_평균		어패류 및 기타 수산물	1.1	70	12.4	100	R
새우류_젓새우_전체_젓갈(추젓)_대표_평균		어패류 및 기타 수산물	1.8	60	10.4	100	R
새우류_젓새우_전체_젓갈_대표_평균		어패류 및 기타 수산물	0	37	7.8	100	R
새우류_줄새우_육_생것_대표_평균		어패류 및 기타 수산물	1.1	91	17.8	100	R
새우류_줄새우_전체_생것_대표_평균		어패류 및 기타 수산물	1.9	92	15.2	100	R
새우류_중하_육_데쳐서 말린것_대표_평균		어패류 및 기타 수산물	2.9	300	54.4	100	R
새우류_중하_육_생것_부산_평균		어패류 및 기타 수산물	0.1	94	20.1	100	R
새우류_중하_육_젓갈_대표_평균		어패류 및 기타 수산물	0.3	98	15.8	100	R
새우류_중하_육_조미하여 말린것_대표_평균		어패류 및 기타 수산물	46.7	331	28.5	100	R
새우류_중하_육_통조림_대표_평균		어패류 및 기타 수산물	0.6	105	21.5	100	R
새우류_중하_전체_말린것_대표_평균		어패류 및 기타 수산물	3.8	273	49.4	100	R
새우류_흰다리새우_양식,육_생것_대표_평균		어패류 및 기타 수산물	0.4	101	21.9	100	R
새우류_흰다리새우_양식,육_생것_수입_평균		어패류 및 기타 수산물	0.1	97	21.3	100	R
새우류_흰다리새우_육_생것_대표_평균		어패류 및 기타 수산물	0	109	21.2	100	R
새조개_육_말린것_대표_평균		어패류 및 기타 수산물	5.2	325	61.1	100	R
새조개_육_조미하여 말린것_대표_평균		어패류 및 기타 수산물	7.9	333	57.9	100	R
서대류_각시서대_육_생것_여수_6월		어패류 및 기타 수산물	0.2	95	18.4	100	R
서대류_개서대_육_생것_여수_6월		어패류 및 기타 수산물	0	85	19.2	100	R
서대류_궁제기서대_육_생것_부산_3월		어패류 및 기타 수산물	0.1	91	18.9	100	R
서대류_참서대_육_생것_부산_5월		어패류 및 기타 수산물	0.5	84	18.6	100	R
서대류_참서대_육_소금에 절여 말린것_수입_8월		어패류 및 기타 수산물	0.6	107	22.5	100	R
석묵_석묵_줄기_말린것_대표_평균		해조류	63.9	148	9.6	100	R
성게류_보라성게_알_생것_대표_평균		어패류 및 기타 수산물	7.6	192	16.1	100	R
성게류_보라성게_알_젓갈_대표_평균		어패류 및 기타 수산물	7.3	159	18.3	100	R
성게류_보라성게_육_생것_대표_평균		어패류 및 기타 수산물	7.6	192	16.1	100	R
성게류_보라성게_육_생것_통영_평균		어패류 및 기타 수산물	7.2	115	10.7	100	R
성게류_보라성게_육_젓갈_대표_평균		어패류 및 기타 수산물	7.3	150	18.3	100	R
성게류_성게_알_젓갈_대표_평균		어패류 및 기타 수산물	13.4	115	9.2	100	R
성게류_성게_알_통조림_대표_평균		어패류 및 기타 수산물	8.9	138	14	100	R
성게류_성게_육_생것_대표_평균		어패류 및 기타 수산물	2	164	15.8	100	R
성게류_성게_육_젓갈_대표_평균		어패류 및 기타 수산물	4.4	142	21.4	100	R
성게류_성게_육_통조림_대표_평균		어패류 및 기타 수산물	8.9	153	14	100	R
성대류_별성대_육_생것_부산_평균		어패류 및 기타 수산물	0	91	19.3	100	R
세멸_육_볶은것_대표_평균		어패류 및 기타 수산물	26.2	380	31	100	R
소라류_소라_육_통조림_대표_평균		어패류 및 기타 수산물	10.9	137	19.6	100	R
소라류_참소라_내장_생것_거문도_평균		어패류 및 기타 수산물	5.2	91	11.9	100	R
소라류_참소라_내장_생것_포항_평균		어패류 및 기타 수산물	3.9	86	12.4	100	R
소라류_참소라_육_생것_거문도_평균		어패류 및 기타 수산물	2.3	103	20.8	100	R
소라류_참소라_육_생것_포항_평균		어패류 및 기타 수산물	1.7	100	20.4	100	R
소라류_참소라_전체_생것_거문도_평균		어패류 및 기타 수산물	3.2	93	16.3	100	R
소라류_참소라_전체_생것_포항_평균		어패류 및 기타 수산물	2.5	93	17.2	100	R
소멸_육_데쳐서 말린것_대표_평균		어패류 및 기타 수산물	0.9	239	42.4	100	R
송어류_무지개송어_육_구운것_대표_평균		어패류 및 기타 수산물	0	167	22.9	100	R
송어류_무지개송어_육_생것_대표_평균		어패류 및 기타 수산물	0.3	166	20.6	100	R
송어류_무지개송어_육_생것_동해_평균		어패류 및 기타 수산물	0.1	126	21.1	100	R
송어류_무지개송어_육_얼린것_대표_평균		어패류 및 기타 수산물	0.3	179	20	100	R
송어류_송어_알_생것_진안_평균		어패류 및 기타 수산물	4.5	199	26.8	100	R
송어류_송어_양식,전체_생것_수입_평균		어패류 및 기타 수산물	0	166	19	100	R
송어류_송어_양식,전체_조린것_수입_평균		어패류 및 기타 수산물	0	143	17	100	R
송어류_송어_양식,전체_튀긴것(튀김옷, 수분많은 반죽)_수입_평균		어패류 및 기타 수산물	3.2	207	20.1	100	R
송어류_송어_육_구운것_진안_평균		어패류 및 기타 수산물	0	170	28.4	100	R
송어류_송어_육_말린것_진안_평균		어패류 및 기타 수산물	1.8	461	72.5	100	R
송어류_송어_육_생것_진안_평균		어패류 및 기타 수산물	0	122	20.8	100	R
송어류_송어_육_소금에 절여 저장한것_대표_평균		어패류 및 기타 수산물	0.8	260	36	100	R
송어류_송어_육_젓갈_대표_평균		어패류 및 기타 수산물	0	156	24.8	100	R
송어류_송어_육_찐것_진안_평균		어패류 및 기타 수산물	0	155	25.8	100	R
송어류_송어_육_통조림_대표_평균		어패류 및 기타 수산물	0	152	18.2	100	R
송어류_송어_전체_생것_수입_평균		어패류 및 기타 수산물	3.2	175	19.7	100	R
송어류_송어_전체_조린것_수입_평균		어패류 및 기타 수산물	0	135	25	100	R
송어류_송어_전체_튀긴것_수입_평균		어패류 및 기타 수산물	0	117	22.4	100	R
수랑_육_생것_여수_5월		어패류 및 기타 수산물	2.9	86	15.9	100	R
순채_순채_줄기_생것_창원_5월		해조류	8.4	25	2.5	100	R
숭어류_가숭어_양식,육_생것_대표_평균		어패류 및 기타 수산물	0	171	22.5	100	R
숭어류_숭어_알_소금에 절여 말린것_대표_평균		어패류 및 기타 수산물	0.3	392	40.4	100	R
숭어류_숭어_양식,육_생것_대표_평균		어패류 및 기타 수산물	0	171	22.5	100	R
숭어류_숭어_육_구운것_대표_평균		어패류 및 기타 수산물	0	167	24.8	100	R
숭어류_숭어_육_생것_대표_평균		어패류 및 기타 수산물	0.4	119	21.7	100	R
쌍동가리_육_생것_부산_6월		어패류 및 기타 수산물	0	101	20.8	100	R
쌍뿔달재_육_생것_부산_4월		어패류 및 기타 수산물	0.1	75	16.9	100	R
쏘가리_육_구운것_진안_평균		어패류 및 기타 수산물	0.1	139	26.8	100	R
쏘가리_육_생것_금산_평균		어패류 및 기타 수산물	0	106	20.2	100	R
쏘가리_육_생것_대전_평균		어패류 및 기타 수산물	0	111	17.2	100	R
쏘가리_육_얼린것_대표_평균		어패류 및 기타 수산물	0.1	139	21.2	100	R
쏘가리_육_찐것_진안_평균		어패류 및 기타 수산물	0	125	24.4	100	R
쏙류_쏙_육_생것_보령_10월		어패류 및 기타 수산물	3.7	85	14.9	100	R
쏨뱅이류_고무꺽정이_육_생것_대표_평균		어패류 및 기타 수산물	0.5	78	16.9	100	R
쏨뱅이류_주먹물수베기_육_생것_대표_평균		어패류 및 기타 수산물	0	106	15.2	100	R
쑤기미_육_생것_여수_6월		어패류 및 기타 수산물	0.5	84	18.5	100	R
아귀류_아귀_육_생것_대표_평균		어패류 및 기타 수산물	0.5	63	14.1	100	R
애기청각_전체_생것_통영_3월		해조류	2.3	17	4.1	100	R
애꼬치_육_구운것_수입_평균		어패류 및 기타 수산물	0.1	149	23.3	100	R
애꼬치_육_생것_수입_평균		어패류 및 기타 수산물	0.1	152	18.9	100	R
앨퉁이_전체_생것_대표_5월		어패류 및 기타 수산물	0.1	158	18.2	100	R
앨퉁이_전체_생것_여수_4월		어패류 및 기타 수산물	0.2	166	19.4	100	R
양미리_육_말린것_대표_평균		어패류 및 기타 수산물	1.2	234	29.9	100	R
양태류_꽁지양태_육_생것_부산_4월		어패류 및 기타 수산물	0.6	78	16.5	100	R
양태류_눈양태_육_생것_부산_3월		어패류 및 기타 수산물	0.1	90	20.1	100	R
양태류_도화양태_육_생것_부산_4월		어패류 및 기타 수산물	0.3	77	16.9	100	R
양태류_돛양태_육_생것_강릉_6월		어패류 및 기타 수산물	0.6	81	18.5	100	R
양태류_양태_육_생것_부산_5월		어패류 및 기타 수산물	0.1	87	20	100	R
연어류_대서양연어_육_생것_대표_평균		어패류 및 기타 수산물	0	120	22.7	100	R
연어류_스틸레드연어_육_생것_대표_평균		어패류 및 기타 수산물	0	175	21.6	100	R
연어류_연어_알_생것_대표_평균		어패류 및 기타 수산물	0.8	250	25	100	R
연어류_연어_알_소금에 절여 저장한것_대표_평균		어패류 및 기타 수산물	3.4	257	27.3	100	R
연어류_연어_양식,전체_생것_수입(프랑스)_평균		어패류 및 기타 수산물	0	223	19.9	100	R
연어류_연어_육_생것_수입(노르웨이)_평균		어패류 및 기타 수산물	0	273	18.6	100	R
연어류_연어_육_생것_수입(뉴질랜드)_평균		어패류 및 기타 수산물	0	191	20.7	100	R
연어류_연어_육_약하게 소금에 절인것_대표_평균		어패류 및 기타 수산물	0.1	153	22.8	100	R
연어류_연어_육_조미한것을 구운것_대표_평균		어패류 및 기타 수산물	0.1	196	29.3	100	R
연어류_연어_육_통조림_대표_평균		어패류 및 기타 수산물	0.3	186	16.3	100	R
연어류_연어_육_훈제_대표_평균		어패류 및 기타 수산물	0.2	235	23.5	100	R
연어류_연어_육_훈제_통영_평균		어패류 및 기타 수산물	1.7	235	19.4	100	R
연어류_연어_전체_생것_수입(노르웨이)_평균		어패류 및 기타 수산물	0	182	19.7	100	R
연어류_연어_전체_조리예에 따라 조리한것_수입_평균		어패류 및 기타 수산물	0	205	23	100	R
연어류_연어_전체_조린것_수입_평균		어패류 및 기타 수산물	0	157	17.6	100	R
연어류_연어_전체_통조림_수입_평균		어패류 및 기타 수산물	1.5	180	20.5	100	R
연어류_연어_전체_훈제_수입(노르웨이)_평균		어패류 및 기타 수산물	0.9	178	22	100	R
연어류_연어_전체_훈제_수입(프랑스)_평균		어패류 및 기타 수산물	0	225	23.2	100	R
연어류_왕연어_양식,육_훈제_수입_평균		어패류 및 기타 수산물	0.5	253	21.9	100	R
연어류_은연어_육_생것_대표_평균		어패류 및 기타 수산물	0	106	22	100	R
연어류_홍연어_육_구운것_대표_평균		어패류 및 기타 수산물	0.1	181	28.5	100	R
연어류_홍연어_육_생것_대표_평균		어패류 및 기타 수산물	0.1	141	22.5	100	R
연어류_홍연어_육_통조림_수입_평균		어패류 및 기타 수산물	0	147	23.1	100	R
연어류_홍연어_육_훈제_대표_평균		어패류 및 기타 수산물	0.1	159	25.7	100	R
열쌍동가리_육_생것_부산_7월		어패류 및 기타 수산물	0.1	86	18.3	100	R
오분자기_육_생것_제주_12월		어패류 및 기타 수산물	4.6	95	13.3	100	R
오징어류_갈고리흰오징어_다리_생것_대표_평균		어패류 및 기타 수산물	0.6	65	12	100	R
오징어류_갈고리흰오징어_몸통_생것_대표_평균		어패류 및 기타 수산물	0.5	60	11.6	100	R
오징어류_살오징어_다리_구운것_남해_평균		어패류 및 기타 수산물	1.6	196	39.2	100	R
오징어류_살오징어_몸통_구운것_남해_평균		어패류 및 기타 수산물	0.9	181	36.5	100	R
오징어류_살오징어_전체_데친것_대표_평균		어패류 및 기타 수산물	0.1	113	23	100	R
오징어류_오징어_내장_젓갈_대표_평균		어패류 및 기타 수산물	5	109	16	100	R
오징어류_오징어_육_구운것_대표_평균		어패류 및 기타 수산물	0.1	120	23.6	100	R
오징어류_오징어_육_말린것_대표_평균		어패류 및 기타 수산물	0.2	352	67.8	100	R
오징어류_오징어_육_볶은것_대표_평균		어패류 및 기타 수산물	41.4	278	18.6	100	R
오징어류_오징어_육_생것_강릉_평균		어패류 및 기타 수산물	0	95	19.5	100	R
오징어류_오징어_육_생것_대표_평균		어패류 및 기타 수산물	0.2	104	18.8	100	R
오징어류_오징어_육_젓갈_대표_평균		어패류 및 기타 수산물	2	77	14.3	100	R
오징어류_오징어_육_조미하여 구운것_대표_평균		어패류 및 기타 수산물	26.6	333	40.1	100	R
오징어류_오징어_육_조미하여 말린것(포)_대표_평균		어패류 및 기타 수산물	0.4	311	63.5	100	R
오징어류_오징어_육_조미하여 말린것_대표_평균		어패류 및 기타 수산물	24.5	269	37.5	100	R
오징어류_오징어_육_조미훈제_대표_평균		어패류 및 기타 수산물	12.4	228	34.4	100	R
오징어류_오징어_육_튀긴것_대표_평균		어패류 및 기타 수산물	24.3	342	11.9	100	R
오징어류_오징어_육_튀긴것_수입_평균		어패류 및 기타 수산물	7.8	194	17.9	100	R
오징어류_오징어_전체_구운것_수입_평균		어패류 및 기타 수산물	0.5	81	16.6	100	R
오징어류_오징어_전체_말린것_수입(베트남)_평균		어패류 및 기타 수산물	2.5	291	60.1	100	R
오징어류_오징어_전체_말린것_수입(필리핀)_평균		어패류 및 기타 수산물	0	289	62.3	100	R
오징어류_오징어_전체_삶은것_수입_평균		어패류 및 기타 수산물	2	80	17.4	100	R
오징어류_오징어_전체_생것_수입(베트남)_평균		어패류 및 기타 수산물	1.1	72	14	100	R
오징어류_오징어_전체_생것_수입(스페인)_평균		어패류 및 기타 수산물	0	73	16.3	100	R
오징어류_오징어_전체_젓갈_대표_평균		어패류 및 기타 수산물	21.5	143	11.2	100	R
오징어류_오징어_전체_통조림_수입_평균		어패류 및 기타 수산물	0.5	89	17	100	R
오징어류_오징어_전체_튀긴것(튀김옷, 수분많은 반죽)_수입_평균		어패류 및 기타 수산물	5.3	185	20.7	100	R
오징어류_팔완향오징어_육_생것_대표_평균		어패류 및 기타 수산물	0.4	59	12.3	100	R
오징어류_한치_육_생것_대표_평균		어패류 및 기타 수산물	0.3	90	14.9	100	R
오징어류_화살오징어_전체_생것_수입_평균		어패류 및 기타 수산물	0.2	93	19.2	100	R
왕우럭조개_육_생것_부산_5월		어패류 및 기타 수산물	2.7	101	16.4	100	R
왕우렁이_양식,내장_생것_대표_평균		어패류 및 기타 수산물	10.3	109	10.6	100	R
왕우렁이_양식,전체_생것_대표_평균		어패류 및 기타 수산물	9.9	93	11	100	R
왕우렁이_전체_생것_진안_평균		어패류 및 기타 수산물	4.9	76	11.2	100	R
우럭_육_생것_부산_8월		어패류 및 기타 수산물	2.7	99	16.3	100	R
우뭇가사리류_가사리_전체_생것_통영_3월		해조류	8.1	27	4.3	100	R
우뭇가사리류_우뭇가사리_전체_우무(우뭇가사리를 끓여 굳힌것)_대표_평균		해조류	1.1	7	0.1	100	R
우뭇가사리류_우뭇가사리_줄기_생것_부산_6월		해조류	21.5	52	4.2	100	R
우뭇가사리류_우뭇가사리_줄기_우무(우뭇가사리를 끓여 굳힌것)_대표_평균		해조류	0.8	2	0.1	100	R
우뭇가사리류_우뭇가사리_줄기_한천(우무를 말린것)_대표_평균		해조류	74.6	154	2.3	100	R
웅어_육_생것_부산_7월		어패류 및 기타 수산물	0	169	15.9	100	R
은어_내장_구운것_대표_평균		어패류 및 기타 수산물	0.4	179	23	100	R
은어_내장_생것_대표_평균		어패류 및 기타 수산물	0.3	200	9.5	100	R
은어_내장_젓갈_대표_평균		어패류 및 기타 수산물	0.8	139	11.4	100	R
은어_양식,내장_구운것_대표_평균		어패류 및 기타 수산물	0.4	555	15.2	100	R
은어_양식,내장_생것_대표_평균		어패류 및 기타 수산물	0.3	538	7.4	100	R
은어_양식,육_구운것_대표_평균		어패류 및 기타 수산물	0.8	224	22.6	100	R
은어_양식,육_생것_대표_평균		어패류 및 기타 수산물	0.6	153	17.8	100	R
은어_육_구운것_대표_평균		어패류 및 기타 수산물	0.1	165	26.6	100	R
은어_육_생것_대구_평균		어패류 및 기타 수산물	0.2	114	16.7	100	R
임연수어_육_반정도 말린것_대표_평균		어패류 및 기타 수산물	0.1	179	20.6	100	R
임연수어_육_생것_대표_평균		어패류 및 기타 수산물	0	161	17.6	100	R
임연수어_육_생것_포항_평균		어패류 및 기타 수산물	0.5	152	19.6	100	R
임연수어_육_소금에 절여 저장한것_대표_평균		어패류 및 기타 수산물	0.2	220	17.6	100	R
잉어_내장_생것_대표_평균		어패류 및 기타 수산물	1.3	286	9	100	R
잉어_육_구운것_진안_평균		어패류 및 기타 수산물	0	128	27.6	100	R
잉어_육_삶은것_대표_평균		어패류 및 기타 수산물	0.2	211	19.2	100	R
잉어_육_생것_진안_평균		어패류 및 기타 수산물	0.3	85	18	100	R
잉어_육_찐것_진안_평균		어패류 및 기타 수산물	0.8	110	22.6	100	R
장갱이_육_생것_부산_6월		어패류 및 기타 수산물	0	90	19.1	100	R
장어류_갈창갯장어_육_생것_대표_평균		어패류 및 기타 수산물	0.3	125	19.1	100	R
장어류_갯장어_육_생것_진주_평균		어패류 및 기타 수산물	0.4	170	17.9	100	R
장어류_무태뱀장어_육_생것_진안_평균		어패류 및 기타 수산물	0.6	181	17.5	100	R
장어류_뱀장어_간_생것_대표_평균		어패류 및 기타 수산물	22.3	219	12.2	100	R
장어류_뱀장어_육_구운것_대표_평균		어패류 및 기타 수산물	0	262	23.6	100	R
장어류_뱀장어_육_생것_부산_평균		어패류 및 기타 수산물	0.3	223	14.4	100	R
장어류_뱀장어_육_조미하여 구운것_대표_평균		어패류 및 기타 수산물	0	276	30.4	100	R
장어류_붕장어_육_레토르트_대표_평균		어패류 및 기타 수산물	4.9	184	16.1	100	R
장어류_비콜라장어_육_생것_진안_평균		어패류 및 기타 수산물	2.7	200	15.6	100	R
장어류_자포뱀장어_육_생것_대표_평균		어패류 및 기타 수산물	0.1	287	15.8	100	R
장어류_자포뱀장어_육_생것_진안_평균		어패류 및 기타 수산물	8	234	15.8	100	R
장어류_칠성장어_육_말린것_대표_평균		어패류 및 기타 수산물	0.5	461	33.3	100	R
장어류_칠성장어_육_생것_대표_평균		어패류 및 기타 수산물	0.3	287	21	100	R
재첩_육_생것_부산_평균		어패류 및 기타 수산물	5.8	94	12.5	100	R
전갱이_육_조미하여 반정도 말린것_대표_평균		어패류 및 기타 수산물	0.1	167	20.2	100	R
전갱이류_전갱이(치어)_육_생것_부산_평균		어패류 및 기타 수산물	0.3	99	19.9	100	R
전갱이류_전갱이_육_구운것_대표_평균		어패류 및 기타 수산물	0.1	174	25.9	100	R
전갱이류_전갱이_육_삶은것_대표_평균		어패류 및 기타 수산물	0.1	151	22.4	100	R
전갱이류_전갱이_육_생것_대표_평균		어패류 및 기타 수산물	0.1	148	20.7	100	R
전갱이류_전갱이_육_소금에 절여 말린것_대표_평균		어패류 및 기타 수산물	0.7	262	46	100	R
전갱이류_전갱이_육_조미통조림_대표_평균		어패류 및 기타 수산물	17.9	145	14.7	100	R
전복류_북방전복(참전복)_양식,내장_생것_대표_평균		어패류 및 기타 수산물	2.6	125	16.1	100	R
전복류_전복_내장_생것_대표_평균		어패류 및 기타 수산물	0	167	18.5	100	R
전복류_전복_양식,내장_생것_대표_평균		어패류 및 기타 수산물	4.1	85	15.3	100	R
전복류_전복_양식,육_생것_대표_평균		어패류 및 기타 수산물	2.7	84	10.7	100	R
전복류_전복_육_말린것_대표_평균		어패류 및 기타 수산물	2.3	282	56	100	R
전복류_전복_육_젓갈_대표_평균		어패류 및 기타 수산물	1	107	12.2	100	R
전복류_전복_육_조미통조림_대표_평균		어패류 및 기타 수산물	17.9	145	14.7	100	R
전복류_전복_육_통조림_대표_평균		어패류 및 기타 수산물	7.3	107	16.3	100	R
전복류_전복_육_튀긴것_대표_평균		어패류 및 기타 수산물	11.1	210	19.6	100	R
전어_양식,육_생것_대표_평균		어패류 및 기타 수산물	0	206	19.6	100	R
전어_육_젓갈_대표_평균		어패류 및 기타 수산물	0.5	130	15.3	100	R
점줄우럭_육_구운것_대표_평균		어패류 및 기타 수산물	0	131	24.8	100	R
점줄우럭_육_생것_대표_평균		어패류 및 기타 수산물	0.1	111	19.3	100	R
접시조개(비단조개)_육_생것_부산_9월		어패류 및 기타 수산물	3	68	11.9	100	R
정어리_육_구운것_대표_평균		어패류 및 기타 수산물	0.2	221	25.3	100	R
정어리_육_기름담금 통조림_대표_평균		어패류 및 기타 수산물	0.3	297	21.7	100	R
정어리_육_말린것_대표_평균		어패류 및 기타 수산물	0.6	371	45.6	100	R
정어리_육_삶아서 말린것_대표_평균		어패류 및 기타 수산물	0.1	125	24.5	100	R
정어리_육_삶은것_대표_평균		어패류 및 기타 수산물	0.2	202	22.4	100	R
정어리_육_생것_부산_평균		어패류 및 기타 수산물	0.2	171	20	100	R
정어리_육_소금에 절여 말린것_대표_평균		어패류 및 기타 수산물	0.5	209	29.6	100	R
정어리_육_소금에 절여 저장한것_대표_평균		어패류 및 기타 수산물	0.2	170	23.3	100	R
정어리_육_조미통조림_대표_평균		어패류 및 기타 수산물	0.4	134	16.5	100	R
정어리_육_통조림_대표_평균		어패류 및 기타 수산물	0.3	135	19.3	100	R
정어리_전체_생것_부산_평균		어패류 및 기타 수산물	0.1	179	17.5	100	R
조기류_긴가이석태_육_생것_수입_평균		어패류 및 기타 수산물	0	86	18.8	100	R
조기류_참조기_육_생것_대표_평균		어패류 및 기타 수산물	0	131	19	100	R
조기류_참조기_육_생것_수입_평균		어패류 및 기타 수산물	0	95	17.2	100	R
조기류_참조기_육_소금에 절여 말린것_대표_평균		어패류 및 기타 수산물	0	151	18.1	100	R
종어_육_생것_진안_평균		어패류 및 기타 수산물	0	74	15.8	100	R
준치_육_생것_부산_4월		어패류 및 기타 수산물	0	129	20.1	100	R
중멸_육_데쳐서 말린것_대표_평균		어패류 및 기타 수산물	4.8	232	38.9	100	R
쥐치류_말쥐치_육_생것_대표_평균		어패류 및 기타 수산물	0	161	17.3	100	R
쥐치류_말쥐치_육_조미하여 말린것(포)_대표_평균		어패류 및 기타 수산물	34.3	346	38.7	100	R
쥐치류_쥐치_육_말린것(포)_대표_평균		어패류 및 기타 수산물	34.3	376	41.8	100	R
쥐치류_쥐치_육_생것_대표_평균		어패류 및 기타 수산물	0	83	18.6	100	R
쥐치류_쥐치_육_조미하여 말린것(포)_대표_평균		어패류 및 기타 수산물	56.6	352	26.7	100	R
지누아릿과류_개도박_전체_생것_통영_3월		해조류	5.1	16	2.4	100	R
지누아릿과류_도박_전체_생것_포항_3월		해조류	13.6	39	4.8	100	R
지누아릿과류_참개도박_전체_생것_통영_3월		해조류	16.1	48	6.6	100	R
진두발_육_말린것_대표_평균		해조류	53.5	66	2.5	100	R
진두발_전체_생것_포항_3월		해조류	15.2	43	4.9	100	R
진주조개_육_생것_진주_12월		어패류 및 기타 수산물	1.1	56	10.1	100	R
참마자_육_생것_경기_12월		어패류 및 기타 수산물	0.3	90	17.7	100	R
청각_전체_생것_대표_평균		해조류	3.3	10	0.9	100	R
청각_줄기_말린것_대표_평균		해조류	52.8	137	13.8	100	R
청각_줄기_생것_부산_5월		해조류	1.6	8	1.4	100	R
청멸_전체_말린것_남해_평균		어패류 및 기타 수산물	0.2	544	46.6	100	R
청어_알_말린것_대표_평균		어패류 및 기타 수산물	0.5	397	65.2	100	R
청어_알_생것_대표_평균		어패류 및 기타 수산물	0.5	113	19.6	100	R
청어_알_소금에 절여 저장한것_대표_평균		어패류 및 기타 수산물	0.6	89	15	100	R
청어_육_말린것_대표_평균		어패류 및 기타 수산물	1	464	44.5	100	R
청어_육_삶아서 말린것_대표_평균		어패류 및 기타 수산물	0	137	18.7	100	R
청어_육_소금에 절여 저장한것_대표_평균		어패류 및 기타 수산물	0.2	176	17.5	100	R
청어_육_얼려서 말린것_사천_평균		어패류 및 기타 수산물	1.3	371	35.2	100	R
초어_육_생것_창원_평균		어패류 및 기타 수산물	0.2	89	17.1	100	R
코끼리조개_전체_생것_여수_평균		어패류 및 기타 수산물	9.5	103	12.6	100	R
크릴류_크릴_육_생것_대표_평균		어패류 및 기타 수산물	0.2	76	12.1	100	R
크릴류_크릴_육_페이스트_대표_평균		어패류 및 기타 수산물	2	130	16.5	100	R
큰구슬우렁이(골뱅이)_육_통조림_대표_평균		어패류 및 기타 수산물	9	119	18.1	100	R
큰논우렁이_육_생것_창원_평균		어패류 및 기타 수산물	4.9	71	9.8	100	R
클로렐라_육_말린것_대표_평균		해조류	25.7	97	45.3	100	R
키조개_육_구운것_여수_평균		어패류 및 기타 수산물	4.1	170	24.8	100	R
키조개_전체_생것_여수_평균		어패류 및 기타 수산물	0.8	57	10.3	100	R
톳_전체_말린것_대표_평균		해조류	42.5	102	7.3	100	R
톳_전체_말린것_여수_평균		해조류	42.2	116	12.8	100	R
톳_전체_말린것_완도_평균		해조류	40.3	116	13.9	100	R
톳_전체_생것_남해_평균		해조류	6.6	20	1.6	100	R
톳_전체_생것_대표_9월		어패류 및 기타 수산물	23	124	5.1	100	R
톳_전체_생것_여수_평균		해조류	6.8	18	1.5	100	R
톳_전체_생것_완도_평균		해조류	6.5	18	1.7	100	R
톳_전체_생것_통영_3월		해조류	5.8	16	1.3	100	R
톳_줄기_데친것_대표_평균		해조류	13.5	35	2.7	100	R
톳_줄기_말린것_대표_평균		해조류	32	81	6.6	100	R
톳_줄기_삶아서 말린것_대표_평균		해조류	59.7	135	6.2	100	R
톳_줄기_생것_대표_평균		해조류	5	16	1.9	100	R
통구멍류_얼룩통구멍_육_생것_부산_5월		어패류 및 기타 수산물	0	82	18.2	100	R
통구멍류_푸렁통구멍_육_생것_부산_5월		어패류 및 기타 수산물	0.2	76	17.4	100	R
통치_육_생것_부산_6월		어패류 및 기타 수산물	0.1	138	20	100	R
투라치_육_생것_부산_6월		어패류 및 기타 수산물	0.5	79	18.1	100	R
틸라피아_육_구운것_진안_평균		어패류 및 기타 수산물	0	144	28.4	100	R
틸라피아_육_생것_진안_평균		어패류 및 기타 수산물	0.2	97	20.2	100	R
틸라피아_육_생것_춘천_평균		어패류 및 기타 수산물	0.2	126	19.3	100	R
틸라피아_육_찐것_진안_평균		어패류 및 기타 수산물	0.2	127	24.4	100	R
파래류_가시파래_전체_말린것_완도_평균		해조류	57.5	161	18.8	100	R
파래류_가시파래_전체_생것_대표_평균		해조류	4.9	17	2.7	100	R
파래류_가시파래_전체_생것_완도_평균		해조류	4.3	11	0.7	100	R
파래류_가시파래_줄기_말린것_부산_3월		해조류	46.5	136	20	100	R
파래류_갈파래_줄기_말린것_대표_평균		해조류	40.1	143	23.1	100	R
파래류_납작파래_줄기_생것_대표_평균		해조류	3.5	17	3.3	100	R
파래류_잎파래_전체_데친것_대표_평균		해조류	3.8	16	3	100	R
파래류_잎파래_전체_생것_해남_평균		해조류	6	23	5	100	R
파래류_창자파래_줄기_말린것_대표_평균		해조류	45.8	158	23.6	100	R
파래류_파래_전체_말린것_완도_평균		해조류	45.6	165	31.2	100	R
파래류_파래_전체_생것_완도_평균		해조류	5.1	19	3.8	100	R
파래류_파래_전체_생것_통영_3월		해조류	8.4	24	2.9	100	R
파래류_파래_줄기_말린것_대표_평균		해조류	41.7	223	22.1	100	R
파래류_파래_줄기_생것_대표_평균		해조류	3	12	2.2	100	R
펄조개(뻘조개)_육_생것_대구_10월		어패류 및 기타 수산물	6	74	9.4	100	R
풀가사리류_불등풀가사리_줄기_말린것_부산_2월		해조류	58	152	16.5	100	R
풀반지_육_생것_부산_5월		어패류 및 기타 수산물	0.2	167	16.9	100	R
풀반지_전체_생것_동해EEZ_2월		어패류 및 기타 수산물	1.1	97	17.2	100	R
피라미_육_생것_경기_12월		어패류 및 기타 수산물	0.2	105	18.5	100	R
학공치_육_조미하여 말린것_대표_평균		어패류 및 기타 수산물	17.7	361	59.1	100	R
해면류_붉은해면_육_생것_포항_3월		어패류 및 기타 수산물	2.5	29	3.3	100	R
해면류_예쁜이해면_전체_생것_통영_3월		어패류 및 기타 수산물	0	42	8.9	100	R
해면류_해면_전체_생것_통영_3월		어패류 및 기타 수산물	0.5	14	2.4	100	R
해면류_호박해면_육_생것_포항_3월		어패류 및 기타 수산물	1.6	35	5.2	100	R
해삼_내장_젓갈_대표_평균		어패류 및 기타 수산물	0.8	45	7.7	100	R
해삼_육_말린것_대표_평균		어패류 및 기타 수산물	3	348	77.6	100	R
해삼_육_생것_대표_평균		어패류 및 기타 수산물	0.8	25	4.4	100	R
해삼_육_소금에 절여 저장한것_대표_평균		어패류 및 기타 수산물	2.4	38	4.9	100	R
해삼_육_젓갈_대표_평균		어패류 및 기타 수산물	2.5	36	5.5	100	R
해파리류_해파리_육_삶은것에 소금을 가한것_대표_평균		어패류 및 기타 수산물	1.8	23	3.4	100	R
해파리류_해파리_육_생것_대표_평균		어패류 및 기타 수산물	0.1	6	1.3	100	R
해파리류_해파리_육_소금에 절여 저장한것_대표_평균		어패류 및 기타 수산물	2.4	35	4.9	100	R
향어(이스라엘잉어)_육_생것_대청댐_평균		어패류 및 기타 수산물	0.3	178	16.8	100	R
향어(이스라엘잉어)_육_생것_대표_평균		어패류 및 기타 수산물	0.1	175	18.4	100	R
향어(이스라엘잉어)_육_생것_진안_평균		어패류 및 기타 수산물	1.1	203	17	100	R
홍어류_홍어_육_생것_인천_평균		어패류 및 기타 수산물	0	87	19.6	100	R
홍치_육_생것_부산_10월		어패류 및 기타 수산물	0.1	93	18.9	100	R
홍합류_지중해담치_육_구운것_여수_평균		어패류 및 기타 수산물	6.2	136	18.7	100	R
홍합류_지중해담치_육_찐것_여수_평균		어패류 및 기타 수산물	9.7	146	23.8	100	R
홍합류_지중해담치_전체_생것_여수_평균		어패류 및 기타 수산물	6.3	86	10.7	100	R
홍합류_진주담치_양식,육_생것_대표_평균		어패류 및 기타 수산물	5.4	86	11.3	100	R
홍합류_진주담치_양식,육_생것_충무_평균		어패류 및 기타 수산물	4.4	84	11.9	100	R
홍합류_진주담치_육_구운것_대표_평균		어패류 및 기타 수산물	7.4	191	23.8	100	R
홍합류_진주담치_육_생것_충무_평균		어패류 및 기타 수산물	5.1	75	10.3	100	R
홍합류_참담치(홍합)_육_삶아서 말린것_대표_평균		어패류 및 기타 수산물	14.1	391	56.1	100	R
홍합류_참담치(홍합)_육_삶은것_수입_평균		어패류 및 기타 수산물	5.5	110	15.9	100	R
홍합류_참담치(홍합)_육_생것_대표_평균		어패류 및 기타 수산물	3.1	91	13.8	100	R
홍합류_참담치(홍합)_육_생것_수입_평균		어패류 및 기타 수산물	3.9	74	10.7	100	R
홍합류_참담치(홍합)_육_통조림_대표_평균		어패류 및 기타 수산물	1.3	99	15.8	100	R
홑파래류_참홑파래_줄기_말린것_대표_평균		해조류	53.2	146	17.2	100	R
황어_육_생것_부산_11월		어패류 및 기타 수산물	0.2	95	18.3	100	R
횟대류_대구횟대_육_생것_대표_평균		어패류 및 기타 수산물	0.5	93	19.5	100	R
횟대류_도치_육_생것_대표_평균		어패류 및 기타 수산물	0.9	69	7.2	100	R
횟대류_도치_육_소금에 절여 말린것_대표_평균		어패류 및 기타 수산물	0.2	313	44.8	100	R
히메치_육_생것_부산_7월		어패류 및 기타 수산물	0	99	20.9	100	R
